product,channel,gap_start_utc,gap_end_utc,gap_seconds
M1,C02,2022-08-10T18:52:25+00:00,2022-08-10T19:22:25+00:00,1800
M1,C02,2022-08-15T21:20:28+00:00,2022-08-15T21:52:25+00:00,1917
M1,C02,2022-08-17T18:59:24+00:00,2022-08-17T19:22:24+00:00,1380
M1,C02,2022-08-21T18:59:24+00:00,2022-08-21T19:22:24+00:00,1380
M1,C02,2022-08-24T13:24:25+00:00,2022-08-24T13:52:25+00:00,1680
M1,C02,2022-08-25T11:52:25+00:00,2022-08-25T12:24:25+00:00,1920
M1,C02,2022-08-25T18:54:24+00:00,2022-08-25T19:24:24+00:00,1800
M1,C02,2022-08-26T18:37:25+00:00,2022-08-26T19:22:25+00:00,2700
M1,C02,2022-08-29T16:28:24+00:00,2022-08-29T17:05:29+00:00,2225
M1,C02,2022-08-29T17:05:29+00:00,2022-08-29T17:52:24+00:00,2815
M1,C02,2022-08-29T18:54:24+00:00,2022-08-29T19:24:24+00:00,1800
M1,C02,2022-08-29T19:24:24+00:00,2022-08-29T19:52:24+00:00,1680
M1,C02,2022-09-02T14:59:25+00:00,2022-09-02T15:22:26+00:00,1381
M1,C02,2022-09-02T18:59:24+00:00,2022-09-02T19:22:24+00:00,1380
M1,C02,2022-09-05T09:13:27+00:00,2022-09-05T09:37:25+00:00,1438
M1,C02,2022-09-06T14:59:25+00:00,2022-09-06T15:22:26+00:00,1381
M1,C02,2022-09-06T18:59:24+00:00,2022-09-06T19:22:24+00:00,1380
M1,C02,2022-09-06T20:52:24+00:00,2022-09-06T21:22:24+00:00,1800
M1,C02,2022-09-07T16:24:25+00:00,2022-09-07T16:52:25+00:00,1680
M1,C02,2022-09-08T15:54:25+00:00,2022-10-13T16:24:25+00:00,3025800
M1,C02,2022-10-13T20:24:25+00:00,2022-10-13T20:52:25+00:00,1680
M1,C02,2022-10-14T18:59:24+00:00,2022-10-14T19:22:24+00:00,1380
M1,C02,2022-10-17T02:14:25+00:00,2022-10-17T02:52:25+00:00,2280
M1,C02,2022-10-18T15:24:25+00:00,2022-10-18T15:52:25+00:00,1680
M1,C02,2022-10-20T18:59:24+00:00,2022-10-20T19:22:24+00:00,1380
M1,C02,2022-10-26T18:59:24+00:00,2022-10-26T19:22:24+00:00,1380
M1,C02,2022-10-31T21:24:25+00:00,2022-10-31T21:52:25+00:00,1680
M1,C02,2022-11-01T18:59:24+00:00,2022-11-01T19:22:24+00:00,1380
M1,C02,2022-11-07T18:59:24+00:00,2022-11-07T19:22:24+00:00,1380
M1,C02,2022-11-07T19:50:27+00:00,2022-11-08T01:36:24+00:00,20757
M1,C02,2022-11-14T18:59:24+00:00,2022-11-14T19:22:24+00:00,1380
M1,C02,2022-11-15T15:52:25+00:00,2022-11-15T16:24:25+00:00,1920
M1,C02,2022-11-15T20:24:25+00:00,2022-11-15T20:52:25+00:00,1680
M1,C02,2022-11-16T16:52:25+00:00,2023-01-04T18:37:25+00:00,4239900
M1,C02,2023-01-09T18:59:24+00:00,2023-01-09T19:22:24+00:00,1380
M1,C02,2023-01-11T20:52:25+00:00,2023-01-11T21:24:25+00:00,1920
M1,C02,2023-01-19T18:59:26+00:00,2023-01-19T19:22:26+00:00,1380
M1,C02,2023-01-24T18:22:25+00:00,2023-01-24T18:54:25+00:00,1920
M1,C02,2023-01-24T19:24:25+00:00,2023-01-24T19:52:25+00:00,1680
M1,C02,2023-01-26T19:07:25+00:00,2023-01-26T19:37:25+00:00,1800
M1,C02,2023-01-28T02:37:26+00:00,2023-01-28T03:07:26+00:00,1800
M1,C02,2023-01-29T18:59:24+00:00,2023-01-29T19:22:24+00:00,1380
M1,C02,2023-02-04T14:07:25+00:00,2023-02-04T14:37:25+00:00,1800
M1,C02,2023-02-05T07:07:25+00:00,2023-02-05T07:37:25+00:00,1800
M1,C02,2023-02-05T08:37:25+00:00,2023-02-05T09:07:25+00:00,1800
M1,C02,2023-02-05T10:07:25+00:00,2023-02-05T10:37:25+00:00,1800
M1,C02,2023-02-05T10:37:25+00:00,2023-02-05T11:07:25+00:00,1800
M1,C02,2023-02-05T11:07:25+00:00,2023-02-05T11:37:25+00:00,1800
M1,C02,2023-02-05T11:52:25+00:00,2023-02-05T12:22:25+00:00,1800
M1,C02,2023-02-05T17:37:25+00:00,2023-02-05T18:07:25+00:00,1800
M1,C02,2023-02-05T18:37:25+00:00,2023-02-05T19:07:25+00:00,1800
M1,C02,2023-02-06T07:07:26+00:00,2023-02-06T07:37:26+00:00,1800
M1,C02,2023-02-06T10:07:26+00:00,2023-02-06T10:37:26+00:00,1800
M1,C02,2023-02-06T10:37:26+00:00,2023-02-06T11:07:26+00:00,1800
M1,C02,2023-02-06T13:37:26+00:00,2023-02-06T14:07:26+00:00,1800
M1,C02,2023-02-06T14:22:26+00:00,2023-02-06T14:52:26+00:00,1800
M1,C02,2023-02-07T11:22:26+00:00,2023-02-07T12:07:26+00:00,2700
M1,C02,2023-02-07T19:07:26+00:00,2023-02-07T19:37:26+00:00,1800
M1,C02,2023-02-07T20:07:26+00:00,2023-02-07T20:37:26+00:00,1800
M1,C02,2023-02-07T22:37:26+00:00,2023-02-07T23:07:26+00:00,1800
M1,C02,2023-02-08T03:37:26+00:00,2023-02-08T04:07:26+00:00,1800
M1,C02,2023-02-09T02:07:26+00:00,2023-02-09T02:37:26+00:00,1800
M1,C02,2023-02-09T10:07:26+00:00,2023-02-09T10:37:26+00:00,1800
M1,C02,2023-02-09T11:07:26+00:00,2023-02-09T11:37:26+00:00,1800
M1,C02,2023-02-09T11:52:26+00:00,2023-02-09T12:22:26+00:00,1800
M1,C02,2023-02-09T16:07:24+00:00,2023-02-09T16:37:24+00:00,1800
M1,C02,2023-02-09T17:07:24+00:00,2023-02-09T17:37:24+00:00,1800
M1,C02,2023-02-09T18:59:24+00:00,2023-02-09T19:22:24+00:00,1380
M1,C02,2023-02-09T19:37:24+00:00,2023-02-09T20:07:24+00:00,1800
M1,C02,2023-02-14T06:07:25+00:00,2023-02-14T06:37:25+00:00,1800
M1,C02,2023-02-14T14:07:25+00:00,2023-02-14T14:37:25+00:00,1800
M1,C02,2023-02-17T04:07:26+00:00,2023-02-17T04:37:26+00:00,1800
M1,C02,2023-02-18T19:37:26+00:00,2023-02-18T20:07:26+00:00,1800
M1,C02,2023-02-20T19:07:26+00:00,2023-02-20T20:37:26+00:00,5400
M1,C02,2023-02-21T18:59:24+00:00,2023-02-21T19:22:24+00:00,1380
M1,C02,2023-02-24T14:07:25+00:00,2023-02-24T14:37:25+00:00,1800
M1,C02,2023-02-27T19:24:25+00:00,2023-02-27T19:54:25+00:00,1800
M1,C02,2023-02-28T21:07:25+00:00,2023-02-28T21:52:25+00:00,2700
M1,C02,2023-03-01T18:00:29+00:00,2023-03-01T18:37:26+00:00,2217
M1,C02,2023-03-02T21:07:26+00:00,2023-03-02T21:52:26+00:00,2700
M1,C02,2023-03-03T21:07:26+00:00,2023-03-03T21:52:26+00:00,2700
M1,C02,2023-03-04T21:07:26+00:00,2023-03-04T21:52:26+00:00,2700
M1,C02,2023-03-05T21:07:26+00:00,2023-03-05T21:52:26+00:00,2700
M1,C02,2023-03-06T15:37:26+00:00,2023-03-06T17:22:24+00:00,6298
M1,C02,2023-03-06T18:59:24+00:00,2023-03-06T19:22:24+00:00,1380
M1,C02,2023-03-06T21:07:24+00:00,2023-03-06T21:52:24+00:00,2700
M1,C02,2023-03-07T21:06:25+00:00,2023-03-07T21:54:25+00:00,2880
M1,C02,2023-03-08T16:27:25+00:00,2023-03-08T17:37:25+00:00,4200
M1,C02,2023-03-08T21:07:25+00:00,2023-03-08T21:51:55+00:00,2670
M1,C02,2023-03-09T21:06:55+00:00,2023-03-09T21:51:55+00:00,2700
M1,C02,2023-03-10T21:06:55+00:00,2023-03-10T21:51:55+00:00,2700
M1,C02,2023-03-11T21:06:55+00:00,2023-03-11T21:36:55+00:00,1800
M1,C02,2023-03-12T21:06:55+00:00,2023-03-12T21:51:55+00:00,2700
M1,C02,2023-03-13T21:06:56+00:00,2023-03-13T21:36:56+00:00,1800
M1,C02,2023-03-13T21:36:56+00:00,2023-03-13T22:06:56+00:00,1800
M1,C02,2023-03-15T21:06:56+00:00,2023-03-15T21:51:56+00:00,2700
M1,C02,2023-03-16T12:51:56+00:00,2023-03-16T13:24:56+00:00,1980
M1,C02,2023-03-16T21:06:56+00:00,2023-03-16T21:36:56+00:00,1800
M1,C02,2023-03-17T12:51:56+00:00,2023-03-17T13:21:56+00:00,1800
M1,C02,2023-03-18T21:06:56+00:00,2023-03-18T21:36:56+00:00,1800
M1,C02,2023-03-20T21:07:25+00:00,2023-03-20T21:37:25+00:00,1800
M1,C02,2023-03-23T21:07:25+00:00,2023-03-23T21:37:25+00:00,1800
M1,C02,2023-03-24T08:07:25+00:00,2023-03-24T08:37:25+00:00,1800
M1,C02,2023-03-29T16:07:26+00:00,2023-03-29T16:37:26+00:00,1800
M1,C02,2023-03-31T15:22:26+00:00,2023-04-10T06:37:26+00:00,832500
M1,C02,2023-04-11T18:24:26+00:00,2023-04-11T19:06:24+00:00,2518
M1,C02,2023-04-11T20:06:24+00:00,2023-04-11T20:37:24+00:00,1860
M1,C02,2023-04-17T14:59:25+00:00,2023-04-17T15:22:26+00:00,1381
M1,C02,2023-04-17T22:37:24+00:00,2023-04-18T19:52:25+00:00,76501
M1,C02,2023-04-22T19:52:25+00:00,2023-04-22T20:22:25+00:00,1800
M1,C02,2023-04-29T14:59:26+00:00,2023-04-29T15:22:26+00:00,1380
M1,C02,2023-04-29T18:59:24+00:00,2023-04-29T19:22:24+00:00,1380
M1,C02,2023-05-02T12:10:28+00:00,2023-05-02T14:52:25+00:00,9717
M1,C02,2023-05-04T14:37:25+00:00,2023-05-04T15:07:25+00:00,1800
M1,C02,2023-05-13T14:59:27+00:00,2023-05-13T15:22:26+00:00,1379
M1,C02,2023-05-27T14:59:27+00:00,2023-05-27T15:22:26+00:00,1379
M1,C02,2023-05-31T12:52:25+00:00,2023-05-31T13:24:25+00:00,1920
M1,C02,2023-06-05T11:52:26+00:00,2023-06-05T12:24:26+00:00,1920
M1,C02,2023-06-07T14:59:27+00:00,2023-06-07T15:22:26+00:00,1379
M1,C02,2023-06-12T05:22:25+00:00,2023-06-12T05:52:25+00:00,1800
M1,C02,2023-06-12T07:37:25+00:00,2023-06-12T08:07:25+00:00,1800
M1,C02,2023-06-16T16:24:26+00:00,2023-06-16T16:52:26+00:00,1680
M1,C02,2023-06-17T13:22:26+00:00,2023-06-21T21:22:27+00:00,374401
M1,C02,2023-06-25T13:22:25+00:00,2023-06-25T14:22:25+00:00,3600
M1,C02,2023-07-01T21:06:26+00:00,2023-07-01T21:37:26+00:00,1860
M1,C02,2023-07-04T05:37:27+00:00,2023-07-04T06:06:27+00:00,1740
M1,C02,2023-07-06T18:06:27+00:00,2023-07-06T18:37:27+00:00,1860
M1,C02,2023-07-06T19:06:27+00:00,2023-07-06T19:37:27+00:00,1860
M1,C02,2023-07-06T21:37:27+00:00,2023-07-06T22:06:27+00:00,1740
M1,C02,2023-07-07T18:37:24+00:00,2023-07-07T19:07:24+00:00,1800
M1,C02,2023-07-08T17:52:24+00:00,2023-07-08T18:22:24+00:00,1800
M1,C02,2023-07-08T22:52:24+00:00,2023-07-08T23:22:24+00:00,1800
M1,C02,2023-07-11T12:22:25+00:00,2023-07-11T12:54:25+00:00,1920
M1,C02,2023-07-11T21:24:25+00:00,2023-07-11T21:52:25+00:00,1680
M1,C02,2023-07-15T01:37:26+00:00,2023-07-15T02:07:26+00:00,1800
M1,C02,2023-07-18T18:37:26+00:00,2023-07-18T19:07:26+00:00,1800
M1,C02,2023-07-20T13:22:27+00:00,2023-07-20T13:52:27+00:00,1800
M1,C02,2023-07-22T18:59:24+00:00,2023-07-22T19:22:24+00:00,1380
M1,C02,2023-07-24T21:24:25+00:00,2023-07-24T21:52:25+00:00,1680
M1,C02,2023-07-25T18:24:25+00:00,2023-07-25T18:52:25+00:00,1680
M1,C02,2023-07-26T12:52:25+00:00,2023-07-26T13:24:25+00:00,1920
M1,C02,2023-07-27T16:22:25+00:00,2023-07-27T16:52:25+00:00,1800
M1,C02,2023-07-27T17:37:25+00:00,2023-07-27T18:52:25+00:00,4500
M1,C02,2023-07-29T23:52:26+00:00,2023-07-30T00:22:26+00:00,1800
M1,C02,2023-07-31T16:52:26+00:00,2023-07-31T17:22:26+00:00,1800
M1,C02,2023-08-01T12:22:26+00:00,2023-08-01T12:54:26+00:00,1920
M1,C02,2023-08-01T12:54:26+00:00,2023-08-01T13:24:26+00:00,1800
M1,C02,2023-08-01T16:24:26+00:00,2023-08-01T16:54:26+00:00,1800
M1,C02,2023-08-04T14:40:29+00:00,2023-08-04T16:07:27+00:00,5218
M1,C02,2023-08-14T12:22:26+00:00,2023-08-14T12:54:26+00:00,1920
M1,C02,2023-08-14T20:54:26+00:00,2023-08-14T21:24:26+00:00,1800
M1,C02,2023-08-16T01:24:26+00:00,2023-08-16T01:52:26+00:00,1680
M1,C02,2023-08-16T14:22:26+00:00,2023-08-16T14:54:26+00:00,1920
M1,C02,2023-08-20T10:52:24+00:00,2023-08-20T11:22:25+00:00,1801
M1,C02,2023-08-20T12:37:25+00:00,2023-08-20T13:37:25+00:00,3600
M1,C02,2023-08-20T18:37:25+00:00,2023-08-23T00:22:25+00:00,193500
M1,C02,2023-08-23T14:37:25+00:00,2023-08-23T15:06:25+00:00,1740
M1,C02,2023-08-23T15:37:25+00:00,2023-08-23T16:06:25+00:00,1740
M1,C02,2023-09-04T14:59:25+00:00,2023-09-04T15:22:26+00:00,1381
M1,C02,2023-09-11T18:57:25+00:00,2023-09-11T20:37:25+00:00,6000
M1,C02,2023-09-14T09:22:26+00:00,2023-09-14T23:52:26+00:00,52200
M1,C02,2023-09-15T09:22:26+00:00,2023-09-27T01:37:26+00:00,1008900
M1,C02,2023-09-27T20:37:26+00:00,2023-09-27T21:22:26+00:00,2700
M1,C02,2023-09-28T20:37:26+00:00,2023-09-28T21:22:26+00:00,2700
M1,C02,2023-09-29T20:52:26+00:00,2023-09-29T21:22:26+00:00,1800
M1,C02,2023-09-30T20:37:24+00:00,2023-09-30T21:22:24+00:00,2700
M1,C02,2023-10-01T15:07:25+00:00,2023-10-04T22:52:25+00:00,287100
M1,C02,2023-10-05T20:37:25+00:00,2023-10-05T21:22:25+00:00,2700
M1,C02,2023-10-06T20:37:25+00:00,2023-10-06T21:22:25+00:00,2700
M1,C02,2023-10-07T20:37:25+00:00,2023-10-07T21:22:25+00:00,2700
M1,C02,2023-10-08T20:37:25+00:00,2023-10-08T21:22:25+00:00,2700
M1,C02,2023-10-09T20:37:26+00:00,2023-10-09T21:22:26+00:00,2700
M1,C02,2023-10-10T20:37:26+00:00,2023-10-10T21:22:26+00:00,2700
M1,C02,2023-10-11T20:37:26+00:00,2023-10-11T21:22:26+00:00,2700
M1,C02,2023-10-12T16:24:26+00:00,2023-10-12T16:52:26+00:00,1680
M1,C02,2023-10-12T20:37:26+00:00,2023-10-12T21:22:26+00:00,2700
M1,C02,2023-10-13T20:37:26+00:00,2023-10-13T21:22:26+00:00,2700
M1,C02,2023-10-14T18:59:24+00:00,2023-10-14T19:22:24+00:00,1380
M1,C02,2023-10-14T20:37:24+00:00,2023-10-14T21:22:24+00:00,2700
M1,C02,2023-10-15T20:37:25+00:00,2023-10-15T21:22:25+00:00,2700
M1,C02,2023-10-16T20:37:25+00:00,2023-10-16T21:22:25+00:00,2700
M1,C02,2023-10-17T15:12:25+00:00,2023-10-17T15:37:25+00:00,1500
M1,C02,2023-10-17T20:37:25+00:00,2023-10-17T21:22:25+00:00,2700
M1,C02,2023-10-18T20:37:25+00:00,2023-10-18T21:22:25+00:00,2700
M1,C02,2023-10-19T16:22:25+00:00,2023-10-19T16:54:25+00:00,1920
M1,C02,2023-10-19T17:24:25+00:00,2023-10-19T17:52:25+00:00,1680
M1,C02,2023-10-19T20:37:25+00:00,2023-10-19T21:22:25+00:00,2700
M1,C02,2023-10-20T20:37:25+00:00,2023-10-20T21:07:25+00:00,1800
M1,C02,2023-10-25T13:07:26+00:00,2023-10-25T22:52:26+00:00,35100
M1,C02,2023-10-26T08:52:26+00:00,2023-10-26T14:52:26+00:00,21600
M1,C02,2023-10-30T18:22:25+00:00,2023-10-30T18:54:25+00:00,1920
M1,C02,2023-10-30T20:37:25+00:00,2023-10-30T21:07:25+00:00,1800
M1,C02,2023-11-01T20:52:25+00:00,2023-11-01T21:22:25+00:00,1800
M1,C02,2023-11-02T20:37:25+00:00,2023-11-02T21:37:25+00:00,3600
M1,C02,2023-11-03T20:37:25+00:00,2023-11-03T21:22:25+00:00,2700
M1,C02,2023-11-04T20:37:26+00:00,2023-11-04T21:22:26+00:00,2700
M1,C02,2023-11-05T20:37:26+00:00,2023-11-05T21:07:26+00:00,1800
M1,C02,2023-11-05T21:07:26+00:00,2023-11-05T21:37:26+00:00,1800
M1,C02,2023-11-06T18:06:26+00:00,2023-11-06T18:37:26+00:00,1860
M1,C02,2023-11-08T13:22:26+00:00,2023-11-08T13:54:26+00:00,1920
M1,C02,2023-11-08T21:54:26+00:00,2023-11-08T22:22:26+00:00,1680
M1,C02,2023-11-10T20:22:27+00:00,2023-11-10T20:52:27+00:00,1800
M1,C02,2023-11-11T18:59:24+00:00,2023-11-11T19:22:24+00:00,1380
M1,C02,2023-11-13T17:52:25+00:00,2023-11-13T18:22:25+00:00,1800
M1,C02,2023-11-16T00:52:25+00:00,2023-11-16T02:22:25+00:00,5400
M1,C02,2023-11-28T21:24:25+00:00,2023-11-28T21:52:25+00:00,1680
M1,C02,2023-11-30T13:52:25+00:00,2023-11-30T14:24:25+00:00,1920
M1,C02,2023-12-04T17:36:26+00:00,2023-12-04T18:52:26+00:00,4560
M1,C02,2023-12-07T15:39:26+00:00,2023-12-07T16:22:26+00:00,2580
M1,C02,2023-12-11T14:54:27+00:00,2023-12-11T15:24:26+00:00,1799
M1,C02,2023-12-14T17:22:25+00:00,2023-12-14T17:52:25+00:00,1800
M1,C02,2023-12-16T10:52:25+00:00,2023-12-19T03:22:26+00:00,232201
M1,C02,2023-12-21T02:52:26+00:00,2023-12-21T03:22:26+00:00,1800
M1,C02,2023-12-21T22:22:26+00:00,2023-12-21T22:52:26+00:00,1800
M1,C02,2023-12-22T05:07:26+00:00,2023-12-22T05:37:26+00:00,1800
M1,C02,2023-12-22T06:37:26+00:00,2023-12-22T07:07:26+00:00,1800
M1,C02,2023-12-22T07:22:26+00:00,2023-12-22T07:52:26+00:00,1800
M1,C02,2024-01-08T18:59:24+00:00,2024-01-08T19:22:24+00:00,1380
M1,C02,2024-01-12T23:52:25+00:00,2024-01-16T18:52:26+00:00,327601
M1,C02,2024-01-22T17:14:24+00:00,2024-01-22T17:52:24+00:00,2280
M1,C02,2024-01-22T18:56:24+00:00,2024-01-22T19:37:24+00:00,2460
M1,C02,2024-01-26T02:07:25+00:00,2024-01-26T02:37:25+00:00,1800
M1,C02,2024-02-08T06:52:25+00:00,2024-02-08T07:22:25+00:00,1800
M1,C02,2024-02-12T21:22:26+00:00,2024-02-12T21:52:26+00:00,1800
M1,C02,2024-02-14T21:22:26+00:00,2024-02-14T21:52:26+00:00,1800
M1,C02,2024-02-15T12:59:26+00:00,2024-02-15T15:54:26+00:00,10500
M1,C02,2024-02-15T21:07:26+00:00,2024-02-15T21:37:26+00:00,1800
M1,C02,2024-02-16T21:22:26+00:00,2024-02-16T21:52:26+00:00,1800
M1,C02,2024-02-17T21:22:26+00:00,2024-02-17T21:52:26+00:00,1800
M1,C02,2024-02-19T21:22:24+00:00,2024-02-19T21:52:24+00:00,1800
M1,C02,2024-02-21T03:52:25+00:00,2024-02-21T04:37:25+00:00,2700
M1,C02,2024-02-21T19:37:25+00:00,2024-02-21T20:06:25+00:00,1740
M1,C02,2024-02-21T21:06:25+00:00,2024-02-21T21:37:25+00:00,1860
M1,C02,2024-02-23T21:07:25+00:00,2024-02-23T21:52:25+00:00,2700
M1,C02,2024-02-24T21:07:25+00:00,2024-02-24T21:52:25+00:00,2700
M1,C02,2024-02-25T21:07:25+00:00,2024-02-25T21:52:25+00:00,2700
M1,C02,2024-02-25T23:07:25+00:00,2024-02-26T00:07:25+00:00,3600
M1,C02,2024-02-26T21:07:26+00:00,2024-02-26T21:52:26+00:00,2700
M1,C02,2024-02-27T21:07:26+00:00,2024-02-27T21:52:26+00:00,2700
M1,C02,2024-02-28T21:07:26+00:00,2024-02-28T21:52:26+00:00,2700
M1,C02,2024-02-29T21:07:26+00:00,2024-02-29T21:52:26+00:00,2700
M1,C02,2024-03-01T21:07:26+00:00,2024-03-01T21:52:26+00:00,2700
M1,C02,2024-03-02T21:07:26+00:00,2024-03-02T21:37:26+00:00,1800
M1,C02,2024-03-03T21:07:27+00:00,2024-03-03T21:52:27+00:00,2700
M1,C02,2024-03-04T21:07:24+00:00,2024-03-04T21:37:24+00:00,1800
M1,C02,2024-03-05T21:24:25+00:00,2024-03-05T21:54:25+00:00,1800
M1,C02,2024-03-06T21:06:25+00:00,2024-03-06T21:37:25+00:00,1860
M1,C02,2024-03-08T21:07:25+00:00,2024-03-08T21:37:25+00:00,1800
M1,C02,2024-03-09T21:22:25+00:00,2024-03-09T21:52:25+00:00,1800
M1,C02,2024-03-10T21:07:25+00:00,2024-03-10T21:37:25+00:00,1800
M1,C02,2024-03-14T21:07:26+00:00,2024-03-14T21:37:26+00:00,1800
M1,C02,2024-03-15T21:07:26+00:00,2024-03-15T21:37:26+00:00,1800
M1,C02,2024-03-17T21:07:27+00:00,2024-03-17T21:52:27+00:00,2700
M1,C02,2024-03-18T21:07:24+00:00,2024-03-18T21:37:24+00:00,1800
M1,C02,2024-03-19T21:07:25+00:00,2024-03-19T21:37:25+00:00,1800
M1,C02,2024-03-20T21:22:25+00:00,2024-03-20T21:54:25+00:00,1920
M1,C02,2024-03-21T21:07:25+00:00,2024-03-21T21:37:25+00:00,1800
M1,C02,2024-03-25T21:07:25+00:00,2024-03-25T21:37:25+00:00,1800
M1,C02,2024-03-28T15:29:26+00:00,2024-03-28T16:37:26+00:00,4080
M1,C02,2024-03-31T21:37:26+00:00,2024-03-31T22:07:26+00:00,1800
M1,C02,2024-04-01T18:59:24+00:00,2024-04-01T19:22:24+00:00,1380
M1,C02,2024-04-07T09:14:31+00:00,2024-04-07T09:37:25+00:00,1374
M1,C02,2024-04-15T19:59:23+00:00,2024-04-15T20:22:23+00:00,1380
M1,C02,2024-04-17T14:59:23+00:00,2024-04-17T15:22:26+00:00,1383
M1,C02,2024-04-23T22:10:28+00:00,2024-04-24T00:07:25+00:00,7017
M1,C02,2024-04-26T13:56:26+00:00,2024-04-26T14:22:26+00:00,1560
M1,C02,2024-04-29T14:54:26+00:00,2024-04-29T15:24:26+00:00,1800
M1,C02,2024-05-07T16:56:26+00:00,2024-05-07T17:22:26+00:00,1560
M1,C02,2024-05-08T21:31:26+00:00,2024-05-09T00:52:26+00:00,12060
M1,C02,2024-05-10T20:52:26+00:00,2024-05-10T21:22:26+00:00,1800
M1,C02,2024-05-13T14:59:27+00:00,2024-05-13T15:22:26+00:00,1379
M1,C02,2024-05-14T18:52:25+00:00,2024-05-14T19:22:25+00:00,1800
M1,C02,2024-05-19T19:22:25+00:00,2024-05-19T19:52:25+00:00,1800
M1,C02,2024-05-24T15:22:26+00:00,2024-05-24T15:52:26+00:00,1800
M1,C02,2024-05-27T14:59:27+00:00,2024-05-27T15:22:26+00:00,1379
M1,C02,2024-05-30T21:37:25+00:00,2024-05-30T22:07:25+00:00,1800
M1,C02,2024-05-31T21:07:25+00:00,2024-05-31T21:52:25+00:00,2700
M1,C02,2024-06-01T23:37:26+00:00,2024-06-02T00:07:26+00:00,1800
M1,C02,2024-06-03T15:54:26+00:00,2024-06-03T16:37:26+00:00,2580
M1,C02,2024-06-03T20:37:26+00:00,2024-06-03T21:07:26+00:00,1800
M1,C02,2024-06-04T20:07:26+00:00,2024-06-04T20:37:26+00:00,1800
M1,C02,2024-06-10T13:54:58+00:00,2024-06-10T14:23:58+00:00,1740
M1,C02,2024-06-12T21:24:25+00:00,2024-06-12T21:54:25+00:00,1800
M1,C02,2024-06-15T11:51:26+00:00,2024-06-15T12:22:26+00:00,1860
M1,C02,2024-06-16T18:07:26+00:00,2024-06-16T18:37:26+00:00,1800
M1,C02,2024-06-16T20:07:26+00:00,2024-06-16T20:52:26+00:00,2700
M1,C02,2024-06-18T19:22:27+00:00,2024-06-18T19:52:27+00:00,1800
M1,C02,2024-06-18T21:52:27+00:00,2024-06-18T22:22:27+00:00,1800
M1,C02,2024-06-19T17:37:27+00:00,2024-06-19T18:07:27+00:00,1800
M1,C02,2024-06-19T18:37:27+00:00,2024-06-19T19:07:27+00:00,1800
M1,C02,2024-06-19T21:52:27+00:00,2024-06-19T22:22:27+00:00,1800
M1,C02,2024-06-20T20:37:27+00:00,2024-06-20T21:06:27+00:00,1740
M1,C02,2024-06-24T17:22:24+00:00,2024-06-24T17:52:24+00:00,1800
M1,C02,2024-06-24T18:59:24+00:00,2024-06-24T19:22:24+00:00,1380
M1,C02,2024-06-25T20:22:25+00:00,2024-06-25T20:52:25+00:00,1800
M1,C02,2024-06-26T01:40:55+00:00,2024-06-26T03:36:55+00:00,6960
M1,C02,2024-06-26T23:36:55+00:00,2024-06-27T00:06:55+00:00,1800
M1,C02,2024-06-27T15:21:55+00:00,2024-06-27T15:51:55+00:00,1800
M1,C02,2024-06-30T00:53:56+00:00,2024-06-30T02:51:56+00:00,7080
M1,C02,2024-07-01T21:36:56+00:00,2024-07-01T22:06:56+00:00,1800
M1,C02,2024-07-02T13:01:56+00:00,2024-07-02T13:36:56+00:00,2100
M1,C02,2024-07-02T20:06:56+00:00,2024-07-02T20:36:56+00:00,1800
M1,C02,2024-07-13T21:22:26+00:00,2024-07-13T21:52:26+00:00,1800
M1,C02,2024-07-22T18:59:24+00:00,2024-07-22T19:24:24+00:00,1500
M1,C02,2024-07-24T14:07:25+00:00,2024-07-24T14:37:25+00:00,1800
M1,C02,2024-07-28T19:37:25+00:00,2024-07-28T20:07:25+00:00,1800
M1,C02,2024-07-29T14:22:26+00:00,2024-07-29T14:54:26+00:00,1920
M1,C02,2024-07-30T09:54:26+00:00,2024-07-30T10:37:26+00:00,2580
M1,C02,2024-07-30T17:37:26+00:00,2024-07-30T19:24:26+00:00,6420
M1,C02,2024-08-08T06:51:25+00:00,2024-08-08T08:07:25+00:00,4560
M1,C02,2024-08-12T10:07:26+00:00,2024-08-12T10:37:26+00:00,1800
M1,C02,2024-08-12T11:07:26+00:00,2024-08-12T11:37:26+00:00,1800
M1,C02,2024-09-01T21:07:26+00:00,2024-09-01T21:37:26+00:00,1800
M1,C02,2024-09-02T14:59:26+00:00,2024-09-02T15:22:26+00:00,1380
M1,C02,2024-09-03T04:37:24+00:00,2024-09-03T19:37:25+00:00,54001
M1,C02,2024-09-04T09:14:30+00:00,2024-09-04T09:37:25+00:00,1375
M1,C02,2024-09-04T17:52:25+00:00,2024-09-05T01:07:25+00:00,26100
M1,C02,2024-09-08T02:52:25+00:00,2024-09-08T03:22:25+00:00,1800
M1,C02,2024-09-08T17:52:25+00:00,2024-09-08T18:22:25+00:00,1800
M1,C02,2024-09-08T20:37:25+00:00,2024-09-08T21:52:25+00:00,4500
M1,C02,2024-09-09T01:37:25+00:00,2024-09-09T02:07:25+00:00,1800
M1,C02,2024-09-09T08:43:25+00:00,2024-09-09T09:07:25+00:00,1440
M1,C02,2024-09-09T15:50:28+00:00,2024-09-09T17:37:25+00:00,6417
M1,C02,2024-09-09T20:37:25+00:00,2024-09-09T21:24:25+00:00,2820
M1,C02,2024-09-10T20:37:26+00:00,2024-09-10T21:37:26+00:00,3600
M1,C02,2024-09-11T05:52:26+00:00,2024-09-11T06:22:26+00:00,1800
M1,C02,2024-09-11T20:37:26+00:00,2024-09-11T21:22:26+00:00,2700
M1,C02,2024-09-12T19:07:26+00:00,2024-09-12T19:37:26+00:00,1800
M1,C02,2024-09-12T20:37:26+00:00,2024-09-12T21:37:26+00:00,3600
M1,C02,2024-09-13T03:37:26+00:00,2024-09-13T04:07:26+00:00,1800
M1,C02,2024-09-13T05:07:26+00:00,2024-09-13T05:37:26+00:00,1800
M1,C02,2024-09-13T05:52:26+00:00,2024-09-13T06:22:26+00:00,1800
M1,C02,2024-09-13T07:22:26+00:00,2024-09-13T07:52:26+00:00,1800
M1,C02,2024-09-13T09:22:26+00:00,2024-09-13T09:52:26+00:00,1800
M1,C02,2024-09-13T20:37:26+00:00,2024-09-13T21:22:26+00:00,2700
M1,C02,2024-09-14T00:52:26+00:00,2024-09-14T01:22:26+00:00,1800
M1,C02,2024-09-14T20:07:26+00:00,2024-09-14T20:37:26+00:00,1800
M1,C02,2024-09-14T20:37:26+00:00,2024-09-14T21:37:26+00:00,3600
M1,C02,2024-09-15T20:37:26+00:00,2024-09-15T21:22:26+00:00,2700
M1,C02,2024-09-16T14:59:26+00:00,2024-09-16T15:22:26+00:00,1380
M1,C02,2024-09-16T18:59:24+00:00,2024-09-16T19:22:24+00:00,1380
M1,C02,2024-09-16T20:07:24+00:00,2024-09-16T20:37:24+00:00,1800
M1,C02,2024-09-16T20:37:24+00:00,2024-09-16T21:22:24+00:00,2700
M1,C02,2024-09-16T21:22:24+00:00,2024-09-16T21:52:24+00:00,1800
M1,C02,2024-09-17T18:52:25+00:00,2024-09-17T19:37:25+00:00,2700
M1,C02,2024-09-17T20:37:25+00:00,2024-09-17T21:22:25+00:00,2700
M1,C02,2024-09-17T21:22:25+00:00,2024-09-17T21:52:25+00:00,1800
M1,C02,2024-09-18T20:37:25+00:00,2024-09-18T21:22:25+00:00,2700
M1,C02,2024-09-19T20:37:25+00:00,2024-09-19T21:37:25+00:00,3600
M1,C02,2024-09-20T20:37:25+00:00,2024-09-20T21:37:25+00:00,3600
M1,C02,2024-09-21T04:06:25+00:00,2024-09-21T04:37:25+00:00,1860
M1,C02,2024-09-21T06:06:25+00:00,2024-09-21T06:37:25+00:00,1860
M1,C02,2024-09-21T18:54:25+00:00,2024-09-21T19:24:25+00:00,1800
M1,C02,2024-09-21T20:37:25+00:00,2024-09-21T21:24:25+00:00,2820
M1,C02,2024-09-22T20:37:25+00:00,2024-09-22T21:37:25+00:00,3600
M1,C02,2024-09-23T04:37:25+00:00,2024-09-23T05:06:25+00:00,1740
M1,C02,2024-09-23T08:24:25+00:00,2024-09-23T08:54:25+00:00,1800
M1,C02,2024-09-23T18:54:25+00:00,2024-09-23T19:24:25+00:00,1800
M1,C02,2024-09-23T20:06:25+00:00,2024-09-23T20:37:25+00:00,1860
M1,C02,2024-09-23T20:37:25+00:00,2024-09-23T21:37:25+00:00,3600
M1,C02,2024-09-23T23:54:26+00:00,2024-09-24T00:24:26+00:00,1800
M1,C02,2024-09-24T20:37:26+00:00,2024-09-24T21:52:26+00:00,4500
M1,C02,2024-09-25T20:37:26+00:00,2024-09-25T21:22:26+00:00,2700
M1,C02,2024-09-26T20:37:26+00:00,2024-09-26T21:22:26+00:00,2700
M1,C02,2024-09-27T07:22:26+00:00,2024-09-27T07:52:26+00:00,1800
M1,C02,2024-09-27T20:37:26+00:00,2024-09-27T21:37:26+00:00,3600
M1,C02,2024-09-28T20:37:26+00:00,2024-09-28T21:37:26+00:00,3600
M1,C02,2024-09-29T20:22:26+00:00,2024-09-29T21:22:26+00:00,3600
M1,C02,2024-09-30T20:37:24+00:00,2024-09-30T21:37:24+00:00,3600
M1,C02,2024-10-01T20:22:25+00:00,2024-10-01T21:52:25+00:00,5400
M1,C02,2024-10-02T12:00:28+00:00,2024-10-02T15:37:25+00:00,13017
M1,C02,2024-10-02T17:37:25+00:00,2024-10-02T18:06:25+00:00,1740
M1,C02,2024-10-02T20:24:25+00:00,2024-10-02T21:37:25+00:00,4380
M1,C02,2024-10-02T23:52:25+00:00,2024-10-03T00:22:25+00:00,1800
M1,C02,2024-10-03T20:24:25+00:00,2024-10-03T21:37:25+00:00,4380
M1,C02,2024-10-04T20:07:25+00:00,2024-10-04T22:07:25+00:00,7200
M1,C02,2024-10-05T20:22:25+00:00,2024-10-05T21:37:25+00:00,4500
M1,C02,2024-10-06T20:22:25+00:00,2024-10-06T21:37:25+00:00,4500
M1,C02,2024-10-07T05:22:25+00:00,2024-10-07T05:52:25+00:00,1800
M1,C02,2024-10-07T20:07:26+00:00,2024-10-07T21:52:26+00:00,6300
M1,C02,2024-10-07T21:52:26+00:00,2024-10-07T22:22:26+00:00,1800
M1,C02,2024-10-08T20:37:26+00:00,2024-10-08T21:37:26+00:00,3600
M1,C02,2024-10-09T20:37:23+00:00,2024-10-09T21:22:23+00:00,2700
M1,C02,2024-10-10T20:37:23+00:00,2024-10-10T21:22:23+00:00,2700
M1,C02,2024-10-11T09:52:23+00:00,2024-10-11T10:22:23+00:00,1800
M1,C02,2024-10-11T18:22:23+00:00,2024-10-11T18:52:23+00:00,1800
M1,C02,2024-10-11T20:37:23+00:00,2024-10-11T21:37:23+00:00,3600
M1,C02,2024-10-12T08:22:23+00:00,2024-10-12T19:37:23+00:00,40500
M1,C02,2024-10-12T19:52:23+00:00,2024-10-22T09:37:26+00:00,827103
M1,C02,2024-10-22T19:37:26+00:00,2024-10-22T20:07:26+00:00,1800
M1,C02,2024-10-22T20:37:26+00:00,2024-10-22T21:37:26+00:00,3600
M1,C02,2024-10-23T05:52:26+00:00,2024-10-23T06:22:26+00:00,1800
M1,C02,2024-10-23T07:07:26+00:00,2024-10-23T07:37:26+00:00,1800
M1,C02,2024-10-23T20:37:26+00:00,2024-10-23T21:22:26+00:00,2700
M1,C02,2024-10-24T20:22:26+00:00,2024-10-24T21:22:26+00:00,3600
M1,C02,2024-10-25T02:07:26+00:00,2024-10-25T02:37:26+00:00,1800
M1,C02,2024-10-25T04:52:26+00:00,2024-10-25T05:22:26+00:00,1800
M1,C02,2024-10-25T20:22:26+00:00,2024-10-25T21:22:26+00:00,3600
M1,C02,2024-10-26T20:22:26+00:00,2024-10-26T21:22:26+00:00,3600
M1,C02,2024-10-27T20:22:27+00:00,2024-10-27T21:52:27+00:00,5400
M1,C02,2024-10-28T11:52:27+00:00,2024-10-28T12:22:27+00:00,1800
M1,C02,2024-10-28T20:37:24+00:00,2024-10-28T21:22:24+00:00,2700
M1,C02,2024-10-28T22:22:24+00:00,2024-10-28T22:52:24+00:00,1800
M1,C02,2024-10-29T20:37:25+00:00,2024-10-29T21:37:25+00:00,3600
M1,C02,2024-10-30T20:37:25+00:00,2024-10-30T21:22:25+00:00,2700
M1,C02,2024-10-31T20:37:25+00:00,2024-10-31T21:37:25+00:00,3600
M1,C02,2024-11-01T20:37:25+00:00,2024-11-01T21:22:25+00:00,2700
M1,C02,2024-11-02T20:37:25+00:00,2024-11-02T21:22:25+00:00,2700
M1,C02,2024-11-03T20:52:25+00:00,2024-11-03T21:22:25+00:00,1800
M1,C02,2024-11-04T20:52:26+00:00,2024-11-04T21:22:26+00:00,1800
M1,C02,2024-11-05T20:22:26+00:00,2024-11-05T21:22:26+00:00,3600
M1,C02,2024-11-06T18:37:26+00:00,2024-11-06T19:07:26+00:00,1800
M1,C02,2024-11-06T19:37:26+00:00,2024-11-06T20:07:26+00:00,1800
M1,C02,2024-11-06T20:22:26+00:00,2024-11-06T21:37:26+00:00,4500
M1,C02,2024-11-06T21:37:26+00:00,2024-11-06T22:07:26+00:00,1800
M1,C02,2024-11-07T00:52:26+00:00,2024-11-07T01:52:26+00:00,3600
M1,C02,2024-11-07T20:37:26+00:00,2024-11-07T21:07:26+00:00,1800
M1,C02,2024-11-08T03:07:26+00:00,2024-11-08T03:37:26+00:00,1800
M1,C02,2024-11-08T16:52:26+00:00,2024-11-08T17:37:26+00:00,2700
M1,C02,2024-11-08T19:37:26+00:00,2024-11-08T20:07:26+00:00,1800
M1,C02,2024-11-08T20:22:26+00:00,2024-11-08T20:52:26+00:00,1800
M1,C02,2024-11-09T06:07:26+00:00,2024-11-09T06:37:26+00:00,1800
M1,C02,2024-11-09T11:07:26+00:00,2024-11-09T11:37:26+00:00,1800
M1,C02,2024-11-09T19:22:26+00:00,2024-11-09T19:52:26+00:00,1800
M1,C02,2024-11-09T20:22:26+00:00,2024-11-09T20:52:26+00:00,1800
M1,C02,2024-11-09T20:52:26+00:00,2024-11-09T21:22:26+00:00,1800
M1,C02,2024-11-10T17:52:27+00:00,2024-11-10T18:22:27+00:00,1800
M1,C02,2024-11-10T21:07:27+00:00,2024-11-10T21:37:27+00:00,1800
M1,C02,2024-11-13T00:07:25+00:00,2024-11-13T00:37:25+00:00,1800
M1,C02,2024-11-13T05:37:25+00:00,2024-11-13T06:07:25+00:00,1800
M1,C02,2024-11-13T12:22:25+00:00,2024-11-13T12:52:25+00:00,1800
M1,C02,2024-11-13T20:37:25+00:00,2024-11-13T21:06:25+00:00,1740
M1,C02,2024-11-18T17:37:26+00:00,2024-11-18T18:06:26+00:00,1740
M1,C02,2024-11-18T20:37:26+00:00,2024-11-18T21:06:26+00:00,1740
M1,C02,2024-11-23T21:22:26+00:00,2024-11-23T21:52:26+00:00,1800
M1,C02,2024-11-26T15:37:25+00:00,2024-11-26T17:07:25+00:00,5400
M1,C02,2024-11-26T22:22:25+00:00,2024-11-26T22:52:25+00:00,1800
M1,C02,2024-11-27T01:22:25+00:00,2024-11-27T01:52:25+00:00,1800
M1,C02,2024-12-01T02:22:25+00:00,2024-12-01T02:52:25+00:00,1800
M1,C02,2024-12-05T17:37:26+00:00,2024-12-05T18:07:26+00:00,1800
M1,C02,2024-12-06T09:53:26+00:00,2024-12-06T11:52:26+00:00,7140
M1,C02,2024-12-07T17:37:26+00:00,2024-12-07T18:07:26+00:00,1800
M1,C02,2024-12-08T18:07:27+00:00,2024-12-08T18:37:27+00:00,1800
M1,C02,2024-12-08T22:22:27+00:00,2024-12-08T22:52:27+00:00,1800
M1,C02,2024-12-08T23:52:27+00:00,2024-12-09T00:22:27+00:00,1800
M1,C02,2024-12-09T14:59:27+00:00,2024-12-09T15:22:26+00:00,1379
M1,C02,2024-12-09T18:59:24+00:00,2024-12-09T19:22:24+00:00,1380
M1,C02,2024-12-10T06:52:24+00:00,2024-12-10T07:22:24+00:00,1800
M1,C02,2024-12-10T07:22:24+00:00,2024-12-10T07:52:24+00:00,1800
M1,C02,2024-12-12T05:07:25+00:00,2024-12-12T09:37:25+00:00,16200
M1,C02,2024-12-12T10:37:25+00:00,2024-12-12T12:52:25+00:00,8100
M1,C02,2024-12-12T12:52:25+00:00,2024-12-12T22:22:25+00:00,34200
M1,C02,2024-12-12T22:22:25+00:00,2024-12-20T20:52:26+00:00,685801
M1,C02,2024-12-23T14:59:27+00:00,2024-12-23T15:22:26+00:00,1379
M1,C02,2024-12-23T23:52:24+00:00,2024-12-24T00:22:24+00:00,1800
M1,C02,2025-01-03T08:28:26+00:00,2025-01-03T08:52:26+00:00,1440
M1,C02,2025-01-03T11:16:26+00:00,2025-01-03T12:37:26+00:00,4860
M1,C02,2025-01-16T12:03:26+00:00,2025-01-16T15:07:26+00:00,11040
M1,C02,2025-01-23T21:22:25+00:00,2025-01-23T21:52:25+00:00,1800
M1,C02,2025-02-03T21:07:24+00:00,2025-02-03T21:52:24+00:00,2700
M1,C02,2025-02-05T21:22:25+00:00,2025-02-05T21:52:25+00:00,1800
M1,C02,2025-02-06T05:07:25+00:00,2025-02-06T05:37:25+00:00,1800
M1,C02,2025-02-06T21:07:25+00:00,2025-02-06T21:52:25+00:00,2700
M1,C02,2025-02-07T03:07:25+00:00,2025-02-07T03:37:25+00:00,1800
M1,C02,2025-02-07T04:52:25+00:00,2025-02-07T05:22:25+00:00,1800
M1,C02,2025-02-09T20:52:25+00:00,2025-02-23T19:22:25+00:00,1204200
M1,C02,2025-02-23T21:07:25+00:00,2025-02-23T21:52:25+00:00,2700
M1,C02,2025-02-24T21:07:26+00:00,2025-02-24T21:52:26+00:00,2700
M1,C02,2025-02-25T21:07:26+00:00,2025-02-25T21:52:26+00:00,2700
M1,C02,2025-02-26T21:07:26+00:00,2025-02-26T21:52:26+00:00,2700
M1,C02,2025-02-27T20:52:26+00:00,2025-02-27T21:52:26+00:00,3600
M1,C02,2025-02-28T21:07:26+00:00,2025-02-28T21:52:26+00:00,2700
M1,C02,2025-03-01T14:37:26+00:00,2025-03-01T15:07:26+00:00,1800
M1,C02,2025-03-01T21:07:26+00:00,2025-03-01T21:52:26+00:00,2700
M1,C02,2025-03-02T20:52:27+00:00,2025-03-02T21:52:27+00:00,3600
M1,C02,2025-03-03T01:37:27+00:00,2025-03-03T02:22:27+00:00,2700
M1,C02,2025-03-03T16:22:24+00:00,2025-03-03T16:52:24+00:00,1800
M1,C02,2025-03-03T21:07:24+00:00,2025-03-03T21:52:24+00:00,2700
M1,C02,2025-03-04T21:07:25+00:00,2025-03-04T21:52:25+00:00,2700
M1,C02,2025-03-05T21:07:25+00:00,2025-03-05T21:52:25+00:00,2700
M1,C02,2025-03-06T21:07:25+00:00,2025-03-06T21:37:25+00:00,1800
M1,C02,2025-03-07T21:07:25+00:00,2025-03-07T21:37:25+00:00,1800
M1,C02,2025-03-08T21:22:25+00:00,2025-03-08T21:52:25+00:00,1800
M1,C02,2025-03-10T21:07:26+00:00,2025-03-10T21:52:26+00:00,2700
M1,C02,2025-03-11T21:07:26+00:00,2025-03-11T21:37:26+00:00,1800
M1,C02,2025-03-12T19:07:26+00:00,2025-03-17T23:52:24+00:00,449098
M1,C02,2025-03-18T20:52:25+00:00,2025-03-18T21:52:25+00:00,3600
M1,C02,2025-03-19T20:52:25+00:00,2025-03-19T21:37:25+00:00,2700
M1,C02,2025-03-20T21:06:25+00:00,2025-03-20T21:54:25+00:00,2880
M1,C02,2025-03-21T20:52:25+00:00,2025-03-21T21:52:25+00:00,3600
M1,C02,2025-03-22T20:52:25+00:00,2025-03-22T21:37:25+00:00,2700
M1,C02,2025-03-23T20:37:25+00:00,2025-03-23T21:52:25+00:00,4500
M1,C02,2025-03-24T21:07:26+00:00,2025-03-24T21:52:26+00:00,2700
M1,C02,2025-03-25T20:52:26+00:00,2025-03-25T21:22:26+00:00,1800
M1,C02,2025-03-26T20:52:26+00:00,2025-03-26T21:37:26+00:00,2700
M1,C02,2025-03-29T21:07:26+00:00,2025-03-29T21:37:26+00:00,1800
M1,C02,2025-03-29T21:52:26+00:00,2025-03-29T22:22:26+00:00,1800
M1,C02,2025-03-31T17:07:24+00:00,2025-03-31T17:37:24+00:00,1800
M1,C02,2025-03-31T20:52:24+00:00,2025-03-31T21:52:24+00:00,3600
M1,C02,2025-03-31T22:07:24+00:00,2025-03-31T22:37:24+00:00,1800
M1,C02,2025-04-02T23:07:25+00:00,2025-04-02T23:37:25+00:00,1800
M1,C02,2025-04-03T20:52:25+00:00,2025-04-03T21:22:25+00:00,1800
M1,C02,2025-04-07T09:14:31+00:00,2025-04-07T09:37:25+00:00,1374
M1,C02,2025-04-08T18:22:26+00:00,2025-04-08T18:54:26+00:00,1920
M1,C02,2025-04-10T17:15:26+00:00,2025-04-10T17:46:26+00:00,1860
M1,C02,2025-04-10T18:42:26+00:00,2025-04-10T19:21:26+00:00,2340
M1,C02,2025-04-10T19:21:26+00:00,2025-04-10T19:54:26+00:00,1980
M1,C02,2025-04-10T20:46:26+00:00,2025-04-10T21:19:26+00:00,1980
M1,C02,2025-04-10T21:25:26+00:00,2025-04-10T21:52:26+00:00,1620
M1,C02,2025-04-14T14:59:26+00:00,2025-04-14T15:22:26+00:00,1380
M1,C02,2025-04-15T19:59:24+00:00,2025-04-15T20:22:24+00:00,1380
M1,C02,2025-04-24T19:52:25+00:00,2025-04-24T20:22:25+00:00,1800
M1,C02,2025-04-26T17:37:26+00:00,2025-04-26T18:07:26+00:00,1800
M1,C02,2025-04-26T18:37:26+00:00,2025-04-26T19:07:26+00:00,1800
M1,C02,2025-04-26T19:07:26+00:00,2025-04-26T19:37:26+00:00,1800
M1,C02,2025-04-26T19:37:26+00:00,2025-04-26T20:07:26+00:00,1800
M1,C02,2025-04-26T20:07:26+00:00,2025-04-26T20:52:26+00:00,2700
M1,C02,2025-04-26T21:37:26+00:00,2025-04-26T22:07:26+00:00,1800
M1,C02,2025-05-01T17:37:25+00:00,2025-05-01T18:07:25+00:00,1800
M1,C02,2025-05-03T20:07:25+00:00,2025-05-03T20:37:25+00:00,1800
M1,C02,2025-05-04T01:22:25+00:00,2025-05-04T01:52:25+00:00,1800
M1,C02,2025-05-04T16:37:25+00:00,2025-05-04T17:07:25+00:00,1800
M1,C02,2025-05-04T18:07:25+00:00,2025-05-04T19:22:25+00:00,4500
M1,C02,2025-05-04T20:37:25+00:00,2025-05-04T21:07:25+00:00,1800
M1,C02,2025-05-04T21:07:25+00:00,2025-05-04T22:07:25+00:00,3600
M1,C02,2025-05-04T22:07:25+00:00,2025-05-04T22:37:25+00:00,1800
M1,C02,2025-05-05T14:59:26+00:00,2025-05-05T15:22:26+00:00,1380
M1,C02,2025-05-05T17:07:24+00:00,2025-05-05T17:37:24+00:00,1800
M1,C02,2025-05-06T20:06:25+00:00,2025-05-06T20:37:25+00:00,1860
M1,C02,2025-05-06T22:07:25+00:00,2025-05-06T22:37:25+00:00,1800
M1,C02,2025-05-11T18:52:25+00:00,2025-05-11T19:22:25+00:00,1800
M1,C02,2025-05-12T08:52:26+00:00,2025-05-12T09:37:26+00:00,2700
M1,C02,2025-05-12T09:37:26+00:00,2025-05-12T10:07:26+00:00,1800
M1,C02,2025-05-12T13:22:26+00:00,2025-05-12T13:52:26+00:00,1800
M1,C02,2025-05-12T14:59:26+00:00,2025-05-12T15:22:26+00:00,1380
M1,C02,2025-05-12T17:52:24+00:00,2025-05-12T18:22:24+00:00,1800
M1,C02,2025-05-12T19:07:24+00:00,2025-05-12T19:52:24+00:00,2700
M1,C02,2025-05-12T21:52:24+00:00,2025-05-12T22:22:24+00:00,1800
M1,C02,2025-05-13T19:06:25+00:00,2025-05-13T19:37:25+00:00,1860
M1,C02,2025-05-13T21:22:25+00:00,2025-05-13T21:52:25+00:00,1800
M1,C02,2025-05-13T21:52:25+00:00,2025-05-13T22:37:25+00:00,2700
M1,C02,2025-05-13T22:37:25+00:00,2025-05-13T23:07:25+00:00,1800
M1,C02,2025-05-14T15:37:25+00:00,2025-10-07T05:22:26+00:00,12577501
M1,C02,2025-10-07T05:37:26+00:00,2025-10-07T06:22:26+00:00,2700
M1,C02,2025-10-07T06:22:26+00:00,2025-10-09T02:52:26+00:00,160200
M1,C02,2025-10-09T02:52:26+00:00,2025-10-09T05:07:26+00:00,8100
M1,C02,2025-10-09T05:07:26+00:00,2025-10-09T09:37:26+00:00,16200
M1,C02,2025-10-09T09:37:26+00:00,2025-10-09T12:37:26+00:00,10800
M1,C02,2025-10-09T12:37:26+00:00,2025-10-10T12:22:26+00:00,85500
M1,C02,2025-10-10T12:22:26+00:00,2025-10-11T12:37:26+00:00,87300
M1,C02,2025-10-11T12:37:26+00:00,2025-10-12T07:07:26+00:00,66600
M1,C02,2025-10-12T07:07:26+00:00,2025-10-12T12:37:27+00:00,19801
M1,C02,2025-10-12T12:37:27+00:00,2025-10-13T03:07:27+00:00,52200
M1,C02,2025-10-13T03:07:27+00:00,2025-10-13T19:52:24+00:00,60297
M1,C02,2025-10-13T19:52:24+00:00,2025-10-15T21:52:25+00:00,180001
M1,C02,2025-10-15T21:52:25+00:00,2025-10-15T23:07:25+00:00,4500
M1,C02,2025-10-15T23:07:25+00:00,2025-10-16T14:52:25+00:00,56700
M1,C02,2025-10-16T14:52:25+00:00,2025-10-16T17:37:25+00:00,9900
M1,C02,2025-10-16T17:37:25+00:00,2025-10-16T19:07:25+00:00,5400
M1,C02,2025-10-16T19:07:25+00:00,2025-10-17T00:07:25+00:00,18000
M1,C02,2025-10-17T00:07:25+00:00,2025-10-17T01:52:25+00:00,6300
M1,C02,2025-10-17T01:52:25+00:00,2025-10-17T07:22:25+00:00,19800
M1,C02,2025-10-17T07:22:25+00:00,2025-10-17T10:37:25+00:00,11700
M1,C02,2025-10-17T10:37:25+00:00,2025-10-17T12:37:25+00:00,7200
M1,C02,2025-10-17T12:37:25+00:00,2025-10-17T13:37:25+00:00,3600
M1,C02,2025-10-17T13:37:25+00:00,2025-10-17T16:22:25+00:00,9900
M1,C02,2025-10-17T16:22:25+00:00,2025-10-18T02:07:25+00:00,35100
M1,C02,2025-10-18T02:07:25+00:00,2025-10-18T07:52:25+00:00,20700
M1,C02,2025-10-18T07:52:25+00:00,2025-10-18T19:22:25+00:00,41400
M1,C02,2025-10-18T19:22:25+00:00,2025-10-18T21:52:25+00:00,9000
M1,C02,2025-10-18T21:52:25+00:00,2025-10-18T22:52:25+00:00,3600
M1,C02,2025-10-18T22:52:25+00:00,2025-10-19T03:37:25+00:00,17100
M1,C02,2025-10-19T03:52:25+00:00,2025-10-19T05:37:25+00:00,6300
M1,C02,2025-10-19T05:52:25+00:00,2025-10-19T07:07:25+00:00,4500
M1,C02,2025-10-19T07:07:25+00:00,2025-10-19T23:52:25+00:00,60300
M1,C02,2025-10-19T23:52:25+00:00,2025-10-20T06:07:25+00:00,22500
M1,C02,2025-10-20T06:07:25+00:00,2025-10-20T09:22:25+00:00,11700
M1,C02,2025-10-20T09:22:25+00:00,2025-10-20T13:54:26+00:00,16321
M1,C02,2025-10-20T13:54:26+00:00,2025-10-20T16:54:26+00:00,10800
M1,C02,2025-10-20T16:54:26+00:00,2025-10-21T08:37:26+00:00,56580
M1,C02,2025-10-21T08:37:26+00:00,2025-10-21T18:07:26+00:00,34200
M1,C02,2025-10-21T18:07:26+00:00,2025-10-21T22:22:26+00:00,15300
M1,C02,2025-10-21T22:22:26+00:00,2025-10-22T02:07:26+00:00,13500
M1,C02,2025-10-22T02:07:26+00:00,2025-10-22T04:37:26+00:00,9000
M1,C02,2025-10-22T04:37:26+00:00,2025-10-22T13:07:26+00:00,30600
M1,C02,2025-10-22T13:07:26+00:00,2025-10-22T14:52:26+00:00,6300
M1,C02,2025-10-22T14:52:26+00:00,2025-10-23T03:22:26+00:00,45000
M1,C02,2025-10-23T03:22:26+00:00,2025-10-23T04:37:26+00:00,4500
M1,C02,2025-10-23T04:37:26+00:00,2025-10-23T22:52:26+00:00,65700
M1,C02,2025-10-23T22:52:26+00:00,2025-10-24T03:07:26+00:00,15300
M1,C02,2025-10-24T03:07:26+00:00,2025-10-24T11:22:26+00:00,29700
M1,C02,2025-10-24T11:22:26+00:00,2025-10-24T13:22:26+00:00,7200
M1,C02,2025-10-24T13:22:26+00:00,2025-10-24T17:52:26+00:00,16200
M1,C02,2025-10-24T17:52:26+00:00,2025-10-25T03:37:26+00:00,35100
M1,C02,2025-10-25T03:37:26+00:00,2025-10-25T04:22:26+00:00,2700
M1,C02,2025-10-25T04:22:26+00:00,2025-10-25T06:07:26+00:00,6300
M1,C02,2025-10-25T06:07:26+00:00,2025-10-25T08:22:26+00:00,8100
M1,C02,2025-10-25T08:22:26+00:00,2025-10-25T14:07:26+00:00,20700
M1,C02,2025-10-25T14:07:26+00:00,2025-10-26T06:37:26+00:00,59400
M1,C02,2025-10-26T06:37:26+00:00,2025-10-26T19:37:27+00:00,46801
M1,C02,2025-10-26T19:37:27+00:00,2025-10-27T03:52:27+00:00,29700
M1,C02,2025-10-27T03:52:27+00:00,2025-10-27T11:52:27+00:00,28800
M1,C02,2025-10-27T11:52:27+00:00,2025-10-27T17:37:24+00:00,20697
M1,C02,2025-10-27T17:37:24+00:00,2025-10-27T20:22:24+00:00,9900
M1,C02,2025-10-27T20:52:24+00:00,2025-10-28T03:52:24+00:00,25200
M1,C02,2025-10-28T03:52:24+00:00,2025-10-28T05:22:24+00:00,5400
M1,C02,2025-10-28T05:22:24+00:00,2025-10-29T05:22:25+00:00,86401
M1,C02,2025-10-29T05:22:25+00:00,2025-10-29T08:37:25+00:00,11700
M1,C02,2025-10-29T08:37:25+00:00,2025-10-29T13:06:25+00:00,16140
M1,C02,2025-10-29T13:06:25+00:00,2025-10-30T03:37:25+00:00,52260
M1,C02,2025-10-30T03:37:25+00:00,2025-11-01T02:37:25+00:00,169200
M1,C02,2025-11-01T02:37:25+00:00,2025-11-01T16:52:25+00:00,51300
M1,C02,2025-11-01T16:52:25+00:00,2025-11-02T00:37:25+00:00,27900
M1,C02,2025-11-02T00:37:25+00:00,2025-11-02T08:37:25+00:00,28800
M1,C02,2025-11-02T08:37:25+00:00,2025-11-03T03:52:25+00:00,69300
M1,C02,2025-11-03T03:52:25+00:00,2025-11-03T04:37:25+00:00,2700
M1,C02,2025-11-03T04:37:25+00:00,2025-11-03T08:07:25+00:00,12600
M1,C02,2025-11-03T08:07:25+00:00,2025-11-03T12:37:26+00:00,16201
M1,C02,2025-11-03T12:37:26+00:00,2025-11-04T04:22:26+00:00,56700
M1,C02,2025-11-04T04:52:26+00:00,2025-11-04T05:37:26+00:00,2700
M1,C02,2025-11-04T05:37:26+00:00,2025-11-04T15:22:26+00:00,35100
M1,C02,2025-11-04T15:22:26+00:00,2025-11-05T00:37:26+00:00,33300
M1,C02,2025-11-05T00:37:26+00:00,2025-11-05T12:52:26+00:00,44100
M1,C02,2025-11-05T12:52:26+00:00,2025-11-06T06:07:26+00:00,62100
M1,C02,2025-11-06T06:07:26+00:00,2025-11-06T10:07:26+00:00,14400
M1,C02,2025-11-06T10:07:26+00:00,2025-11-06T16:37:26+00:00,23400
M1,C02,2025-11-06T16:37:26+00:00,2025-11-08T01:52:26+00:00,119700
M1,C02,2025-11-08T01:52:26+00:00,2025-11-08T08:07:26+00:00,22500
M1,C02,2025-11-08T08:07:26+00:00,2025-11-08T13:07:26+00:00,18000
M1,C02,2025-11-08T13:07:26+00:00,2025-11-09T07:22:26+00:00,65700
M1,C02,2025-11-09T07:22:26+00:00,2025-11-10T12:37:27+00:00,105301
M1,C02,2025-11-10T12:37:27+00:00,2025-11-11T03:52:24+00:00,54897
M1,C02,2025-11-11T03:52:24+00:00,2025-11-11T09:07:25+00:00,18901
M1,C02,2025-11-11T09:07:25+00:00,2025-11-11T10:37:25+00:00,5400
M1,C02,2025-11-11T10:37:25+00:00,2025-11-11T12:52:25+00:00,8100
M1,C02,2025-11-11T12:52:25+00:00,2025-11-12T01:37:25+00:00,45900
M1,C02,2025-11-12T01:37:25+00:00,2025-11-12T08:22:25+00:00,24300
M1,C02,2025-11-12T08:22:25+00:00,2025-11-12T14:37:25+00:00,22500
M1,C02,2025-11-12T14:37:25+00:00,2025-11-12T15:07:25+00:00,1800
M1,C02,2025-11-12T15:07:25+00:00,2025-11-12T15:37:25+00:00,1800
M1,C02,2025-11-12T15:37:25+00:00,2025-11-13T01:22:25+00:00,35100
M1,C02,2025-11-13T01:22:25+00:00,2025-11-13T12:52:25+00:00,41400
M1,C02,2025-11-13T12:52:25+00:00,2025-11-13T13:22:25+00:00,1800
M1,C02,2025-11-13T13:22:25+00:00,2025-11-13T16:06:25+00:00,9840
M1,C02,2025-11-13T16:06:25+00:00,2025-11-14T16:22:25+00:00,87360
M1,C02,2025-11-14T16:22:25+00:00,2025-11-15T08:07:25+00:00,56700
M1,C02,2025-11-15T08:07:25+00:00,2025-11-15T11:37:25+00:00,12600
M1,C02,2025-11-15T11:37:25+00:00,2025-11-15T12:07:25+00:00,1800
M1,C02,2025-11-15T12:07:25+00:00,2025-11-15T14:07:25+00:00,7200
M1,C02,2025-11-15T14:07:25+00:00,2025-11-15T18:07:25+00:00,14400
M1,C02,2025-11-15T18:07:25+00:00,2025-11-15T23:22:25+00:00,18900
M1,C02,2025-11-15T23:22:25+00:00,2025-11-16T04:22:25+00:00,18000
M1,C02,2025-11-16T04:22:25+00:00,2025-11-16T05:22:25+00:00,3600
M1,C02,2025-11-16T05:22:25+00:00,2025-11-16T08:37:25+00:00,11700
M1,C02,2025-11-16T08:37:25+00:00,2025-11-16T09:22:25+00:00,2700
M1,C02,2025-11-16T09:22:25+00:00,2025-11-16T14:07:25+00:00,17100
M1,C02,2025-11-16T14:07:25+00:00,2025-11-17T02:37:25+00:00,45000
M1,C02,2025-11-17T02:37:25+00:00,2025-11-17T04:22:25+00:00,6300
M1,C02,2025-11-17T04:22:25+00:00,2025-11-18T05:07:26+00:00,89101
M1,C02,2025-11-18T05:07:26+00:00,2025-11-18T06:07:26+00:00,3600
M1,C02,2025-11-18T06:07:26+00:00,2025-11-18T08:52:26+00:00,9900
M1,C02,2025-11-18T08:52:26+00:00,2025-11-18T14:37:26+00:00,20700
M1,C02,2025-11-18T14:37:26+00:00,2025-11-19T03:07:26+00:00,45000
M1,C02,2025-11-19T03:07:26+00:00,2025-11-20T02:22:26+00:00,83700
M1,C02,2025-11-20T02:22:26+00:00,2025-11-20T03:37:26+00:00,4500
M1,C02,2025-11-20T03:37:26+00:00,2025-11-20T15:54:26+00:00,44220
M1,C02,2025-11-20T15:54:26+00:00,2025-11-20T18:37:26+00:00,9780
M1,C02,2025-11-20T18:37:26+00:00,2025-11-20T20:06:26+00:00,5340
M1,C02,2025-11-20T20:06:26+00:00,2025-11-20T22:06:26+00:00,7200
M1,C02,2025-11-20T22:06:26+00:00,2025-11-20T22:54:26+00:00,2880
M1,C02,2025-11-20T22:54:26+00:00,2025-11-21T15:52:26+00:00,61080
M1,C02,2025-11-21T15:52:26+00:00,2025-11-21T22:37:26+00:00,24300
M1,C02,2025-11-21T22:37:26+00:00,2025-11-22T02:07:26+00:00,12600
M1,C02,2025-11-22T02:07:26+00:00,2025-11-22T05:07:26+00:00,10800
M1,C02,2025-11-22T05:07:26+00:00,2025-11-22T06:52:26+00:00,6300
M1,C02,2025-11-22T06:52:26+00:00,2025-11-22T21:37:26+00:00,53100
M1,C02,2025-11-22T21:52:26+00:00,2025-11-23T04:52:26+00:00,25200
M1,C02,2025-11-23T04:52:26+00:00,2025-11-23T08:22:26+00:00,12600
M1,C02,2025-11-23T08:22:26+00:00,2025-11-23T18:22:27+00:00,36001
M1,C02,2025-11-23T18:22:27+00:00,2025-11-23T20:37:27+00:00,8100
M1,C02,2025-11-23T20:37:27+00:00,2025-11-23T22:37:27+00:00,7200
M1,C02,2025-11-23T22:37:27+00:00,2025-11-24T12:37:27+00:00,50400
M1,C02,2025-11-24T12:37:27+00:00,2025-11-24T17:24:24+00:00,17217
M1,C02,2025-11-24T17:24:24+00:00,2025-11-26T00:22:25+00:00,111481
M1,C02,2025-11-26T00:22:25+00:00,2025-11-26T17:52:25+00:00,63000
M1,C02,2025-11-26T18:22:25+00:00,2025-11-26T22:22:25+00:00,14400
M1,C02,2025-11-26T22:22:25+00:00,2025-11-27T08:07:25+00:00,35100
M1,C02,2025-11-27T08:07:25+00:00,2025-11-27T10:07:25+00:00,7200
M1,C02,2025-11-27T10:07:25+00:00,2025-11-27T13:07:25+00:00,10800
M1,C02,2025-11-27T13:07:25+00:00,2025-11-27T14:37:25+00:00,5400
M1,C02,2025-11-27T14:37:25+00:00,2025-11-27T15:22:25+00:00,2700
M1,C02,2025-11-27T15:22:25+00:00,2025-11-27T18:07:25+00:00,9900
M1,C02,2025-11-27T18:07:25+00:00,2025-11-27T19:37:25+00:00,5400
M1,C02,2025-11-27T19:37:25+00:00,2025-11-28T00:52:25+00:00,18900
M1,C02,2025-11-28T00:52:25+00:00,2025-11-28T02:07:25+00:00,4500
M1,C02,2025-11-28T02:07:25+00:00,2025-11-28T06:07:25+00:00,14400
M1,C02,2025-11-28T06:07:25+00:00,2025-11-28T11:52:25+00:00,20700
M1,C02,2025-11-28T11:52:25+00:00,2025-11-28T14:07:25+00:00,8100
M1,C02,2025-11-28T14:07:25+00:00,2025-11-28T22:37:25+00:00,30600
M1,C02,2025-11-28T22:37:25+00:00,2025-11-29T00:22:25+00:00,6300
M1,C02,2025-11-29T00:22:25+00:00,2025-11-29T01:07:25+00:00,2700
M1,C02,2025-11-29T01:07:25+00:00,2025-11-29T02:37:25+00:00,5400
M1,C02,2025-11-29T02:37:25+00:00,2025-11-29T21:37:25+00:00,68400
M1,C02,2025-11-29T21:37:25+00:00,2025-11-30T03:37:25+00:00,21600
M1,C02,2025-11-30T03:37:25+00:00,2025-11-30T10:07:25+00:00,23400
M1,C02,2025-11-30T10:07:25+00:00,2025-11-30T15:07:25+00:00,18000
M1,C02,2025-11-30T15:07:25+00:00,2025-12-01T04:22:25+00:00,47700
M1,C02,2025-12-01T04:22:25+00:00,2025-12-01T12:07:26+00:00,27901
M1,C02,2025-12-01T12:07:26+00:00,2025-12-01T18:07:26+00:00,21600
M1,C02,2025-12-01T18:07:26+00:00,2025-12-01T20:07:26+00:00,7200
M1,C02,2025-12-01T20:07:26+00:00,2025-12-02T04:52:26+00:00,31500
M1,C02,2025-12-02T04:52:26+00:00,2025-12-02T07:22:26+00:00,9000
M1,C02,2025-12-02T07:22:26+00:00,2025-12-02T13:54:26+00:00,23520
M1,C02,2025-12-02T13:54:26+00:00,2025-12-02T17:06:26+00:00,11520
M1,C02,2025-12-02T17:06:26+00:00,2025-12-02T18:54:26+00:00,6480
M1,C02,2025-12-02T18:54:26+00:00,2025-12-02T20:24:26+00:00,5400
M1,C02,2025-12-02T20:24:26+00:00,2025-12-03T04:52:26+00:00,30480
M1,C02,2025-12-03T04:52:26+00:00,2025-12-03T09:07:26+00:00,15300
M1,C02,2025-12-03T09:07:26+00:00,2025-12-03T11:52:26+00:00,9900
M1,C02,2025-12-03T11:52:26+00:00,2025-12-03T15:54:26+00:00,14520
M1,C02,2025-12-03T15:54:26+00:00,2025-12-03T23:07:26+00:00,25980
M1,C02,2025-12-03T23:07:26+00:00,2025-12-04T00:22:26+00:00,4500
M1,C02,2025-12-04T00:22:26+00:00,2025-12-04T06:07:26+00:00,20700
M1,C02,2025-12-04T06:07:26+00:00,2025-12-04T07:22:26+00:00,4500
M1,C02,2025-12-04T07:22:26+00:00,2025-12-04T15:07:26+00:00,27900
M1,C02,2025-12-04T15:07:26+00:00,2025-12-04T19:07:26+00:00,14400
M1,C02,2025-12-04T19:07:26+00:00,2025-12-05T09:37:26+00:00,52200
M1,C02,2025-12-05T09:37:26+00:00,2025-12-05T13:07:26+00:00,12600
M1,C02,2025-12-05T13:07:26+00:00,2025-12-05T13:52:26+00:00,2700
M1,C02,2025-12-05T13:52:26+00:00,2025-12-05T20:07:26+00:00,22500
M1,C02,2025-12-05T20:07:26+00:00,2025-12-05T23:52:26+00:00,13500
M1,C02,2025-12-05T23:52:26+00:00,2025-12-06T09:52:26+00:00,36000
M1,C02,2025-12-06T09:52:26+00:00,2025-12-06T19:07:26+00:00,33300
M1,C02,2025-12-06T19:07:26+00:00,2025-12-07T08:52:26+00:00,49500
M1,C02,2025-12-07T08:52:26+00:00,2025-12-08T07:37:27+00:00,81901
M1,C02,2025-12-08T07:52:27+00:00,2025-12-08T15:37:27+00:00,27900
M1,C02,2025-12-08T15:37:27+00:00,2025-12-08T16:37:27+00:00,3600
M1,C02,2025-12-08T16:37:27+00:00,2025-12-09T06:07:27+00:00,48600
M1,C02,2025-12-09T06:07:27+00:00,2025-12-09T06:52:27+00:00,2700
M1,C02,2025-12-09T06:52:27+00:00,2025-12-09T11:07:27+00:00,15300
M1,C02,2025-12-09T11:07:27+00:00,2025-12-09T15:24:26+00:00,15419
M1,C02,2025-12-09T15:24:26+00:00,2025-12-10T06:07:24+00:00,52978
M1,C02,2025-12-10T06:07:24+00:00,2025-12-10T13:54:25+00:00,28021
M1,C02,2025-12-10T13:54:25+00:00,2025-12-11T09:22:25+00:00,70080
M1,C02,2025-12-11T09:22:25+00:00,2025-12-11T16:37:25+00:00,26100
M1,C02,2025-12-11T16:37:25+00:00,2025-12-12T03:37:25+00:00,39600
M1,C02,2025-12-12T03:37:25+00:00,2025-12-12T13:37:25+00:00,36000
M1,C02,2025-12-12T13:37:25+00:00,2025-12-12T22:37:25+00:00,32400
M1,C02,2025-12-12T22:37:25+00:00,2025-12-13T02:22:25+00:00,13500
M1,C02,2025-12-13T02:22:25+00:00,2025-12-13T04:52:25+00:00,9000
M1,C02,2025-12-13T04:52:25+00:00,2025-12-13T07:52:25+00:00,10800
M1,C02,2025-12-13T07:52:25+00:00,2025-12-13T09:07:25+00:00,4500
M1,C02,2025-12-13T09:07:25+00:00,2025-12-14T00:52:25+00:00,56700
M1,C02,2025-12-14T00:52:25+00:00,2025-12-14T01:37:25+00:00,2700
M1,C02,2025-12-14T01:37:25+00:00,2025-12-14T10:07:25+00:00,30600
M1,C02,2025-12-14T10:22:25+00:00,2025-12-14T11:37:25+00:00,4500
M1,C02,2025-12-14T11:37:25+00:00,2025-12-14T12:52:25+00:00,4500
M1,C02,2025-12-14T12:52:25+00:00,2025-12-14T16:37:25+00:00,13500
M1,C02,2025-12-14T16:37:25+00:00,2025-12-14T17:52:25+00:00,4500
M1,C02,2025-12-14T17:52:25+00:00,2025-12-15T08:07:25+00:00,51300
M1,C02,2025-12-15T08:07:25+00:00,2025-12-15T12:07:25+00:00,14400
M1,C02,2025-12-15T12:07:25+00:00,2025-12-16T12:22:26+00:00,87301
M1,C02,2025-12-16T12:22:26+00:00,2025-12-17T01:52:26+00:00,48600
M1,C02,2025-12-17T01:52:26+00:00,2025-12-17T04:07:26+00:00,8100
M1,C02,2025-12-17T04:07:26+00:00,2025-12-17T07:07:26+00:00,10800
M1,C02,2025-12-17T07:07:26+00:00,2025-12-17T18:37:26+00:00,41400
M1,C02,2025-12-17T18:37:26+00:00,2025-12-18T03:22:26+00:00,31500
M1,C02,2025-12-18T03:22:26+00:00,2025-12-18T04:52:26+00:00,5400
M1,C02,2025-12-18T04:52:26+00:00,2025-12-18T06:07:26+00:00,4500
M1,C02,2025-12-18T06:07:26+00:00,2025-12-18T13:54:26+00:00,28020
M1,C02,2025-12-18T13:54:26+00:00,2025-12-19T07:52:26+00:00,64680
M1,C02,2025-12-19T07:52:26+00:00,2025-12-20T07:22:26+00:00,84600
M1,C02,2025-12-20T07:22:26+00:00,2025-12-20T07:52:26+00:00,1800
M1,C02,2025-12-20T07:52:26+00:00,2025-12-20T10:52:26+00:00,10800
M1,C02,2025-12-20T10:52:26+00:00,2025-12-20T16:52:26+00:00,21600
M1,C02,2025-12-20T16:52:26+00:00,2025-12-21T08:07:26+00:00,54900
M1,C02,2025-12-21T08:07:26+00:00,2025-12-22T02:07:26+00:00,64800
M1,C02,2025-12-22T02:07:26+00:00,2025-12-22T19:22:24+00:00,62098
M1,C02,2025-12-22T19:22:24+00:00,2025-12-23T09:37:24+00:00,51300
M1,C02,2025-12-23T09:37:24+00:00,2025-12-23T17:07:25+00:00,27001
M1,C02,2025-12-23T17:07:25+00:00,2025-12-23T20:22:25+00:00,11700
M1,C02,2025-12-23T20:22:25+00:00,2025-12-24T09:22:25+00:00,46800
M1,C02,2025-12-24T09:22:25+00:00,2025-12-24T11:52:25+00:00,9000
M1,C02,2025-12-24T11:52:25+00:00,2025-12-24T15:07:25+00:00,11700
M1,C02,2025-12-24T15:07:25+00:00,2025-12-25T10:07:25+00:00,68400
M1,C02,2025-12-25T10:07:25+00:00,2025-12-25T10:52:25+00:00,2700
M1,C02,2025-12-25T10:52:25+00:00,2025-12-25T11:37:25+00:00,2700
M1,C02,2025-12-25T11:37:25+00:00,2025-12-25T13:52:25+00:00,8100
M1,C02,2025-12-25T13:52:25+00:00,2025-12-25T16:52:25+00:00,10800
M1,C02,2025-12-25T16:52:25+00:00,2025-12-26T00:37:25+00:00,27900
M1,C02,2025-12-26T00:37:25+00:00,2025-12-26T11:07:25+00:00,37800
M1,C02,2025-12-26T11:07:25+00:00,2025-12-26T12:07:25+00:00,3600
M1,C02,2025-12-26T12:22:25+00:00,2025-12-26T16:37:25+00:00,15300
M1,C02,2025-12-26T16:52:25+00:00,2025-12-27T04:37:25+00:00,42300
M1,C02,2025-12-27T04:37:25+00:00,2025-12-27T05:37:25+00:00,3600
M1,C02,2025-12-27T05:37:25+00:00,2025-12-27T08:22:25+00:00,9900
M1,C02,2025-12-27T08:22:25+00:00,2025-12-27T14:52:25+00:00,23400
M1,C02,2025-12-27T15:07:25+00:00,2025-12-28T04:37:25+00:00,48600
M1,C02,2025-12-28T04:37:25+00:00,2025-12-28T10:22:25+00:00,20700
M1,C02,2025-12-28T10:22:25+00:00,2025-12-28T15:07:25+00:00,17100
M1,C02,2025-12-28T15:22:25+00:00,2025-12-29T01:22:25+00:00,36000
M1,C02,2025-12-29T01:22:25+00:00,2025-12-29T03:07:25+00:00,6300
M1,C02,2025-12-29T03:07:25+00:00,2025-12-29T05:52:25+00:00,9900
M1,C02,2025-12-29T05:52:25+00:00,2025-12-29T07:37:25+00:00,6300
M1,C02,2025-12-29T07:37:25+00:00,2025-12-29T15:07:26+00:00,27001
M1,C02,2025-12-29T15:07:26+00:00,2025-12-30T11:07:26+00:00,72000
M1,C02,2025-12-30T11:07:26+00:00,2025-12-30T22:07:26+00:00,39600
M1,C02,2025-12-30T22:07:26+00:00,2025-12-31T10:07:26+00:00,43200
M1,C02,2025-12-31T10:07:26+00:00,2025-12-31T10:52:26+00:00,2700
M1,C02,2025-12-31T10:52:26+00:00,2025-12-31T21:22:26+00:00,37800
M1,C02,2025-12-31T21:22:26+00:00,2026-01-01T05:37:26+00:00,29700
M1,C02,2026-01-01T05:37:26+00:00,2026-01-01T07:52:26+00:00,8100
M1,C02,2026-01-01T07:52:26+00:00,2026-01-01T12:07:26+00:00,15300
M1,C02,2026-01-01T12:07:26+00:00,2026-01-02T08:52:26+00:00,74700
M1,C02,2026-01-02T08:52:26+00:00,2026-01-03T00:52:26+00:00,57600
M1,C02,2026-01-03T00:52:26+00:00,2026-01-03T05:07:26+00:00,15300
M1,C02,2026-01-03T05:07:26+00:00,2026-01-03T11:22:26+00:00,22500
M1,C02,2026-01-03T11:22:26+00:00,2026-01-04T02:52:26+00:00,55800
M1,C02,2026-01-04T02:52:26+00:00,2026-01-04T08:07:26+00:00,18900
M1,C02,2026-01-04T08:07:26+00:00,2026-01-04T11:07:26+00:00,10800
M1,C02,2026-01-04T11:07:26+00:00,2026-01-04T17:37:27+00:00,23401
M1,C02,2026-01-04T17:37:27+00:00,2026-01-05T02:22:27+00:00,31500
M1,C02,2026-01-05T02:22:27+00:00,2026-01-05T08:07:27+00:00,20700
M1,C02,2026-01-05T08:07:27+00:00,2026-01-05T09:22:27+00:00,4500
M1,C02,2026-01-05T09:22:27+00:00,2026-01-06T04:37:24+00:00,69297
M1,C02,2026-01-06T04:37:24+00:00,2026-01-06T10:07:25+00:00,19801
M1,C02,2026-01-06T10:07:25+00:00,2026-01-07T12:07:25+00:00,93600
M1,C02,2026-01-07T12:07:25+00:00,2026-01-07T18:37:25+00:00,23400
M1,C02,2026-01-07T18:37:25+00:00,2026-01-08T01:37:25+00:00,25200
M1,C02,2026-01-08T01:37:25+00:00,2026-01-08T09:07:25+00:00,27000
M1,C02,2026-01-08T09:07:25+00:00,2026-01-08T09:37:25+00:00,1800
M1,C02,2026-01-08T09:37:25+00:00,2026-01-08T12:07:25+00:00,9000
M1,C02,2026-01-08T12:07:25+00:00,2026-01-08T12:37:25+00:00,1800
M1,C02,2026-01-08T12:37:25+00:00,2026-01-09T10:22:25+00:00,78300
M1,C02,2026-01-09T10:22:25+00:00,2026-01-10T09:52:25+00:00,84600
M1,C02,2026-01-10T09:52:25+00:00,2026-01-10T13:52:25+00:00,14400
M1,C02,2026-01-10T13:52:25+00:00,2026-01-10T15:07:25+00:00,4500
M1,C02,2026-01-10T15:07:25+00:00,2026-01-11T10:22:25+00:00,69300
M1,C02,2026-01-11T10:22:25+00:00,2026-01-11T12:52:25+00:00,9000
M1,C02,2026-01-11T12:52:25+00:00,2026-01-11T13:52:25+00:00,3600
M1,C02,2026-01-11T14:07:25+00:00,2026-01-12T01:22:25+00:00,40500
M1,C02,2026-01-12T01:22:25+00:00,2026-01-12T05:52:25+00:00,16200
M1,C02,2026-01-12T05:52:25+00:00,2026-01-12T07:37:25+00:00,6300
M1,C02,2026-01-12T07:37:25+00:00,2026-01-12T12:37:26+00:00,18001
M1,C02,2026-01-12T12:37:26+00:00,2026-01-12T16:37:26+00:00,14400
M1,C02,2026-01-12T16:37:26+00:00,2026-01-13T13:07:26+00:00,73800
M1,C02,2026-01-13T13:07:26+00:00,2026-01-14T05:22:26+00:00,58500
M1,C02,2026-01-14T05:22:26+00:00,2026-01-14T08:37:26+00:00,11700
M1,C02,2026-01-14T08:37:26+00:00,2026-01-14T15:37:26+00:00,25200
M1,C02,2026-01-14T15:37:26+00:00,2026-01-14T16:07:26+00:00,1800
M1,C02,2026-01-14T16:07:26+00:00,2026-01-16T06:37:26+00:00,138600
M1,C02,2026-01-16T06:37:26+00:00,2026-01-16T07:52:26+00:00,4500
M1,C02,2026-01-16T07:52:26+00:00,2026-01-16T12:07:26+00:00,15300
M1,C02,2026-01-16T12:07:26+00:00,2026-01-17T04:37:26+00:00,59400
M1,C02,2026-01-17T04:37:26+00:00,2026-01-17T10:07:26+00:00,19800
M1,C02,2026-01-17T10:07:26+00:00,2026-01-17T11:22:26+00:00,4500
M1,C02,2026-01-17T11:22:26+00:00,2026-01-18T07:07:26+00:00,71100
M1,C02,2026-01-18T07:07:26+00:00,2026-01-18T08:37:26+00:00,5400
M1,C02,2026-01-18T08:37:26+00:00,2026-01-18T10:22:26+00:00,6300
M1,C02,2026-01-18T10:22:26+00:00,2026-01-18T12:07:27+00:00,6301
M1,C02,2026-01-18T12:07:27+00:00,2026-01-19T04:52:27+00:00,60300
M1,C02,2026-01-19T04:52:27+00:00,2026-01-19T07:37:27+00:00,9900
M1,C02,2026-01-19T07:37:27+00:00,2026-01-19T12:37:27+00:00,18000
M1,C02,2026-01-19T12:37:27+00:00,2026-01-20T13:07:25+00:00,88198
M1,C02,2026-01-20T13:07:25+00:00,2026-01-20T14:07:25+00:00,3600
M1,C02,2026-01-20T14:07:25+00:00,2026-01-21T13:07:25+00:00,82800
M1,C02,2026-01-21T13:07:25+00:00,2026-01-25T12:22:25+00:00,342900
M1,C02,2026-01-25T12:22:25+00:00,2026-01-25T17:07:25+00:00,17100
M1,C02,2026-01-25T17:07:25+00:00,2026-01-26T02:52:25+00:00,35100
M1,C02,2026-01-26T02:52:25+00:00,2026-01-26T04:22:25+00:00,5400
M1,C02,2026-01-26T04:22:25+00:00,2026-01-26T05:07:25+00:00,2700
M1,C02,2026-01-26T05:07:25+00:00,2026-01-26T09:07:26+00:00,14401
M1,C02,2026-01-26T09:07:26+00:00,2026-01-26T12:22:26+00:00,11700
M1,C02,2026-01-26T12:22:26+00:00,2026-01-26T14:37:26+00:00,8100
M1,C02,2026-01-26T14:37:26+00:00,2026-01-27T07:22:26+00:00,60300
M1,C02,2026-01-27T07:22:26+00:00,2026-01-27T11:22:26+00:00,14400
M1,C02,2026-01-27T11:22:26+00:00,2026-01-27T12:07:26+00:00,2700
M1,C02,2026-01-27T12:07:26+00:00,2026-02-01T11:07:27+00:00,428401
M1,C02,2026-02-01T11:07:27+00:00,2026-02-07T10:07:25+00:00,514798
M1,C02,2026-02-07T10:07:25+00:00,2026-02-08T11:37:25+00:00,91800
M1,C02,2026-02-08T11:37:25+00:00,2026-02-12T12:37:26+00:00,349201
M1,C02,2026-02-12T12:37:26+00:00,2026-02-16T07:52:27+00:00,328501
M1,C02,2026-02-16T07:52:27+00:00,2026-02-17T02:37:24+00:00,67497
M1,C02,2026-02-17T02:37:24+00:00,2026-02-17T10:07:25+00:00,27001
M1,C02,2026-02-17T10:07:25+00:00,2026-02-17T13:52:25+00:00,13500
M1,C02,2026-02-17T13:52:25+00:00,2026-02-18T04:52:25+00:00,54000
M1,C02,2026-02-18T04:52:25+00:00,2026-02-18T05:22:25+00:00,1800
M1,C02,2026-02-18T05:37:25+00:00,2026-02-18T14:37:25+00:00,32400
M1,C02,2026-02-18T14:37:25+00:00,2026-02-19T06:07:25+00:00,55800
M1,C02,2026-02-19T06:07:25+00:00,2026-02-19T09:07:25+00:00,10800
M1,C02,2026-02-19T09:07:25+00:00,2026-02-19T22:07:25+00:00,46800
M1,C02,2026-02-19T22:07:25+00:00,2026-02-20T06:52:25+00:00,31500
M1,C02,2026-02-20T06:52:25+00:00,2026-02-20T10:07:25+00:00,11700
M1,C02,2026-02-20T10:07:25+00:00,2026-02-21T13:07:25+00:00,97200
M1,C02,2026-02-21T13:07:25+00:00,2026-02-23T11:52:26+00:00,168301
M1,C02,2026-02-23T11:52:26+00:00,2026-05-20T22:22:26+00:00,7468200
M1,C07,2022-08-10T18:52:25+00:00,2022-08-10T19:22:25+00:00,1800
M1,C07,2022-08-15T21:20:28+00:00,2022-08-15T21:52:25+00:00,1917
M1,C07,2022-08-17T18:59:24+00:00,2022-08-17T19:22:24+00:00,1380
M1,C07,2022-08-21T18:59:24+00:00,2022-08-21T19:22:24+00:00,1380
M1,C07,2022-08-24T13:24:25+00:00,2022-08-24T13:52:25+00:00,1680
M1,C07,2022-08-25T11:52:25+00:00,2022-08-25T12:24:25+00:00,1920
M1,C07,2022-08-25T18:54:24+00:00,2022-08-25T19:24:24+00:00,1800
M1,C07,2022-08-26T18:52:25+00:00,2022-08-26T19:22:25+00:00,1800
M1,C07,2022-08-29T16:20:27+00:00,2022-08-29T17:05:29+00:00,2702
M1,C07,2022-08-29T17:05:29+00:00,2022-08-29T17:52:24+00:00,2815
M1,C07,2022-08-29T18:54:24+00:00,2022-08-29T19:24:24+00:00,1800
M1,C07,2022-08-29T19:24:24+00:00,2022-08-29T19:52:24+00:00,1680
M1,C07,2022-09-02T14:59:25+00:00,2022-09-02T15:22:26+00:00,1381
M1,C07,2022-09-02T18:59:24+00:00,2022-09-02T19:22:24+00:00,1380
M1,C07,2022-09-05T09:13:27+00:00,2022-09-05T09:37:25+00:00,1438
M1,C07,2022-09-06T14:59:25+00:00,2022-09-06T15:22:26+00:00,1381
M1,C07,2022-09-06T18:59:24+00:00,2022-09-06T19:22:24+00:00,1380
M1,C07,2022-09-06T20:52:24+00:00,2022-09-06T21:22:24+00:00,1800
M1,C07,2022-09-07T16:24:25+00:00,2022-09-07T16:52:25+00:00,1680
M1,C07,2022-09-08T15:54:25+00:00,2022-10-13T16:24:25+00:00,3025800
M1,C07,2022-10-13T20:24:25+00:00,2022-10-13T20:52:25+00:00,1680
M1,C07,2022-10-14T18:59:24+00:00,2022-10-14T19:22:24+00:00,1380
M1,C07,2022-10-17T02:14:25+00:00,2022-10-17T02:52:25+00:00,2280
M1,C07,2022-10-18T15:24:25+00:00,2022-10-18T15:52:25+00:00,1680
M1,C07,2022-10-20T18:59:24+00:00,2022-10-20T19:22:24+00:00,1380
M1,C07,2022-10-26T18:59:24+00:00,2022-10-26T19:22:24+00:00,1380
M1,C07,2022-10-31T21:24:25+00:00,2022-10-31T21:52:25+00:00,1680
M1,C07,2022-11-01T18:59:24+00:00,2022-11-01T19:22:24+00:00,1380
M1,C07,2022-11-07T18:59:24+00:00,2022-11-07T19:22:24+00:00,1380
M1,C07,2022-11-07T19:50:27+00:00,2022-11-08T01:36:24+00:00,20757
M1,C07,2022-11-14T18:59:24+00:00,2022-11-14T19:22:24+00:00,1380
M1,C07,2022-11-15T20:24:25+00:00,2022-11-15T20:52:25+00:00,1680
M1,C07,2022-11-16T16:52:25+00:00,2023-01-04T18:37:25+00:00,4239900
M1,C07,2023-01-09T18:59:24+00:00,2023-01-09T19:22:24+00:00,1380
M1,C07,2023-01-11T20:52:25+00:00,2023-01-11T21:24:25+00:00,1920
M1,C07,2023-01-19T18:59:26+00:00,2023-01-19T19:22:26+00:00,1380
M1,C07,2023-01-23T12:37:25+00:00,2023-01-23T13:07:25+00:00,1800
M1,C07,2023-01-24T13:07:25+00:00,2023-01-24T13:36:25+00:00,1740
M1,C07,2023-01-24T18:22:25+00:00,2023-01-24T18:54:25+00:00,1920
M1,C07,2023-01-24T19:24:25+00:00,2023-01-24T19:52:25+00:00,1680
M1,C07,2023-01-25T03:07:25+00:00,2023-01-25T03:37:25+00:00,1800
M1,C07,2023-01-26T04:37:25+00:00,2023-01-26T05:07:25+00:00,1800
M1,C07,2023-01-27T10:07:25+00:00,2023-01-27T10:37:25+00:00,1800
M1,C07,2023-01-28T02:37:26+00:00,2023-01-28T03:07:26+00:00,1800
M1,C07,2023-01-28T11:37:26+00:00,2023-01-28T12:07:26+00:00,1800
M1,C07,2023-01-29T18:59:24+00:00,2023-01-29T19:22:24+00:00,1380
M1,C07,2023-01-30T16:07:25+00:00,2023-01-30T16:37:25+00:00,1800
M1,C07,2023-02-03T04:37:25+00:00,2023-02-03T05:07:25+00:00,1800
M1,C07,2023-02-03T05:07:25+00:00,2023-02-03T05:37:25+00:00,1800
M1,C07,2023-02-05T06:37:25+00:00,2023-02-05T07:07:25+00:00,1800
M1,C07,2023-02-05T07:07:25+00:00,2023-02-05T07:37:25+00:00,1800
M1,C07,2023-02-05T08:37:25+00:00,2023-02-05T09:07:25+00:00,1800
M1,C07,2023-02-05T10:07:25+00:00,2023-02-05T10:37:25+00:00,1800
M1,C07,2023-02-05T11:37:25+00:00,2023-02-05T12:07:25+00:00,1800
M1,C07,2023-02-05T13:07:25+00:00,2023-02-05T13:37:25+00:00,1800
M1,C07,2023-02-05T13:52:25+00:00,2023-02-05T14:22:25+00:00,1800
M1,C07,2023-02-05T15:07:25+00:00,2023-02-05T15:37:25+00:00,1800
M1,C07,2023-02-06T05:37:26+00:00,2023-02-06T06:07:26+00:00,1800
M1,C07,2023-02-06T06:37:26+00:00,2023-02-06T07:07:26+00:00,1800
M1,C07,2023-02-06T10:37:26+00:00,2023-02-06T11:07:26+00:00,1800
M1,C07,2023-02-06T13:37:26+00:00,2023-02-06T14:07:26+00:00,1800
M1,C07,2023-02-06T17:07:26+00:00,2023-02-06T17:37:26+00:00,1800
M1,C07,2023-02-06T18:07:26+00:00,2023-02-06T18:37:26+00:00,1800
M1,C07,2023-02-07T02:37:26+00:00,2023-02-07T03:07:26+00:00,1800
M1,C07,2023-02-07T03:37:26+00:00,2023-02-07T04:07:26+00:00,1800
M1,C07,2023-02-07T04:07:26+00:00,2023-02-07T04:37:26+00:00,1800
M1,C07,2023-02-07T07:22:26+00:00,2023-02-07T07:52:26+00:00,1800
M1,C07,2023-02-07T08:37:26+00:00,2023-02-07T09:07:26+00:00,1800
M1,C07,2023-02-07T19:07:26+00:00,2023-02-07T19:37:26+00:00,1800
M1,C07,2023-02-07T20:37:26+00:00,2023-02-07T21:07:26+00:00,1800
M1,C07,2023-02-08T05:22:26+00:00,2023-02-08T05:52:26+00:00,1800
M1,C07,2023-02-08T07:37:26+00:00,2023-02-08T08:07:26+00:00,1800
M1,C07,2023-02-08T22:07:26+00:00,2023-02-08T22:37:26+00:00,1800
M1,C07,2023-02-09T10:37:26+00:00,2023-02-09T11:07:26+00:00,1800
M1,C07,2023-02-09T13:07:26+00:00,2023-02-09T13:52:26+00:00,2700
M1,C07,2023-02-09T14:52:26+00:00,2023-02-09T15:19:26+00:00,1620
M1,C07,2023-02-09T18:59:24+00:00,2023-02-09T19:22:24+00:00,1380
M1,C07,2023-02-13T09:22:25+00:00,2023-02-13T09:52:25+00:00,1800
M1,C07,2023-02-13T11:37:25+00:00,2023-02-13T12:07:25+00:00,1800
M1,C07,2023-02-14T03:22:25+00:00,2023-02-14T03:52:25+00:00,1800
M1,C07,2023-02-14T07:22:25+00:00,2023-02-14T07:52:25+00:00,1800
M1,C07,2023-02-15T07:07:25+00:00,2023-02-15T07:37:25+00:00,1800
M1,C07,2023-02-16T00:37:25+00:00,2023-02-16T01:07:25+00:00,1800
M1,C07,2023-02-16T12:37:25+00:00,2023-02-16T13:07:25+00:00,1800
M1,C07,2023-02-19T11:07:26+00:00,2023-02-19T11:37:26+00:00,1800
M1,C07,2023-02-19T12:07:26+00:00,2023-02-19T12:37:26+00:00,1800
M1,C07,2023-02-19T13:37:26+00:00,2023-02-19T14:07:26+00:00,1800
M1,C07,2023-02-20T19:07:26+00:00,2023-02-20T20:37:26+00:00,5400
M1,C07,2023-02-21T18:59:24+00:00,2023-02-21T19:22:24+00:00,1380
M1,C07,2023-02-27T13:22:25+00:00,2023-02-27T13:52:25+00:00,1800
M1,C07,2023-02-27T17:22:25+00:00,2023-02-27T17:54:25+00:00,1920
M1,C07,2023-02-27T19:24:25+00:00,2023-02-27T20:07:25+00:00,2580
M1,C07,2023-02-28T04:52:25+00:00,2023-02-28T05:22:25+00:00,1800
M1,C07,2023-02-28T21:22:25+00:00,2023-02-28T21:52:25+00:00,1800
M1,C07,2023-03-01T18:00:29+00:00,2023-03-01T18:37:26+00:00,2217
M1,C07,2023-03-02T04:07:26+00:00,2023-03-02T04:37:26+00:00,1800
M1,C07,2023-03-02T21:07:26+00:00,2023-03-02T21:52:26+00:00,2700
M1,C07,2023-03-03T04:07:26+00:00,2023-03-03T04:37:26+00:00,1800
M1,C07,2023-03-03T21:07:26+00:00,2023-03-03T21:52:26+00:00,2700
M1,C07,2023-03-04T21:07:26+00:00,2023-03-04T21:52:26+00:00,2700
M1,C07,2023-03-05T07:37:26+00:00,2023-03-05T08:07:26+00:00,1800
M1,C07,2023-03-05T21:07:26+00:00,2023-03-05T21:52:26+00:00,2700
M1,C07,2023-03-06T15:37:26+00:00,2023-03-06T17:22:24+00:00,6298
M1,C07,2023-03-06T18:59:24+00:00,2023-03-06T19:22:24+00:00,1380
M1,C07,2023-03-06T21:07:24+00:00,2023-03-06T21:52:24+00:00,2700
M1,C07,2023-03-07T21:06:25+00:00,2023-03-07T21:54:25+00:00,2880
M1,C07,2023-03-08T16:27:25+00:00,2023-03-08T17:37:25+00:00,4200
M1,C07,2023-03-08T21:07:25+00:00,2023-03-08T21:51:55+00:00,2670
M1,C07,2023-03-09T21:06:55+00:00,2023-03-09T21:51:55+00:00,2700
M1,C07,2023-03-10T21:06:55+00:00,2023-03-10T21:51:55+00:00,2700
M1,C07,2023-03-11T01:36:55+00:00,2023-03-11T02:06:55+00:00,1800
M1,C07,2023-03-11T21:06:55+00:00,2023-03-11T21:51:55+00:00,2700
M1,C07,2023-03-12T21:06:55+00:00,2023-03-12T21:51:55+00:00,2700
M1,C07,2023-03-13T11:36:55+00:00,2023-03-13T12:06:55+00:00,1800
M1,C07,2023-03-13T19:54:55+00:00,2023-03-13T20:21:55+00:00,1620
M1,C07,2023-03-13T21:06:56+00:00,2023-03-13T21:36:56+00:00,1800
M1,C07,2023-03-14T21:06:56+00:00,2023-03-14T21:36:56+00:00,1800
M1,C07,2023-03-15T19:54:56+00:00,2023-03-15T20:21:56+00:00,1620
M1,C07,2023-03-16T08:36:56+00:00,2023-03-16T09:06:56+00:00,1800
M1,C07,2023-03-16T12:51:56+00:00,2023-03-16T13:24:56+00:00,1980
M1,C07,2023-03-16T17:54:56+00:00,2023-03-16T18:24:56+00:00,1800
M1,C07,2023-03-18T21:06:56+00:00,2023-03-18T21:36:56+00:00,1800
M1,C07,2023-03-19T05:06:56+00:00,2023-03-19T05:36:56+00:00,1800
M1,C07,2023-03-19T11:36:56+00:00,2023-03-19T12:06:56+00:00,1800
M1,C07,2023-03-24T21:37:25+00:00,2023-03-24T22:07:25+00:00,1800
M1,C07,2023-03-29T10:22:26+00:00,2023-03-29T10:52:26+00:00,1800
M1,C07,2023-03-30T06:07:26+00:00,2023-03-30T06:37:26+00:00,1800
M1,C07,2023-03-31T15:22:26+00:00,2023-04-10T06:37:26+00:00,832500
M1,C07,2023-04-11T18:24:26+00:00,2023-04-11T19:06:24+00:00,2518
M1,C07,2023-04-11T20:06:24+00:00,2023-04-11T20:37:24+00:00,1860
M1,C07,2023-04-17T14:59:25+00:00,2023-04-17T15:22:26+00:00,1381
M1,C07,2023-04-17T22:37:24+00:00,2023-04-18T19:52:25+00:00,76501
M1,C07,2023-04-29T14:59:26+00:00,2023-04-29T15:22:26+00:00,1380
M1,C07,2023-04-29T18:59:24+00:00,2023-04-29T19:22:24+00:00,1380
M1,C07,2023-05-02T12:10:28+00:00,2023-05-02T14:52:25+00:00,9717
M1,C07,2023-05-08T17:24:26+00:00,2023-05-08T17:54:26+00:00,1800
M1,C07,2023-05-08T20:54:26+00:00,2023-05-08T21:22:26+00:00,1680
M1,C07,2023-05-13T14:59:27+00:00,2023-05-13T15:22:26+00:00,1379
M1,C07,2023-05-16T12:07:25+00:00,2023-05-16T12:37:25+00:00,1800
M1,C07,2023-05-23T06:22:26+00:00,2023-05-23T06:52:26+00:00,1800
M1,C07,2023-05-25T20:37:26+00:00,2023-05-25T21:07:26+00:00,1800
M1,C07,2023-05-27T14:59:27+00:00,2023-05-27T15:22:26+00:00,1379
M1,C07,2023-06-04T23:52:26+00:00,2023-06-05T00:22:26+00:00,1800
M1,C07,2023-06-05T11:52:26+00:00,2023-06-05T12:24:26+00:00,1920
M1,C07,2023-06-07T14:59:27+00:00,2023-06-07T15:22:26+00:00,1379
M1,C07,2023-06-12T03:22:25+00:00,2023-06-12T03:52:25+00:00,1800
M1,C07,2023-06-12T05:52:25+00:00,2023-06-12T06:22:25+00:00,1800
M1,C07,2023-06-12T06:37:25+00:00,2023-06-12T07:07:25+00:00,1800
M1,C07,2023-06-12T09:07:25+00:00,2023-06-12T09:37:25+00:00,1800
M1,C07,2023-06-12T13:52:25+00:00,2023-06-12T14:22:25+00:00,1800
M1,C07,2023-06-16T16:24:26+00:00,2023-06-16T16:52:26+00:00,1680
M1,C07,2023-06-17T13:22:26+00:00,2023-06-21T21:22:27+00:00,374401
M1,C07,2023-06-25T13:07:25+00:00,2023-06-25T14:22:25+00:00,4500
M1,C07,2023-07-05T22:06:27+00:00,2023-07-05T22:37:27+00:00,1860
M1,C07,2023-07-05T23:37:27+00:00,2023-07-06T00:06:27+00:00,1740
M1,C07,2023-07-11T01:52:25+00:00,2023-07-11T02:22:25+00:00,1800
M1,C07,2023-07-11T12:22:25+00:00,2023-07-11T12:54:25+00:00,1920
M1,C07,2023-07-11T21:24:25+00:00,2023-07-11T21:52:25+00:00,1680
M1,C07,2023-07-15T20:37:26+00:00,2023-07-15T21:07:26+00:00,1800
M1,C07,2023-07-15T21:37:26+00:00,2023-07-15T22:07:26+00:00,1800
M1,C07,2023-07-22T18:59:24+00:00,2023-07-22T19:22:24+00:00,1380
M1,C07,2023-07-24T20:06:25+00:00,2023-07-24T20:37:25+00:00,1860
M1,C07,2023-07-24T21:24:25+00:00,2023-07-24T21:52:25+00:00,1680
M1,C07,2023-07-25T18:24:25+00:00,2023-07-25T18:52:25+00:00,1680
M1,C07,2023-07-26T12:52:25+00:00,2023-07-26T13:24:25+00:00,1920
M1,C07,2023-07-27T16:22:25+00:00,2023-07-27T16:52:25+00:00,1800
M1,C07,2023-07-27T17:37:25+00:00,2023-07-27T18:52:25+00:00,4500
M1,C07,2023-07-27T23:52:25+00:00,2023-07-28T00:22:25+00:00,1800
M1,C07,2023-07-30T20:07:26+00:00,2023-07-30T20:37:26+00:00,1800
M1,C07,2023-08-01T12:22:26+00:00,2023-08-01T12:54:26+00:00,1920
M1,C07,2023-08-01T15:54:26+00:00,2023-08-01T16:24:26+00:00,1800
M1,C07,2023-08-01T16:24:26+00:00,2023-08-01T16:54:26+00:00,1800
M1,C07,2023-08-01T17:54:26+00:00,2023-08-01T18:24:26+00:00,1800
M1,C07,2023-08-01T18:24:26+00:00,2023-08-01T19:06:26+00:00,2520
M1,C07,2023-08-01T19:06:26+00:00,2023-08-01T19:37:26+00:00,1860
M1,C07,2023-08-04T14:39:27+00:00,2023-08-04T16:07:27+00:00,5280
M1,C07,2023-08-05T08:37:27+00:00,2023-08-05T09:07:27+00:00,1800
M1,C07,2023-08-14T12:22:26+00:00,2023-08-14T12:54:26+00:00,1920
M1,C07,2023-08-14T20:54:26+00:00,2023-08-14T21:24:26+00:00,1800
M1,C07,2023-08-16T01:24:26+00:00,2023-08-16T01:52:26+00:00,1680
M1,C07,2023-08-16T14:22:26+00:00,2023-08-16T14:54:26+00:00,1920
M1,C07,2023-08-20T12:22:25+00:00,2023-08-20T12:52:25+00:00,1800
M1,C07,2023-08-20T18:37:25+00:00,2023-08-23T00:22:25+00:00,193500
M1,C07,2023-09-04T14:59:25+00:00,2023-09-04T15:22:26+00:00,1381
M1,C07,2023-09-11T18:57:25+00:00,2023-09-11T20:37:25+00:00,6000
M1,C07,2023-09-14T09:22:26+00:00,2023-09-14T23:52:26+00:00,52200
M1,C07,2023-09-15T09:07:26+00:00,2023-09-27T01:37:26+00:00,1009800
M1,C07,2023-09-27T20:37:26+00:00,2023-09-27T21:22:26+00:00,2700
M1,C07,2023-09-27T22:37:26+00:00,2023-09-27T23:06:26+00:00,1740
M1,C07,2023-09-28T20:37:26+00:00,2023-09-28T21:22:26+00:00,2700
M1,C07,2023-09-29T20:52:26+00:00,2023-09-29T21:22:26+00:00,1800
M1,C07,2023-09-30T20:37:24+00:00,2023-09-30T21:22:24+00:00,2700
M1,C07,2023-10-01T15:22:25+00:00,2023-10-01T15:52:25+00:00,1800
M1,C07,2023-10-01T15:52:25+00:00,2023-10-04T22:52:25+00:00,284400
M1,C07,2023-10-05T20:37:25+00:00,2023-10-05T21:22:25+00:00,2700
M1,C07,2023-10-06T20:37:25+00:00,2023-10-06T21:22:25+00:00,2700
M1,C07,2023-10-07T20:37:25+00:00,2023-10-07T21:22:25+00:00,2700
M1,C07,2023-10-08T20:37:25+00:00,2023-10-08T21:37:25+00:00,3600
M1,C07,2023-10-09T20:37:26+00:00,2023-10-09T21:22:26+00:00,2700
M1,C07,2023-10-10T20:37:26+00:00,2023-10-10T21:22:26+00:00,2700
M1,C07,2023-10-11T20:37:26+00:00,2023-10-11T21:22:26+00:00,2700
M1,C07,2023-10-12T16:24:26+00:00,2023-10-12T16:52:26+00:00,1680
M1,C07,2023-10-12T20:37:26+00:00,2023-10-12T21:22:26+00:00,2700
M1,C07,2023-10-13T20:37:26+00:00,2023-10-13T21:22:26+00:00,2700
M1,C07,2023-10-14T18:59:24+00:00,2023-10-14T19:22:24+00:00,1380
M1,C07,2023-10-14T20:37:24+00:00,2023-10-14T21:22:24+00:00,2700
M1,C07,2023-10-15T20:37:25+00:00,2023-10-15T21:22:25+00:00,2700
M1,C07,2023-10-16T20:37:25+00:00,2023-10-16T21:22:25+00:00,2700
M1,C07,2023-10-17T14:57:25+00:00,2023-10-17T16:07:25+00:00,4200
M1,C07,2023-10-17T20:37:25+00:00,2023-10-17T21:07:25+00:00,1800
M1,C07,2023-10-18T20:37:25+00:00,2023-10-18T21:22:25+00:00,2700
M1,C07,2023-10-19T16:22:25+00:00,2023-10-19T16:54:25+00:00,1920
M1,C07,2023-10-19T17:24:25+00:00,2023-10-19T17:52:25+00:00,1680
M1,C07,2023-10-20T20:52:25+00:00,2023-10-20T21:22:25+00:00,1800
M1,C07,2023-10-25T13:37:26+00:00,2023-10-25T22:52:26+00:00,33300
M1,C07,2023-10-26T08:52:26+00:00,2023-10-26T14:52:26+00:00,21600
M1,C07,2023-10-29T20:37:25+00:00,2023-10-29T21:07:25+00:00,1800
M1,C07,2023-10-30T18:22:25+00:00,2023-10-30T18:54:25+00:00,1920
M1,C07,2023-11-01T20:37:25+00:00,2023-11-01T21:07:25+00:00,1800
M1,C07,2023-11-02T20:37:25+00:00,2023-11-02T21:22:25+00:00,2700
M1,C07,2023-11-03T20:37:25+00:00,2023-11-03T21:07:25+00:00,1800
M1,C07,2023-11-04T20:37:26+00:00,2023-11-04T21:22:26+00:00,2700
M1,C07,2023-11-05T20:52:26+00:00,2023-11-05T21:22:26+00:00,1800
M1,C07,2023-11-08T13:22:26+00:00,2023-11-08T13:54:26+00:00,1920
M1,C07,2023-11-08T21:54:26+00:00,2023-11-08T22:22:26+00:00,1680
M1,C07,2023-11-10T00:22:26+00:00,2023-11-10T00:52:26+00:00,1800
M1,C07,2023-11-10T20:22:27+00:00,2023-11-10T21:07:27+00:00,2700
M1,C07,2023-11-11T18:59:24+00:00,2023-11-11T19:22:24+00:00,1380
M1,C07,2023-11-12T20:37:25+00:00,2023-11-12T21:07:25+00:00,1800
M1,C07,2023-11-14T11:52:25+00:00,2023-11-14T12:22:25+00:00,1800
M1,C07,2023-11-15T18:22:25+00:00,2023-11-15T18:52:25+00:00,1800
M1,C07,2023-11-16T01:07:25+00:00,2023-11-16T02:22:25+00:00,4500
M1,C07,2023-11-28T21:24:25+00:00,2023-11-28T21:52:25+00:00,1680
M1,C07,2023-11-30T13:52:25+00:00,2023-11-30T14:24:25+00:00,1920
M1,C07,2023-12-04T17:36:26+00:00,2023-12-04T18:52:26+00:00,4560
M1,C07,2023-12-07T15:39:26+00:00,2023-12-07T16:22:26+00:00,2580
M1,C07,2023-12-11T14:54:27+00:00,2023-12-11T15:24:26+00:00,1799
M1,C07,2023-12-14T17:22:25+00:00,2023-12-14T17:52:25+00:00,1800
M1,C07,2023-12-16T09:26:25+00:00,2023-12-19T03:22:26+00:00,237361
M1,C07,2023-12-21T02:52:26+00:00,2023-12-21T03:22:26+00:00,1800
M1,C07,2023-12-22T04:52:26+00:00,2023-12-22T05:22:26+00:00,1800
M1,C07,2023-12-22T07:22:26+00:00,2023-12-22T08:22:26+00:00,3600
M1,C07,2024-01-03T16:07:26+00:00,2024-01-03T16:37:26+00:00,1800
M1,C07,2024-01-08T18:59:24+00:00,2024-01-08T19:22:24+00:00,1380
M1,C07,2024-01-12T23:52:25+00:00,2024-01-16T18:52:26+00:00,327601
M1,C07,2024-01-22T16:29:24+00:00,2024-01-22T19:37:24+00:00,11280
M1,C07,2024-01-26T02:07:25+00:00,2024-01-26T02:37:25+00:00,1800
M1,C07,2024-02-12T17:54:26+00:00,2024-02-12T18:22:26+00:00,1680
M1,C07,2024-02-15T12:59:26+00:00,2024-02-15T15:54:26+00:00,10500
M1,C07,2024-02-15T21:07:26+00:00,2024-02-15T21:52:26+00:00,2700
M1,C07,2024-02-16T21:07:26+00:00,2024-02-16T21:52:26+00:00,2700
M1,C07,2024-02-19T21:07:24+00:00,2024-02-19T21:37:24+00:00,1800
M1,C07,2024-02-22T21:07:25+00:00,2024-02-22T21:37:25+00:00,1800
M1,C07,2024-02-23T21:22:25+00:00,2024-02-23T21:52:25+00:00,1800
M1,C07,2024-02-24T21:07:25+00:00,2024-02-24T21:52:25+00:00,2700
M1,C07,2024-02-25T21:07:25+00:00,2024-02-25T21:52:25+00:00,2700
M1,C07,2024-02-25T23:04:25+00:00,2024-02-26T00:07:25+00:00,3780
M1,C07,2024-02-26T21:07:26+00:00,2024-02-26T21:52:26+00:00,2700
M1,C07,2024-02-27T21:07:26+00:00,2024-02-27T21:52:26+00:00,2700
M1,C07,2024-02-28T21:07:26+00:00,2024-02-28T21:52:26+00:00,2700
M1,C07,2024-02-29T21:07:26+00:00,2024-02-29T21:52:26+00:00,2700
M1,C07,2024-03-01T21:07:26+00:00,2024-03-01T21:52:26+00:00,2700
M1,C07,2024-03-03T21:07:27+00:00,2024-03-03T21:52:27+00:00,2700
M1,C07,2024-03-04T21:07:24+00:00,2024-03-04T21:52:24+00:00,2700
M1,C07,2024-03-05T21:07:25+00:00,2024-03-05T21:37:25+00:00,1800
M1,C07,2024-03-06T21:06:25+00:00,2024-03-06T21:37:25+00:00,1860
M1,C07,2024-03-08T16:37:25+00:00,2024-03-08T17:07:25+00:00,1800
M1,C07,2024-03-09T21:07:25+00:00,2024-03-09T21:37:25+00:00,1800
M1,C07,2024-03-10T21:07:25+00:00,2024-03-10T21:37:25+00:00,1800
M1,C07,2024-03-14T21:22:26+00:00,2024-03-14T21:52:26+00:00,1800
M1,C07,2024-03-15T21:07:26+00:00,2024-03-15T21:37:26+00:00,1800
M1,C07,2024-03-16T20:52:26+00:00,2024-03-16T21:22:26+00:00,1800
M1,C07,2024-03-17T21:07:27+00:00,2024-03-17T21:37:27+00:00,1800
M1,C07,2024-03-18T21:07:24+00:00,2024-03-18T21:52:24+00:00,2700
M1,C07,2024-03-20T21:07:25+00:00,2024-03-20T21:37:25+00:00,1800
M1,C07,2024-03-21T21:22:25+00:00,2024-03-21T21:52:25+00:00,1800
M1,C07,2024-03-25T21:07:25+00:00,2024-03-25T21:37:25+00:00,1800
M1,C07,2024-03-26T21:07:26+00:00,2024-03-26T21:37:26+00:00,1800
M1,C07,2024-03-28T15:29:26+00:00,2024-03-28T16:37:26+00:00,4080
M1,C07,2024-04-01T18:59:24+00:00,2024-04-01T19:22:24+00:00,1380
M1,C07,2024-04-07T09:14:31+00:00,2024-04-07T09:37:25+00:00,1374
M1,C07,2024-04-15T19:59:23+00:00,2024-04-15T20:22:23+00:00,1380
M1,C07,2024-04-17T14:59:23+00:00,2024-04-17T15:22:26+00:00,1383
M1,C07,2024-04-17T22:22:24+00:00,2024-04-17T22:52:24+00:00,1800
M1,C07,2024-04-23T22:10:28+00:00,2024-04-24T00:07:25+00:00,7017
M1,C07,2024-04-29T14:54:26+00:00,2024-04-29T15:24:26+00:00,1800
M1,C07,2024-05-07T16:56:26+00:00,2024-05-07T17:22:26+00:00,1560
M1,C07,2024-05-08T21:31:26+00:00,2024-05-09T00:51:26+00:00,12000
M1,C07,2024-05-13T14:59:27+00:00,2024-05-13T15:22:26+00:00,1379
M1,C07,2024-05-19T17:52:25+00:00,2024-05-19T18:22:25+00:00,1800
M1,C07,2024-05-23T11:37:26+00:00,2024-05-23T12:07:26+00:00,1800
M1,C07,2024-05-23T23:52:26+00:00,2024-05-24T00:22:26+00:00,1800
M1,C07,2024-05-24T15:22:26+00:00,2024-05-24T15:52:26+00:00,1800
M1,C07,2024-05-25T19:22:27+00:00,2024-05-25T19:52:27+00:00,1800
M1,C07,2024-05-26T20:52:27+00:00,2024-05-26T21:22:27+00:00,1800
M1,C07,2024-05-27T14:59:27+00:00,2024-05-27T15:22:26+00:00,1379
M1,C07,2024-05-29T22:37:25+00:00,2024-05-29T23:22:25+00:00,2700
M1,C07,2024-05-30T00:07:25+00:00,2024-05-30T00:37:25+00:00,1800
M1,C07,2024-05-31T00:07:25+00:00,2024-05-31T00:37:25+00:00,1800
M1,C07,2024-06-03T16:09:26+00:00,2024-06-03T16:46:26+00:00,2220
M1,C07,2024-06-04T17:37:26+00:00,2024-06-04T18:07:26+00:00,1800
M1,C07,2024-06-04T21:37:26+00:00,2024-06-04T22:07:26+00:00,1800
M1,C07,2024-06-07T18:22:27+00:00,2024-06-07T18:52:27+00:00,1800
M1,C07,2024-06-08T23:22:27+00:00,2024-06-08T23:52:27+00:00,1800
M1,C07,2024-06-09T18:36:57+00:00,2024-06-09T19:06:57+00:00,1800
M1,C07,2024-06-12T21:24:25+00:00,2024-06-12T21:54:25+00:00,1800
M1,C07,2024-06-15T11:54:26+00:00,2024-06-15T12:17:26+00:00,1380
M1,C07,2024-06-16T09:37:26+00:00,2024-06-16T10:07:26+00:00,1800
M1,C07,2024-06-16T18:07:26+00:00,2024-06-16T18:37:26+00:00,1800
M1,C07,2024-06-16T19:07:26+00:00,2024-06-16T19:37:26+00:00,1800
M1,C07,2024-06-16T20:07:26+00:00,2024-06-16T20:37:26+00:00,1800
M1,C07,2024-06-17T00:52:26+00:00,2024-06-17T01:22:26+00:00,1800
M1,C07,2024-06-17T01:37:26+00:00,2024-06-17T02:07:26+00:00,1800
M1,C07,2024-06-17T03:37:26+00:00,2024-06-17T04:07:26+00:00,1800
M1,C07,2024-06-20T20:37:27+00:00,2024-06-20T21:06:27+00:00,1740
M1,C07,2024-06-24T18:59:24+00:00,2024-06-24T19:22:24+00:00,1380
M1,C07,2024-06-26T01:42:55+00:00,2024-06-26T03:36:55+00:00,6840
M1,C07,2024-06-26T21:51:55+00:00,2024-06-26T22:21:55+00:00,1800
M1,C07,2024-06-27T16:36:55+00:00,2024-06-27T17:06:55+00:00,1800
M1,C07,2024-06-28T17:36:55+00:00,2024-06-28T18:06:55+00:00,1800
M1,C07,2024-06-28T20:51:55+00:00,2024-06-28T21:21:55+00:00,1800
M1,C07,2024-06-30T00:53:56+00:00,2024-06-30T02:51:56+00:00,7080
M1,C07,2024-07-02T13:01:56+00:00,2024-07-02T13:36:56+00:00,2100
M1,C07,2024-07-02T19:36:56+00:00,2024-07-02T20:06:56+00:00,1800
M1,C07,2024-07-13T21:22:26+00:00,2024-07-13T21:52:26+00:00,1800
M1,C07,2024-07-21T19:37:27+00:00,2024-07-21T20:07:27+00:00,1800
M1,C07,2024-07-21T23:37:27+00:00,2024-07-22T00:07:27+00:00,1800
M1,C07,2024-07-22T18:58:24+00:00,2024-07-22T19:24:24+00:00,1560
M1,C07,2024-07-24T14:07:25+00:00,2024-07-24T14:37:25+00:00,1800
M1,C07,2024-07-29T14:22:26+00:00,2024-07-29T14:54:26+00:00,1920
M1,C07,2024-07-30T09:54:26+00:00,2024-07-30T10:37:26+00:00,2580
M1,C07,2024-07-30T17:37:26+00:00,2024-07-30T19:24:26+00:00,6420
M1,C07,2024-08-08T06:51:25+00:00,2024-08-08T08:07:25+00:00,4560
M1,C07,2024-08-12T10:07:26+00:00,2024-08-12T10:37:26+00:00,1800
M1,C07,2024-08-12T11:07:26+00:00,2024-08-12T11:37:26+00:00,1800
M1,C07,2024-09-02T14:59:26+00:00,2024-09-02T15:22:26+00:00,1380
M1,C07,2024-09-03T04:37:24+00:00,2024-09-03T19:37:25+00:00,54001
M1,C07,2024-09-04T09:14:30+00:00,2024-09-04T09:37:25+00:00,1375
M1,C07,2024-09-04T17:53:25+00:00,2024-09-05T01:07:25+00:00,26040
M1,C07,2024-09-08T20:37:25+00:00,2024-09-08T21:22:25+00:00,2700
M1,C07,2024-09-09T01:52:25+00:00,2024-09-09T02:22:25+00:00,1800
M1,C07,2024-09-09T15:54:25+00:00,2024-09-09T17:37:25+00:00,6180
M1,C07,2024-09-09T17:37:25+00:00,2024-09-09T18:06:25+00:00,1740
M1,C07,2024-09-09T18:24:25+00:00,2024-09-09T18:54:25+00:00,1800
M1,C07,2024-09-09T18:54:25+00:00,2024-09-09T19:24:25+00:00,1800
M1,C07,2024-09-09T20:37:25+00:00,2024-09-09T21:24:25+00:00,2820
M1,C07,2024-09-10T04:37:25+00:00,2024-09-10T05:07:25+00:00,1800
M1,C07,2024-09-10T20:37:26+00:00,2024-09-10T21:52:26+00:00,4500
M1,C07,2024-09-10T22:07:26+00:00,2024-09-10T22:37:26+00:00,1800
M1,C07,2024-09-11T06:22:26+00:00,2024-09-11T06:52:26+00:00,1800
M1,C07,2024-09-11T20:37:26+00:00,2024-09-11T21:37:26+00:00,3600
M1,C07,2024-09-12T17:52:26+00:00,2024-09-12T18:22:26+00:00,1800
M1,C07,2024-09-12T19:07:26+00:00,2024-09-12T19:37:26+00:00,1800
M1,C07,2024-09-12T19:37:26+00:00,2024-09-12T20:22:26+00:00,2700
M1,C07,2024-09-12T20:37:26+00:00,2024-09-12T21:22:26+00:00,2700
M1,C07,2024-09-13T02:22:26+00:00,2024-09-13T02:52:26+00:00,1800
M1,C07,2024-09-13T03:37:26+00:00,2024-09-13T04:07:26+00:00,1800
M1,C07,2024-09-13T04:22:26+00:00,2024-09-13T04:52:26+00:00,1800
M1,C07,2024-09-13T05:37:26+00:00,2024-09-13T06:07:26+00:00,1800
M1,C07,2024-09-13T07:07:26+00:00,2024-09-13T07:37:26+00:00,1800
M1,C07,2024-09-13T07:37:26+00:00,2024-09-13T08:22:26+00:00,2700
M1,C07,2024-09-13T17:52:26+00:00,2024-09-13T18:37:26+00:00,2700
M1,C07,2024-09-13T20:37:26+00:00,2024-09-13T21:22:26+00:00,2700
M1,C07,2024-09-14T17:22:26+00:00,2024-09-14T17:52:26+00:00,1800
M1,C07,2024-09-14T20:07:26+00:00,2024-09-14T20:37:26+00:00,1800
M1,C07,2024-09-14T20:37:26+00:00,2024-09-14T21:37:26+00:00,3600
M1,C07,2024-09-15T04:37:26+00:00,2024-09-15T05:07:26+00:00,1800
M1,C07,2024-09-15T20:37:26+00:00,2024-09-15T21:22:26+00:00,2700
M1,C07,2024-09-16T14:59:26+00:00,2024-09-16T15:22:26+00:00,1380
M1,C07,2024-09-16T18:59:24+00:00,2024-09-16T19:22:24+00:00,1380
M1,C07,2024-09-16T20:37:24+00:00,2024-09-16T21:22:24+00:00,2700
M1,C07,2024-09-17T20:37:25+00:00,2024-09-17T21:22:25+00:00,2700
M1,C07,2024-09-18T20:37:25+00:00,2024-09-18T21:22:25+00:00,2700
M1,C07,2024-09-19T19:06:25+00:00,2024-09-19T19:37:25+00:00,1860
M1,C07,2024-09-19T20:24:25+00:00,2024-09-19T21:37:25+00:00,4380
M1,C07,2024-09-20T20:37:25+00:00,2024-09-20T21:24:25+00:00,2820
M1,C07,2024-09-21T06:06:25+00:00,2024-09-21T06:37:25+00:00,1860
M1,C07,2024-09-21T07:24:25+00:00,2024-09-21T07:54:25+00:00,1800
M1,C07,2024-09-21T19:24:25+00:00,2024-09-21T19:54:25+00:00,1800
M1,C07,2024-09-21T20:37:25+00:00,2024-09-21T21:24:25+00:00,2820
M1,C07,2024-09-22T20:37:25+00:00,2024-09-22T21:37:25+00:00,3600
M1,C07,2024-09-23T01:37:25+00:00,2024-09-23T02:06:25+00:00,1740
M1,C07,2024-09-23T04:24:25+00:00,2024-09-23T04:54:25+00:00,1800
M1,C07,2024-09-23T07:06:25+00:00,2024-09-23T07:37:25+00:00,1860
M1,C07,2024-09-23T07:54:25+00:00,2024-09-23T08:24:25+00:00,1800
M1,C07,2024-09-23T09:06:25+00:00,2024-09-23T09:37:25+00:00,1860
M1,C07,2024-09-23T09:37:25+00:00,2024-09-23T10:06:25+00:00,1740
M1,C07,2024-09-23T12:54:25+00:00,2024-09-23T13:24:25+00:00,1800
M1,C07,2024-09-23T18:54:25+00:00,2024-09-23T19:24:25+00:00,1800
M1,C07,2024-09-23T20:37:25+00:00,2024-09-23T21:24:25+00:00,2820
M1,C07,2024-09-23T21:24:25+00:00,2024-09-23T21:54:25+00:00,1800
M1,C07,2024-09-23T23:54:26+00:00,2024-09-24T00:24:26+00:00,1800
M1,C07,2024-09-24T20:24:26+00:00,2024-09-24T21:52:26+00:00,5280
M1,C07,2024-09-25T20:37:26+00:00,2024-09-25T21:22:26+00:00,2700
M1,C07,2024-09-26T20:37:26+00:00,2024-09-26T21:22:26+00:00,2700
M1,C07,2024-09-27T20:37:26+00:00,2024-09-27T21:37:26+00:00,3600
M1,C07,2024-09-28T18:37:26+00:00,2024-09-28T19:07:26+00:00,1800
M1,C07,2024-09-28T20:37:26+00:00,2024-09-28T21:37:26+00:00,3600
M1,C07,2024-09-29T20:22:26+00:00,2024-09-29T21:52:26+00:00,5400
M1,C07,2024-09-30T20:37:24+00:00,2024-09-30T21:37:24+00:00,3600
M1,C07,2024-10-01T20:37:25+00:00,2024-10-01T21:37:25+00:00,3600
M1,C07,2024-10-02T12:00:28+00:00,2024-10-02T15:37:25+00:00,13017
M1,C07,2024-10-02T17:37:25+00:00,2024-10-02T18:03:25+00:00,1560
M1,C07,2024-10-02T20:24:25+00:00,2024-10-02T21:37:25+00:00,4380
M1,C07,2024-10-03T20:24:25+00:00,2024-10-03T21:37:25+00:00,4380
M1,C07,2024-10-03T21:37:25+00:00,2024-10-03T22:52:25+00:00,4500
M1,C07,2024-10-04T19:52:25+00:00,2024-10-04T21:52:25+00:00,7200
M1,C07,2024-10-05T20:22:25+00:00,2024-10-05T21:37:25+00:00,4500
M1,C07,2024-10-06T02:52:25+00:00,2024-10-06T03:22:25+00:00,1800
M1,C07,2024-10-06T05:22:25+00:00,2024-10-06T05:52:25+00:00,1800
M1,C07,2024-10-06T20:22:25+00:00,2024-10-06T21:37:25+00:00,4500
M1,C07,2024-10-07T20:07:26+00:00,2024-10-07T21:37:26+00:00,5400
M1,C07,2024-10-07T21:52:26+00:00,2024-10-07T22:22:26+00:00,1800
M1,C07,2024-10-08T20:37:26+00:00,2024-10-08T21:22:26+00:00,2700
M1,C07,2024-10-09T20:37:23+00:00,2024-10-09T21:37:23+00:00,3600
M1,C07,2024-10-10T20:37:23+00:00,2024-10-10T21:22:23+00:00,2700
M1,C07,2024-10-11T09:52:23+00:00,2024-10-11T10:22:23+00:00,1800
M1,C07,2024-10-11T20:37:23+00:00,2024-10-11T21:37:23+00:00,3600
M1,C07,2024-10-12T08:37:23+00:00,2024-10-12T19:37:23+00:00,39600
M1,C07,2024-10-12T19:37:23+00:00,2024-10-22T09:37:26+00:00,828003
M1,C07,2024-10-22T20:37:26+00:00,2024-10-22T21:22:26+00:00,2700
M1,C07,2024-10-23T09:07:26+00:00,2024-10-23T09:37:26+00:00,1800
M1,C07,2024-10-23T16:22:26+00:00,2024-10-23T16:52:26+00:00,1800
M1,C07,2024-10-23T20:37:26+00:00,2024-10-23T21:22:26+00:00,2700
M1,C07,2024-10-24T09:07:26+00:00,2024-10-24T09:37:26+00:00,1800
M1,C07,2024-10-24T17:52:26+00:00,2024-10-24T18:22:26+00:00,1800
M1,C07,2024-10-24T20:37:26+00:00,2024-10-24T21:37:26+00:00,3600
M1,C07,2024-10-25T17:52:26+00:00,2024-10-25T18:22:26+00:00,1800
M1,C07,2024-10-25T20:37:26+00:00,2024-10-25T21:22:26+00:00,2700
M1,C07,2024-10-26T20:22:26+00:00,2024-10-26T21:22:26+00:00,3600
M1,C07,2024-10-26T23:07:26+00:00,2024-10-26T23:37:26+00:00,1800
M1,C07,2024-10-26T23:37:26+00:00,2024-10-27T00:07:26+00:00,1800
M1,C07,2024-10-27T18:37:27+00:00,2024-10-27T19:07:27+00:00,1800
M1,C07,2024-10-27T20:37:27+00:00,2024-10-27T21:22:27+00:00,2700
M1,C07,2024-10-27T21:52:27+00:00,2024-10-27T22:22:27+00:00,1800
M1,C07,2024-10-28T20:37:24+00:00,2024-10-28T21:22:24+00:00,2700
M1,C07,2024-10-29T20:37:25+00:00,2024-10-29T21:37:25+00:00,3600
M1,C07,2024-10-29T22:07:25+00:00,2024-10-29T22:37:25+00:00,1800
M1,C07,2024-10-29T22:37:25+00:00,2024-10-29T23:07:25+00:00,1800
M1,C07,2024-10-30T20:37:25+00:00,2024-10-30T21:22:25+00:00,2700
M1,C07,2024-10-31T20:37:25+00:00,2024-10-31T21:37:25+00:00,3600
M1,C07,2024-11-01T20:37:25+00:00,2024-11-01T21:22:25+00:00,2700
M1,C07,2024-11-02T20:37:25+00:00,2024-11-02T21:22:25+00:00,2700
M1,C07,2024-11-04T18:07:26+00:00,2024-11-04T18:37:26+00:00,1800
M1,C07,2024-11-05T20:22:26+00:00,2024-11-05T21:22:26+00:00,3600
M1,C07,2024-11-06T18:52:26+00:00,2024-11-06T19:22:26+00:00,1800
M1,C07,2024-11-06T19:22:26+00:00,2024-11-06T19:52:26+00:00,1800
M1,C07,2024-11-06T20:37:26+00:00,2024-11-06T21:37:26+00:00,3600
M1,C07,2024-11-06T21:37:26+00:00,2024-11-06T22:07:26+00:00,1800
M1,C07,2024-11-06T22:37:26+00:00,2024-11-06T23:07:26+00:00,1800
M1,C07,2024-11-06T23:07:26+00:00,2024-11-06T23:37:26+00:00,1800
M1,C07,2024-11-07T20:37:26+00:00,2024-11-07T21:07:26+00:00,1800
M1,C07,2024-11-08T01:07:26+00:00,2024-11-08T01:37:26+00:00,1800
M1,C07,2024-11-08T16:37:26+00:00,2024-11-08T17:07:26+00:00,1800
M1,C07,2024-11-08T20:37:26+00:00,2024-11-08T21:07:26+00:00,1800
M1,C07,2024-11-09T01:07:26+00:00,2024-11-09T01:37:26+00:00,1800
M1,C07,2024-11-09T16:37:26+00:00,2024-11-09T17:07:26+00:00,1800
M1,C07,2024-11-09T19:37:26+00:00,2024-11-09T20:22:26+00:00,2700
M1,C07,2024-11-10T20:37:27+00:00,2024-11-10T21:07:27+00:00,1800
M1,C07,2024-11-11T22:52:24+00:00,2024-11-11T23:22:24+00:00,1800
M1,C07,2024-11-12T08:37:24+00:00,2024-11-12T09:07:24+00:00,1800
M1,C07,2024-11-12T18:06:25+00:00,2024-11-12T18:37:25+00:00,1860
M1,C07,2024-11-12T20:37:25+00:00,2024-11-12T21:07:25+00:00,1800
M1,C07,2024-11-13T20:37:25+00:00,2024-11-13T21:06:25+00:00,1740
M1,C07,2024-11-14T06:54:25+00:00,2024-11-14T07:24:25+00:00,1800
M1,C07,2024-11-14T18:22:25+00:00,2024-11-14T18:54:25+00:00,1920
M1,C07,2024-11-15T11:52:25+00:00,2024-11-15T12:22:25+00:00,1800
M1,C07,2024-11-18T20:54:26+00:00,2024-11-18T21:22:26+00:00,1680
M1,C07,2024-11-22T19:37:26+00:00,2024-11-22T20:07:26+00:00,1800
M1,C07,2024-11-24T18:37:27+00:00,2024-11-24T19:07:27+00:00,1800
M1,C07,2024-11-25T18:24:24+00:00,2024-11-25T18:54:24+00:00,1800
M1,C07,2024-11-26T15:37:25+00:00,2024-11-26T17:07:25+00:00,5400
M1,C07,2024-11-30T21:22:25+00:00,2024-11-30T21:52:25+00:00,1800
M1,C07,2024-12-02T02:37:25+00:00,2024-12-02T03:07:25+00:00,1800
M1,C07,2024-12-03T20:24:26+00:00,2024-12-03T20:54:26+00:00,1800
M1,C07,2024-12-06T09:53:26+00:00,2024-12-06T11:52:26+00:00,7140
M1,C07,2024-12-07T22:37:26+00:00,2024-12-07T23:07:26+00:00,1800
M1,C07,2024-12-08T15:25:27+00:00,2024-12-08T16:22:27+00:00,3420
M1,C07,2024-12-08T22:07:27+00:00,2024-12-08T22:37:27+00:00,1800
M1,C07,2024-12-09T06:52:27+00:00,2024-12-09T07:22:27+00:00,1800
M1,C07,2024-12-09T14:59:27+00:00,2024-12-09T15:22:26+00:00,1379
M1,C07,2024-12-09T18:59:24+00:00,2024-12-09T19:22:24+00:00,1380
M1,C07,2024-12-10T14:37:25+00:00,2024-12-10T15:37:25+00:00,3600
M1,C07,2024-12-12T05:07:25+00:00,2024-12-12T09:37:25+00:00,16200
M1,C07,2024-12-12T10:37:25+00:00,2024-12-12T12:52:25+00:00,8100
M1,C07,2024-12-12T12:52:25+00:00,2024-12-12T22:22:25+00:00,34200
M1,C07,2024-12-12T22:52:25+00:00,2024-12-20T20:52:26+00:00,684001
M1,C07,2024-12-23T14:59:27+00:00,2024-12-23T15:22:26+00:00,1379
M1,C07,2024-12-23T23:52:24+00:00,2024-12-24T00:22:24+00:00,1800
M1,C07,2025-01-03T08:12:26+00:00,2025-01-03T08:52:26+00:00,2400
M1,C07,2025-01-03T11:16:26+00:00,2025-01-03T12:37:26+00:00,4860
M1,C07,2025-01-09T21:06:25+00:00,2025-01-09T21:37:25+00:00,1860
M1,C07,2025-01-16T12:05:26+00:00,2025-01-16T15:07:26+00:00,10920
M1,C07,2025-01-27T20:44:26+00:00,2025-01-27T21:07:26+00:00,1380
M1,C07,2025-02-02T13:07:27+00:00,2025-02-02T13:37:27+00:00,1800
M1,C07,2025-02-02T21:07:27+00:00,2025-02-02T21:37:27+00:00,1800
M1,C07,2025-02-03T21:07:24+00:00,2025-02-03T21:52:24+00:00,2700
M1,C07,2025-02-04T21:22:25+00:00,2025-02-04T21:52:25+00:00,1800
M1,C07,2025-02-04T23:37:25+00:00,2025-02-05T00:07:25+00:00,1800
M1,C07,2025-02-05T15:52:25+00:00,2025-02-05T16:22:25+00:00,1800
M1,C07,2025-02-05T19:22:25+00:00,2025-02-05T19:52:25+00:00,1800
M1,C07,2025-02-05T21:22:25+00:00,2025-02-05T21:52:25+00:00,1800
M1,C07,2025-02-06T06:37:25+00:00,2025-02-06T07:07:25+00:00,1800
M1,C07,2025-02-06T21:07:25+00:00,2025-02-06T21:52:25+00:00,2700
M1,C07,2025-02-06T22:22:25+00:00,2025-02-06T22:52:25+00:00,1800
M1,C07,2025-02-07T04:52:25+00:00,2025-02-07T05:22:25+00:00,1800
M1,C07,2025-02-09T20:52:25+00:00,2025-02-23T19:07:25+00:00,1203300
M1,C07,2025-02-23T21:07:25+00:00,2025-02-23T21:52:25+00:00,2700
M1,C07,2025-02-24T21:07:26+00:00,2025-02-24T21:52:26+00:00,2700
M1,C07,2025-02-25T09:07:26+00:00,2025-02-25T09:37:26+00:00,1800
M1,C07,2025-02-25T20:37:26+00:00,2025-02-25T21:07:26+00:00,1800
M1,C07,2025-02-25T21:07:26+00:00,2025-02-25T21:52:26+00:00,2700
M1,C07,2025-02-26T21:07:26+00:00,2025-02-26T22:07:26+00:00,3600
M1,C07,2025-02-27T04:37:26+00:00,2025-02-27T05:07:26+00:00,1800
M1,C07,2025-02-27T06:07:26+00:00,2025-02-27T06:37:26+00:00,1800
M1,C07,2025-02-27T20:52:26+00:00,2025-02-27T22:07:26+00:00,4500
M1,C07,2025-02-28T21:07:26+00:00,2025-02-28T21:52:26+00:00,2700
M1,C07,2025-03-01T07:22:26+00:00,2025-03-01T07:52:26+00:00,1800
M1,C07,2025-03-01T19:37:26+00:00,2025-03-01T20:07:26+00:00,1800
M1,C07,2025-03-01T21:07:26+00:00,2025-03-01T21:52:26+00:00,2700
M1,C07,2025-03-02T21:07:27+00:00,2025-03-02T21:52:27+00:00,2700
M1,C07,2025-03-03T01:37:27+00:00,2025-03-03T02:22:27+00:00,2700
M1,C07,2025-03-03T16:07:24+00:00,2025-03-03T16:37:24+00:00,1800
M1,C07,2025-03-03T21:07:24+00:00,2025-03-03T21:52:24+00:00,2700
M1,C07,2025-03-04T21:07:25+00:00,2025-03-04T21:52:25+00:00,2700
M1,C07,2025-03-05T21:07:25+00:00,2025-03-05T21:52:25+00:00,2700
M1,C07,2025-03-06T21:07:25+00:00,2025-03-06T21:37:25+00:00,1800
M1,C07,2025-03-07T21:07:25+00:00,2025-03-07T21:37:25+00:00,1800
M1,C07,2025-03-08T21:07:25+00:00,2025-03-08T21:52:25+00:00,2700
M1,C07,2025-03-09T21:07:25+00:00,2025-03-09T21:37:25+00:00,1800
M1,C07,2025-03-10T21:07:26+00:00,2025-03-10T21:52:26+00:00,2700
M1,C07,2025-03-11T21:07:26+00:00,2025-03-11T21:52:26+00:00,2700
M1,C07,2025-03-12T19:07:26+00:00,2025-03-17T23:52:24+00:00,449098
M1,C07,2025-03-18T20:37:25+00:00,2025-03-18T21:52:25+00:00,4500
M1,C07,2025-03-19T21:07:25+00:00,2025-03-19T21:52:25+00:00,2700
M1,C07,2025-03-20T20:54:25+00:00,2025-03-20T21:54:25+00:00,3600
M1,C07,2025-03-21T20:37:25+00:00,2025-03-21T21:52:25+00:00,4500
M1,C07,2025-03-22T20:37:25+00:00,2025-03-22T21:52:25+00:00,4500
M1,C07,2025-03-23T20:37:25+00:00,2025-03-23T21:37:25+00:00,3600
M1,C07,2025-03-24T20:52:26+00:00,2025-03-24T21:52:26+00:00,3600
M1,C07,2025-03-25T21:07:26+00:00,2025-03-25T21:37:26+00:00,1800
M1,C07,2025-03-26T20:52:26+00:00,2025-03-26T21:52:26+00:00,3600
M1,C07,2025-03-28T22:22:26+00:00,2025-03-28T22:52:26+00:00,1800
M1,C07,2025-03-31T20:52:24+00:00,2025-03-31T21:52:24+00:00,3600
M1,C07,2025-03-31T22:07:24+00:00,2025-03-31T22:37:24+00:00,1800
M1,C07,2025-04-03T18:22:25+00:00,2025-04-03T18:52:25+00:00,1800
M1,C07,2025-04-03T21:22:25+00:00,2025-04-03T21:52:25+00:00,1800
M1,C07,2025-04-07T09:14:31+00:00,2025-04-07T09:37:25+00:00,1374
M1,C07,2025-04-08T18:22:26+00:00,2025-04-08T18:54:26+00:00,1920
M1,C07,2025-04-10T16:04:26+00:00,2025-04-10T16:37:26+00:00,1980
M1,C07,2025-04-10T16:38:26+00:00,2025-04-10T17:11:26+00:00,1980
M1,C07,2025-04-10T17:11:26+00:00,2025-04-10T18:01:26+00:00,3000
M1,C07,2025-04-10T18:01:26+00:00,2025-04-10T18:36:26+00:00,2100
M1,C07,2025-04-10T18:36:26+00:00,2025-04-10T19:19:26+00:00,2580
M1,C07,2025-04-10T19:26:26+00:00,2025-04-10T19:54:26+00:00,1680
M1,C07,2025-04-10T20:04:26+00:00,2025-04-10T21:25:26+00:00,4860
M1,C07,2025-04-10T21:25:26+00:00,2025-04-10T21:52:26+00:00,1620
M1,C07,2025-04-14T14:59:26+00:00,2025-04-14T15:22:26+00:00,1380
M1,C07,2025-04-15T19:59:24+00:00,2025-04-15T20:22:24+00:00,1380
M1,C07,2025-04-24T17:52:25+00:00,2025-04-24T18:22:25+00:00,1800
M1,C07,2025-04-24T19:52:25+00:00,2025-04-24T20:22:25+00:00,1800
M1,C07,2025-04-25T17:37:25+00:00,2025-04-25T18:07:25+00:00,1800
M1,C07,2025-04-26T16:07:26+00:00,2025-04-26T16:52:26+00:00,2700
M1,C07,2025-04-26T16:52:26+00:00,2025-04-26T17:22:26+00:00,1800
M1,C07,2025-04-26T18:07:26+00:00,2025-04-26T18:37:26+00:00,1800
M1,C07,2025-04-26T22:37:26+00:00,2025-04-26T23:07:26+00:00,1800
M1,C07,2025-05-01T21:52:25+00:00,2025-05-01T22:22:25+00:00,1800
M1,C07,2025-05-02T00:07:25+00:00,2025-05-02T00:37:25+00:00,1800
M1,C07,2025-05-03T18:37:25+00:00,2025-05-03T19:07:25+00:00,1800
M1,C07,2025-05-04T01:22:25+00:00,2025-05-04T01:52:25+00:00,1800
M1,C07,2025-05-04T01:52:25+00:00,2025-05-04T02:22:25+00:00,1800
M1,C07,2025-05-04T16:07:25+00:00,2025-05-04T16:37:25+00:00,1800
M1,C07,2025-05-04T17:22:25+00:00,2025-05-04T17:52:25+00:00,1800
M1,C07,2025-05-04T18:07:25+00:00,2025-05-04T18:37:25+00:00,1800
M1,C07,2025-05-04T18:52:25+00:00,2025-05-04T19:22:25+00:00,1800
M1,C07,2025-05-04T20:37:25+00:00,2025-05-04T21:07:25+00:00,1800
M1,C07,2025-05-04T21:22:25+00:00,2025-05-04T22:07:25+00:00,2700
M1,C07,2025-05-05T14:59:26+00:00,2025-05-05T15:22:26+00:00,1380
M1,C07,2025-05-05T16:22:24+00:00,2025-05-05T16:52:24+00:00,1800
M1,C07,2025-05-05T18:22:24+00:00,2025-05-05T18:52:24+00:00,1800
M1,C07,2025-05-05T19:22:24+00:00,2025-05-05T19:52:24+00:00,1800
M1,C07,2025-05-05T21:07:24+00:00,2025-05-05T21:37:24+00:00,1800
M1,C07,2025-05-11T18:07:25+00:00,2025-05-11T18:37:25+00:00,1800
M1,C07,2025-05-11T19:37:25+00:00,2025-05-11T20:07:25+00:00,1800
M1,C07,2025-05-12T07:52:26+00:00,2025-05-12T08:22:26+00:00,1800
M1,C07,2025-05-12T09:37:26+00:00,2025-05-12T10:07:26+00:00,1800
M1,C07,2025-05-12T13:07:26+00:00,2025-05-12T13:37:26+00:00,1800
M1,C07,2025-05-12T14:59:26+00:00,2025-05-12T15:22:26+00:00,1380
M1,C07,2025-05-12T16:52:24+00:00,2025-05-12T17:22:24+00:00,1800
M1,C07,2025-05-12T17:52:24+00:00,2025-05-12T18:22:24+00:00,1800
M1,C07,2025-05-12T19:22:24+00:00,2025-05-12T20:07:24+00:00,2700
M1,C07,2025-05-12T20:22:24+00:00,2025-05-12T20:52:24+00:00,1800
M1,C07,2025-05-12T21:22:24+00:00,2025-05-12T21:52:24+00:00,1800
M1,C07,2025-05-13T21:52:25+00:00,2025-05-13T22:37:25+00:00,2700
M1,C07,2025-05-13T22:37:25+00:00,2025-05-13T23:07:25+00:00,1800
M1,C07,2025-05-14T00:07:25+00:00,2025-05-14T00:52:25+00:00,2700
M1,C07,2025-05-14T15:37:25+00:00,2025-10-07T06:37:26+00:00,12582001
M1,C07,2025-10-07T06:37:26+00:00,2025-10-07T08:37:26+00:00,7200
M1,C07,2025-10-07T08:37:26+00:00,2025-10-08T05:37:26+00:00,75600
M1,C07,2025-10-08T05:37:26+00:00,2025-10-08T06:07:26+00:00,1800
M1,C07,2025-10-08T06:07:26+00:00,2025-10-09T08:52:26+00:00,96300
M1,C07,2025-10-09T08:52:26+00:00,2025-10-11T16:37:26+00:00,200700
M1,C07,2025-10-11T16:37:26+00:00,2025-10-12T08:37:26+00:00,57600
M1,C07,2025-10-12T08:37:26+00:00,2025-10-13T02:22:27+00:00,63901
M1,C07,2025-10-13T02:22:27+00:00,2025-10-13T14:49:27+00:00,44820
M1,C07,2025-10-13T14:49:27+00:00,2025-10-13T23:22:24+00:00,30777
M1,C07,2025-10-13T23:22:24+00:00,2025-10-14T05:22:24+00:00,21600
M1,C07,2025-10-14T05:22:24+00:00,2025-10-14T06:37:24+00:00,4500
M1,C07,2025-10-14T06:37:24+00:00,2025-10-14T07:52:24+00:00,4500
M1,C07,2025-10-14T07:52:24+00:00,2025-10-14T10:52:25+00:00,10801
M1,C07,2025-10-14T10:52:25+00:00,2025-10-15T16:22:25+00:00,106200
M1,C07,2025-10-15T16:22:25+00:00,2025-10-15T22:22:25+00:00,21600
M1,C07,2025-10-15T22:22:25+00:00,2025-10-15T23:37:25+00:00,4500
M1,C07,2025-10-15T23:52:25+00:00,2025-10-16T06:52:25+00:00,25200
M1,C07,2025-10-16T06:52:25+00:00,2025-10-16T08:52:25+00:00,7200
M1,C07,2025-10-16T08:52:25+00:00,2025-10-16T10:22:25+00:00,5400
M1,C07,2025-10-16T10:22:25+00:00,2025-10-16T23:07:25+00:00,45900
M1,C07,2025-10-16T23:07:25+00:00,2025-10-17T02:37:25+00:00,12600
M1,C07,2025-10-17T02:37:25+00:00,2025-10-17T04:07:25+00:00,5400
M1,C07,2025-10-17T04:07:25+00:00,2025-10-17T05:22:25+00:00,4500
M1,C07,2025-10-17T05:22:25+00:00,2025-10-17T17:22:25+00:00,43200
M1,C07,2025-10-17T17:22:25+00:00,2025-10-17T20:37:25+00:00,11700
M1,C07,2025-10-17T20:37:25+00:00,2025-10-17T21:52:25+00:00,4500
M1,C07,2025-10-17T21:52:25+00:00,2025-10-17T22:52:25+00:00,3600
M1,C07,2025-10-17T22:52:25+00:00,2025-10-18T06:07:25+00:00,26100
M1,C07,2025-10-18T06:07:25+00:00,2025-10-19T09:22:25+00:00,98100
M1,C07,2025-10-19T09:22:25+00:00,2025-10-19T15:22:25+00:00,21600
M1,C07,2025-10-19T15:22:25+00:00,2025-10-19T18:22:25+00:00,10800
M1,C07,2025-10-19T18:22:25+00:00,2025-10-19T19:07:25+00:00,2700
M1,C07,2025-10-19T19:07:25+00:00,2025-10-19T21:37:25+00:00,9000
M1,C07,2025-10-19T21:37:25+00:00,2025-10-19T22:37:25+00:00,3600
M1,C07,2025-10-19T22:52:25+00:00,2025-10-20T05:07:25+00:00,22500
M1,C07,2025-10-20T05:07:25+00:00,2025-10-20T09:37:25+00:00,16200
M1,C07,2025-10-20T09:37:25+00:00,2025-10-20T14:54:26+00:00,19021
M1,C07,2025-10-20T14:54:26+00:00,2025-10-20T16:37:26+00:00,6180
M1,C07,2025-10-20T16:37:26+00:00,2025-10-20T18:06:26+00:00,5340
M1,C07,2025-10-20T18:06:26+00:00,2025-10-20T23:52:26+00:00,20760
M1,C07,2025-10-20T23:52:26+00:00,2025-10-21T11:07:26+00:00,40500
M1,C07,2025-10-21T11:07:26+00:00,2025-10-21T12:07:26+00:00,3600
M1,C07,2025-10-21T12:07:26+00:00,2025-10-21T18:52:26+00:00,24300
M1,C07,2025-10-21T18:52:26+00:00,2025-10-22T05:07:26+00:00,36900
M1,C07,2025-10-22T05:07:26+00:00,2025-10-22T07:37:26+00:00,9000
M1,C07,2025-10-22T07:52:26+00:00,2025-10-22T08:37:26+00:00,2700
M1,C07,2025-10-22T08:37:26+00:00,2025-10-22T15:07:26+00:00,23400
M1,C07,2025-10-22T15:07:26+00:00,2025-10-22T15:37:26+00:00,1800
M1,C07,2025-10-22T15:37:26+00:00,2025-10-22T23:07:26+00:00,27000
M1,C07,2025-10-22T23:07:26+00:00,2025-10-23T00:22:26+00:00,4500
M1,C07,2025-10-23T00:22:26+00:00,2025-10-23T02:07:26+00:00,6300
M1,C07,2025-10-23T02:07:26+00:00,2025-10-23T04:52:26+00:00,9900
M1,C07,2025-10-23T04:52:26+00:00,2025-10-23T09:52:26+00:00,18000
M1,C07,2025-10-23T09:52:26+00:00,2025-10-23T14:52:26+00:00,18000
M1,C07,2025-10-23T14:52:26+00:00,2025-10-23T23:22:26+00:00,30600
M1,C07,2025-10-23T23:22:26+00:00,2025-10-24T02:22:26+00:00,10800
M1,C07,2025-10-24T02:22:26+00:00,2025-10-24T08:37:26+00:00,22500
M1,C07,2025-10-24T08:37:26+00:00,2025-10-24T13:22:26+00:00,17100
M1,C07,2025-10-24T13:22:26+00:00,2025-10-25T04:07:26+00:00,53100
M1,C07,2025-10-25T04:07:26+00:00,2025-10-25T07:07:26+00:00,10800
M1,C07,2025-10-25T07:07:26+00:00,2025-10-25T09:07:26+00:00,7200
M1,C07,2025-10-25T09:07:26+00:00,2025-10-25T12:07:26+00:00,10800
M1,C07,2025-10-25T12:07:26+00:00,2025-10-25T20:52:26+00:00,31500
M1,C07,2025-10-25T20:52:26+00:00,2025-10-25T22:22:26+00:00,5400
M1,C07,2025-10-25T22:22:26+00:00,2025-10-26T07:22:26+00:00,32400
M1,C07,2025-10-26T07:22:26+00:00,2025-10-26T17:37:27+00:00,36901
M1,C07,2025-10-26T17:37:27+00:00,2025-10-26T22:37:27+00:00,18000
M1,C07,2025-10-26T22:37:27+00:00,2025-10-27T13:52:27+00:00,54900
M1,C07,2025-10-27T13:52:27+00:00,2025-10-27T15:07:26+00:00,4499
M1,C07,2025-10-27T15:07:26+00:00,2025-10-27T22:37:24+00:00,26998
M1,C07,2025-10-27T22:37:24+00:00,2025-10-28T03:37:24+00:00,18000
M1,C07,2025-10-28T03:37:24+00:00,2025-10-28T13:22:25+00:00,35101
M1,C07,2025-10-28T13:37:25+00:00,2025-10-28T16:52:25+00:00,11700
M1,C07,2025-10-28T17:07:25+00:00,2025-10-30T11:37:25+00:00,153000
M1,C07,2025-10-30T11:37:25+00:00,2025-10-31T03:52:25+00:00,58500
M1,C07,2025-10-31T03:52:25+00:00,2025-10-31T13:22:25+00:00,34200
M1,C07,2025-10-31T13:22:25+00:00,2025-11-02T03:07:25+00:00,135900
M1,C07,2025-11-02T03:07:25+00:00,2025-11-02T05:37:25+00:00,9000
M1,C07,2025-11-02T05:52:25+00:00,2025-11-02T06:22:25+00:00,1800
M1,C07,2025-11-02T06:22:25+00:00,2025-11-03T03:37:25+00:00,76500
M1,C07,2025-11-03T03:37:25+00:00,2025-11-03T04:07:25+00:00,1800
M1,C07,2025-11-03T04:07:25+00:00,2025-11-03T13:07:26+00:00,32401
M1,C07,2025-11-03T13:07:26+00:00,2025-11-04T00:22:26+00:00,40500
M1,C07,2025-11-04T00:22:26+00:00,2025-11-04T07:22:26+00:00,25200
M1,C07,2025-11-04T07:37:26+00:00,2025-11-05T04:22:26+00:00,74700
M1,C07,2025-11-05T04:22:26+00:00,2025-11-05T05:37:26+00:00,4500
M1,C07,2025-11-05T05:37:26+00:00,2025-11-05T06:07:26+00:00,1800
M1,C07,2025-11-05T06:07:26+00:00,2025-11-05T08:07:26+00:00,7200
M1,C07,2025-11-05T08:07:26+00:00,2025-11-06T05:07:26+00:00,75600
M1,C07,2025-11-06T05:07:26+00:00,2025-11-06T05:37:26+00:00,1800
M1,C07,2025-11-06T05:37:26+00:00,2025-11-06T13:37:26+00:00,28800
M1,C07,2025-11-06T13:37:26+00:00,2025-11-06T14:22:26+00:00,2700
M1,C07,2025-11-06T14:22:26+00:00,2025-11-06T15:07:26+00:00,2700
M1,C07,2025-11-06T15:07:26+00:00,2025-11-06T23:52:26+00:00,31500
M1,C07,2025-11-06T23:52:26+00:00,2025-11-07T00:22:26+00:00,1800
M1,C07,2025-11-07T00:22:26+00:00,2025-11-07T04:37:26+00:00,15300
M1,C07,2025-11-07T04:37:26+00:00,2025-11-08T02:22:26+00:00,78300
M1,C07,2025-11-08T02:22:26+00:00,2025-11-08T06:52:26+00:00,16200
M1,C07,2025-11-08T06:52:26+00:00,2025-11-08T08:22:26+00:00,5400
M1,C07,2025-11-08T08:22:26+00:00,2025-11-09T01:07:26+00:00,60300
M1,C07,2025-11-09T01:07:26+00:00,2025-11-09T04:07:26+00:00,10800
M1,C07,2025-11-09T04:07:26+00:00,2025-11-09T05:07:26+00:00,3600
M1,C07,2025-11-09T05:07:26+00:00,2025-11-09T05:37:26+00:00,1800
M1,C07,2025-11-09T05:37:26+00:00,2025-11-09T10:07:27+00:00,16201
M1,C07,2025-11-09T10:22:27+00:00,2025-11-09T11:07:27+00:00,2700
M1,C07,2025-11-09T11:07:27+00:00,2025-11-09T16:37:27+00:00,19800
M1,C07,2025-11-09T16:37:27+00:00,2025-11-10T05:07:27+00:00,45000
M1,C07,2025-11-10T05:07:27+00:00,2025-11-11T05:22:24+00:00,87297
M1,C07,2025-11-11T05:22:24+00:00,2025-11-11T06:07:24+00:00,2700
M1,C07,2025-11-11T06:07:24+00:00,2025-11-11T15:52:25+00:00,35101
M1,C07,2025-11-11T15:52:25+00:00,2025-11-12T03:52:25+00:00,43200
M1,C07,2025-11-12T03:52:25+00:00,2025-11-12T07:07:25+00:00,11700
M1,C07,2025-11-12T07:07:25+00:00,2025-11-13T03:07:25+00:00,72000
M1,C07,2025-11-13T03:07:25+00:00,2025-11-13T07:07:25+00:00,14400
M1,C07,2025-11-13T07:07:25+00:00,2025-11-14T07:07:25+00:00,86400
M1,C07,2025-11-14T07:07:25+00:00,2025-11-14T12:52:25+00:00,20700
M1,C07,2025-11-14T12:52:25+00:00,2025-11-15T23:07:25+00:00,123300
M1,C07,2025-11-15T23:07:25+00:00,2025-11-16T05:22:25+00:00,22500
M1,C07,2025-11-16T05:22:25+00:00,2025-11-16T06:22:25+00:00,3600
M1,C07,2025-11-16T06:22:25+00:00,2025-11-16T11:07:25+00:00,17100
M1,C07,2025-11-16T11:07:25+00:00,2025-11-16T23:37:25+00:00,45000
M1,C07,2025-11-16T23:37:25+00:00,2025-11-17T11:22:26+00:00,42301
M1,C07,2025-11-17T11:22:26+00:00,2025-11-17T14:37:26+00:00,11700
M1,C07,2025-11-17T14:37:26+00:00,2025-11-17T19:52:26+00:00,18900
M1,C07,2025-11-17T19:52:26+00:00,2025-11-17T21:37:26+00:00,6300
M1,C07,2025-11-17T21:52:26+00:00,2025-11-18T06:52:26+00:00,32400
M1,C07,2025-11-18T06:52:26+00:00,2025-11-18T12:37:26+00:00,20700
M1,C07,2025-11-18T12:37:26+00:00,2025-11-18T21:07:26+00:00,30600
M1,C07,2025-11-18T21:07:26+00:00,2025-11-18T21:37:26+00:00,1800
M1,C07,2025-11-18T21:37:26+00:00,2025-11-19T10:22:26+00:00,45900
M1,C07,2025-11-19T10:22:26+00:00,2025-11-19T11:07:26+00:00,2700
M1,C07,2025-11-19T11:07:26+00:00,2025-11-19T18:37:26+00:00,27000
M1,C07,2025-11-19T18:37:26+00:00,2025-11-20T02:52:26+00:00,29700
M1,C07,2025-11-20T02:52:26+00:00,2025-11-20T15:06:26+00:00,44040
M1,C07,2025-11-20T15:06:26+00:00,2025-11-20T21:24:26+00:00,22680
M1,C07,2025-11-20T21:37:26+00:00,2025-11-21T00:37:26+00:00,10800
M1,C07,2025-11-21T00:37:26+00:00,2025-11-21T09:52:26+00:00,33300
M1,C07,2025-11-21T09:52:26+00:00,2025-11-21T11:22:26+00:00,5400
M1,C07,2025-11-21T11:22:26+00:00,2025-11-21T12:37:26+00:00,4500
M1,C07,2025-11-21T12:37:26+00:00,2025-11-21T18:52:26+00:00,22500
M1,C07,2025-11-21T18:52:26+00:00,2025-11-21T22:07:26+00:00,11700
M1,C07,2025-11-21T22:07:26+00:00,2025-11-22T06:22:26+00:00,29700
M1,C07,2025-11-22T06:22:26+00:00,2025-11-22T08:07:26+00:00,6300
M1,C07,2025-11-22T08:07:26+00:00,2025-11-22T09:22:26+00:00,4500
M1,C07,2025-11-22T09:22:26+00:00,2025-11-22T21:52:26+00:00,45000
M1,C07,2025-11-22T22:22:26+00:00,2025-11-23T04:37:26+00:00,22500
M1,C07,2025-11-23T04:37:26+00:00,2025-11-23T09:07:26+00:00,16200
M1,C07,2025-11-23T09:07:26+00:00,2025-11-23T12:37:27+00:00,12601
M1,C07,2025-11-23T12:37:27+00:00,2025-11-23T17:37:27+00:00,18000
M1,C07,2025-11-23T17:37:27+00:00,2025-11-23T23:22:27+00:00,20700
M1,C07,2025-11-23T23:22:27+00:00,2025-11-24T04:52:27+00:00,19800
M1,C07,2025-11-24T04:52:27+00:00,2025-11-24T13:52:27+00:00,32400
M1,C07,2025-11-24T13:52:27+00:00,2025-11-24T14:22:27+00:00,1800
M1,C07,2025-11-24T14:22:27+00:00,2025-11-25T00:22:24+00:00,35997
M1,C07,2025-11-25T00:22:24+00:00,2025-11-25T08:07:24+00:00,27900
M1,C07,2025-11-25T08:07:24+00:00,2025-11-25T08:37:24+00:00,1800
M1,C07,2025-11-25T08:37:24+00:00,2025-11-25T11:22:25+00:00,9901
M1,C07,2025-11-25T11:22:25+00:00,2025-11-25T17:37:25+00:00,22500
M1,C07,2025-11-25T17:37:25+00:00,2025-11-26T02:52:25+00:00,33300
M1,C07,2025-11-26T02:52:25+00:00,2025-11-26T11:22:25+00:00,30600
M1,C07,2025-11-26T11:22:25+00:00,2025-11-26T21:22:25+00:00,36000
M1,C07,2025-11-26T21:22:25+00:00,2025-11-27T18:07:25+00:00,74700
M1,C07,2025-11-27T18:07:25+00:00,2025-11-27T23:07:25+00:00,18000
M1,C07,2025-11-27T23:07:25+00:00,2025-11-28T11:07:25+00:00,43200
M1,C07,2025-11-28T11:07:25+00:00,2025-11-28T22:52:25+00:00,42300
M1,C07,2025-11-28T22:52:25+00:00,2025-11-29T03:07:25+00:00,15300
M1,C07,2025-11-29T03:22:25+00:00,2025-11-29T10:07:25+00:00,24300
M1,C07,2025-11-29T10:07:25+00:00,2025-11-29T16:22:25+00:00,22500
M1,C07,2025-11-29T16:22:25+00:00,2025-11-30T11:07:25+00:00,67500
M1,C07,2025-11-30T11:07:25+00:00,2025-11-30T13:37:25+00:00,9000
M1,C07,2025-11-30T13:37:25+00:00,2025-11-30T14:07:25+00:00,1800
M1,C07,2025-11-30T14:07:25+00:00,2025-11-30T16:07:25+00:00,7200
M1,C07,2025-11-30T16:07:25+00:00,2025-11-30T17:37:25+00:00,5400
M1,C07,2025-11-30T17:37:25+00:00,2025-11-30T19:37:25+00:00,7200
M1,C07,2025-11-30T19:37:25+00:00,2025-12-01T11:37:26+00:00,57601
M1,C07,2025-12-01T11:37:26+00:00,2025-12-01T15:52:26+00:00,15300
M1,C07,2025-12-01T15:52:26+00:00,2025-12-01T19:52:26+00:00,14400
M1,C07,2025-12-01T19:52:26+00:00,2025-12-02T03:07:26+00:00,26100
M1,C07,2025-12-02T03:07:26+00:00,2025-12-02T14:06:26+00:00,39540
M1,C07,2025-12-02T14:06:26+00:00,2025-12-02T20:24:26+00:00,22680
M1,C07,2025-12-02T20:24:26+00:00,2025-12-03T01:22:26+00:00,17880
M1,C07,2025-12-03T01:22:26+00:00,2025-12-03T05:07:26+00:00,13500
M1,C07,2025-12-03T05:07:26+00:00,2025-12-03T05:52:26+00:00,2700
M1,C07,2025-12-03T05:52:26+00:00,2025-12-03T14:24:26+00:00,30720
M1,C07,2025-12-03T14:24:26+00:00,2025-12-03T17:24:26+00:00,10800
M1,C07,2025-12-03T17:24:26+00:00,2025-12-03T17:54:26+00:00,1800
M1,C07,2025-12-03T17:54:26+00:00,2025-12-03T21:22:26+00:00,12480
M1,C07,2025-12-03T21:22:26+00:00,2025-12-04T14:07:26+00:00,60300
M1,C07,2025-12-04T14:07:26+00:00,2025-12-04T17:07:26+00:00,10800
M1,C07,2025-12-04T17:07:26+00:00,2025-12-05T03:07:26+00:00,36000
M1,C07,2025-12-05T03:07:26+00:00,2025-12-05T06:52:26+00:00,13500
M1,C07,2025-12-05T06:52:26+00:00,2025-12-05T12:52:26+00:00,21600
M1,C07,2025-12-05T12:52:26+00:00,2025-12-06T04:22:26+00:00,55800
M1,C07,2025-12-06T04:22:26+00:00,2025-12-06T06:52:26+00:00,9000
M1,C07,2025-12-06T06:52:26+00:00,2025-12-06T12:37:26+00:00,20700
M1,C07,2025-12-06T12:37:26+00:00,2025-12-06T13:37:26+00:00,3600
M1,C07,2025-12-06T13:37:26+00:00,2025-12-06T14:22:26+00:00,2700
M1,C07,2025-12-06T14:22:26+00:00,2025-12-07T00:37:26+00:00,36900
M1,C07,2025-12-07T00:37:26+00:00,2025-12-07T03:52:26+00:00,11700
M1,C07,2025-12-07T03:52:26+00:00,2025-12-08T01:07:27+00:00,76501
M1,C07,2025-12-08T01:07:27+00:00,2025-12-08T15:37:27+00:00,52200
M1,C07,2025-12-08T15:37:27+00:00,2025-12-09T04:22:27+00:00,45900
M1,C07,2025-12-09T04:22:27+00:00,2025-12-09T13:54:27+00:00,34320
M1,C07,2025-12-09T13:54:27+00:00,2025-12-10T03:07:24+00:00,47577
M1,C07,2025-12-10T03:07:24+00:00,2025-12-10T03:52:24+00:00,2700
M1,C07,2025-12-10T03:52:24+00:00,2025-12-11T03:22:25+00:00,84601
M1,C07,2025-12-11T03:22:25+00:00,2025-12-11T11:37:25+00:00,29700
M1,C07,2025-12-11T11:37:25+00:00,2025-12-11T13:37:25+00:00,7200
M1,C07,2025-12-11T13:52:25+00:00,2025-12-12T09:07:25+00:00,69300
M1,C07,2025-12-12T09:22:25+00:00,2025-12-13T01:37:25+00:00,58500
M1,C07,2025-12-13T01:37:25+00:00,2025-12-13T14:52:25+00:00,47700
M1,C07,2025-12-13T15:07:25+00:00,2025-12-13T16:07:25+00:00,3600
M1,C07,2025-12-13T16:07:25+00:00,2025-12-13T23:52:25+00:00,27900
M1,C07,2025-12-13T23:52:25+00:00,2025-12-14T04:07:25+00:00,15300
M1,C07,2025-12-14T04:07:25+00:00,2025-12-14T14:52:25+00:00,38700
M1,C07,2025-12-14T14:52:25+00:00,2025-12-14T15:22:25+00:00,1800
M1,C07,2025-12-14T15:22:25+00:00,2025-12-15T17:07:25+00:00,92700
M1,C07,2025-12-15T17:07:25+00:00,2025-12-16T02:22:25+00:00,33300
M1,C07,2025-12-16T02:22:25+00:00,2025-12-16T07:07:25+00:00,17100
M1,C07,2025-12-16T07:07:25+00:00,2025-12-16T15:00:28+00:00,28383
M1,C07,2025-12-16T15:00:28+00:00,2025-12-17T00:37:26+00:00,34618
M1,C07,2025-12-17T00:37:26+00:00,2025-12-17T04:52:26+00:00,15300
M1,C07,2025-12-17T04:52:26+00:00,2025-12-17T12:07:26+00:00,26100
M1,C07,2025-12-17T12:07:26+00:00,2025-12-17T16:22:26+00:00,15300
M1,C07,2025-12-17T16:22:26+00:00,2025-12-17T17:37:26+00:00,4500
M1,C07,2025-12-17T17:37:26+00:00,2025-12-18T07:37:26+00:00,50400
M1,C07,2025-12-18T07:37:26+00:00,2025-12-18T10:07:26+00:00,9000
M1,C07,2025-12-18T10:07:26+00:00,2025-12-18T11:22:26+00:00,4500
M1,C07,2025-12-18T11:22:26+00:00,2025-12-19T06:07:26+00:00,67500
M1,C07,2025-12-19T06:07:26+00:00,2025-12-19T15:52:26+00:00,35100
M1,C07,2025-12-19T15:52:26+00:00,2025-12-20T00:37:26+00:00,31500
M1,C07,2025-12-20T00:37:26+00:00,2025-12-20T14:37:26+00:00,50400
M1,C07,2025-12-20T14:37:26+00:00,2025-12-20T19:52:26+00:00,18900
M1,C07,2025-12-20T19:52:26+00:00,2025-12-21T07:07:26+00:00,40500
M1,C07,2025-12-21T07:07:26+00:00,2025-12-21T15:37:26+00:00,30600
M1,C07,2025-12-21T15:37:26+00:00,2025-12-22T05:37:26+00:00,50400
M1,C07,2025-12-22T05:37:26+00:00,2025-12-22T14:22:27+00:00,31501
M1,C07,2025-12-22T14:22:27+00:00,2025-12-22T20:52:24+00:00,23397
M1,C07,2025-12-22T20:52:24+00:00,2025-12-23T04:52:24+00:00,28800
M1,C07,2025-12-23T04:52:24+00:00,2025-12-23T21:52:25+00:00,61201
M1,C07,2025-12-23T21:52:25+00:00,2025-12-24T00:22:25+00:00,9000
M1,C07,2025-12-24T00:22:25+00:00,2025-12-24T07:22:25+00:00,25200
M1,C07,2025-12-24T07:22:25+00:00,2025-12-24T14:22:25+00:00,25200
M1,C07,2025-12-24T14:52:25+00:00,2025-12-24T16:37:25+00:00,6300
M1,C07,2025-12-24T16:37:25+00:00,2025-12-25T15:52:25+00:00,83700
M1,C07,2025-12-25T15:52:25+00:00,2025-12-26T00:52:25+00:00,32400
M1,C07,2025-12-26T00:52:25+00:00,2025-12-26T05:07:25+00:00,15300
M1,C07,2025-12-26T05:07:25+00:00,2025-12-26T07:52:25+00:00,9900
M1,C07,2025-12-26T07:52:25+00:00,2025-12-26T17:07:25+00:00,33300
M1,C07,2025-12-26T17:07:25+00:00,2025-12-27T13:07:25+00:00,72000
M1,C07,2025-12-27T13:07:25+00:00,2025-12-28T13:07:25+00:00,86400
M1,C07,2025-12-28T13:07:25+00:00,2025-12-28T14:07:25+00:00,3600
M1,C07,2025-12-28T14:07:25+00:00,2025-12-28T15:52:25+00:00,6300
M1,C07,2025-12-28T15:52:25+00:00,2025-12-29T07:07:25+00:00,54900
M1,C07,2025-12-29T07:07:25+00:00,2025-12-29T13:07:26+00:00,21601
M1,C07,2025-12-29T13:07:26+00:00,2025-12-29T17:07:26+00:00,14400
M1,C07,2025-12-29T17:07:26+00:00,2025-12-30T07:37:26+00:00,52200
M1,C07,2025-12-30T07:37:26+00:00,2025-12-30T14:52:26+00:00,26100
M1,C07,2025-12-30T14:52:26+00:00,2026-01-01T04:22:26+00:00,135000
M1,C07,2026-01-01T04:22:26+00:00,2026-01-01T15:07:26+00:00,38700
M1,C07,2026-01-01T15:07:26+00:00,2026-01-01T16:37:26+00:00,5400
M1,C07,2026-01-01T16:37:26+00:00,2026-01-02T12:07:26+00:00,70200
M1,C07,2026-01-02T12:07:26+00:00,2026-01-03T13:52:26+00:00,92700
M1,C07,2026-01-03T13:52:26+00:00,2026-01-04T00:52:26+00:00,39600
M1,C07,2026-01-04T00:52:26+00:00,2026-01-04T12:07:27+00:00,40501
M1,C07,2026-01-04T12:07:27+00:00,2026-01-05T10:07:27+00:00,79200
M1,C07,2026-01-05T10:07:27+00:00,2026-01-05T14:06:27+00:00,14340
M1,C07,2026-01-05T14:06:27+00:00,2026-01-07T05:37:25+00:00,142258
M1,C07,2026-01-07T05:37:25+00:00,2026-01-07T14:07:25+00:00,30600
M1,C07,2026-01-07T14:22:25+00:00,2026-01-07T20:52:25+00:00,23400
M1,C07,2026-01-07T20:52:25+00:00,2026-01-07T23:37:25+00:00,9900
M1,C07,2026-01-07T23:37:25+00:00,2026-01-08T13:07:25+00:00,48600
M1,C07,2026-01-08T13:07:25+00:00,2026-01-08T17:07:25+00:00,14400
M1,C07,2026-01-08T17:07:25+00:00,2026-01-09T03:52:25+00:00,38700
M1,C07,2026-01-09T03:52:25+00:00,2026-01-09T04:52:25+00:00,3600
M1,C07,2026-01-09T04:52:25+00:00,2026-01-09T11:37:25+00:00,24300
M1,C07,2026-01-09T11:37:25+00:00,2026-01-10T00:37:25+00:00,46800
M1,C07,2026-01-10T00:37:25+00:00,2026-01-11T12:37:25+00:00,129600
M1,C07,2026-01-11T12:37:25+00:00,2026-01-11T16:37:25+00:00,14400
M1,C07,2026-01-11T16:37:25+00:00,2026-01-12T12:07:26+00:00,70201
M1,C07,2026-01-12T12:07:26+00:00,2026-01-12T13:22:26+00:00,4500
M1,C07,2026-01-12T13:22:26+00:00,2026-01-12T14:07:26+00:00,2700
M1,C07,2026-01-12T14:07:26+00:00,2026-01-13T16:37:26+00:00,95400
M1,C07,2026-01-13T16:37:26+00:00,2026-01-14T06:07:26+00:00,48600
M1,C07,2026-01-14T06:07:26+00:00,2026-01-14T08:37:26+00:00,9000
M1,C07,2026-01-14T08:37:26+00:00,2026-01-14T12:52:26+00:00,15300
M1,C07,2026-01-14T12:52:26+00:00,2026-01-14T13:52:26+00:00,3600
M1,C07,2026-01-14T13:52:26+00:00,2026-01-15T04:52:26+00:00,54000
M1,C07,2026-01-15T04:52:26+00:00,2026-01-15T11:52:26+00:00,25200
M1,C07,2026-01-15T11:52:26+00:00,2026-01-15T12:37:26+00:00,2700
M1,C07,2026-01-15T12:37:26+00:00,2026-01-15T13:07:26+00:00,1800
M1,C07,2026-01-15T13:07:26+00:00,2026-01-15T15:07:26+00:00,7200
M1,C07,2026-01-15T15:07:26+00:00,2026-01-16T14:52:26+00:00,85500
M1,C07,2026-01-16T14:52:26+00:00,2026-01-16T15:37:26+00:00,2700
M1,C07,2026-01-16T15:37:26+00:00,2026-01-16T17:07:26+00:00,5400
M1,C07,2026-01-16T17:07:26+00:00,2026-01-17T10:22:26+00:00,62100
M1,C07,2026-01-17T10:22:26+00:00,2026-01-17T10:52:26+00:00,1800
M1,C07,2026-01-17T10:52:26+00:00,2026-01-19T05:07:27+00:00,152101
M1,C07,2026-01-19T05:07:27+00:00,2026-01-19T13:22:27+00:00,29700
M1,C07,2026-01-19T13:22:27+00:00,2026-01-20T08:52:25+00:00,70198
M1,C07,2026-01-20T08:52:25+00:00,2026-01-20T13:37:25+00:00,17100
M1,C07,2026-01-20T13:37:25+00:00,2026-01-21T04:37:25+00:00,54000
M1,C07,2026-01-21T04:37:25+00:00,2026-01-22T08:22:25+00:00,99900
M1,C07,2026-01-22T08:22:25+00:00,2026-01-22T15:06:25+00:00,24240
M1,C07,2026-01-22T15:06:25+00:00,2026-01-25T03:52:25+00:00,218760
M1,C07,2026-01-25T03:52:25+00:00,2026-01-25T05:37:25+00:00,6300
M1,C07,2026-01-25T05:37:25+00:00,2026-01-25T07:07:25+00:00,5400
M1,C07,2026-01-25T07:22:25+00:00,2026-01-25T13:22:25+00:00,21600
M1,C07,2026-01-25T13:22:25+00:00,2026-01-25T16:22:25+00:00,10800
M1,C07,2026-01-25T16:22:25+00:00,2026-01-26T10:37:26+00:00,65701
M1,C07,2026-01-26T10:37:26+00:00,2026-01-27T11:52:26+00:00,90900
M1,C07,2026-01-27T11:52:26+00:00,2026-01-27T12:22:26+00:00,1800
M1,C07,2026-01-27T12:22:26+00:00,2026-01-28T15:22:26+00:00,97200
M1,C07,2026-01-28T15:22:26+00:00,2026-02-02T05:37:27+00:00,396901
M1,C07,2026-02-02T05:37:27+00:00,2026-02-04T06:37:25+00:00,176398
M1,C07,2026-02-04T06:37:25+00:00,2026-02-04T09:37:25+00:00,10800
M1,C07,2026-02-04T09:37:25+00:00,2026-02-07T11:52:25+00:00,267300
M1,C07,2026-02-07T11:52:25+00:00,2026-02-08T09:37:25+00:00,78300
M1,C07,2026-02-08T09:37:25+00:00,2026-02-10T14:07:26+00:00,189001
M1,C07,2026-02-10T14:07:26+00:00,2026-02-11T08:07:26+00:00,64800
M1,C07,2026-02-11T08:07:26+00:00,2026-02-11T15:37:26+00:00,27000
M1,C07,2026-02-11T15:37:26+00:00,2026-02-11T16:52:26+00:00,4500
M1,C07,2026-02-11T16:52:26+00:00,2026-02-12T10:22:26+00:00,63000
M1,C07,2026-02-12T10:22:26+00:00,2026-02-14T07:52:26+00:00,163800
M1,C07,2026-02-14T07:52:26+00:00,2026-02-14T11:37:26+00:00,13500
M1,C07,2026-02-14T11:37:26+00:00,2026-02-16T04:37:27+00:00,147601
M1,C07,2026-02-16T04:37:27+00:00,2026-02-18T01:52:25+00:00,162898
M1,C07,2026-02-18T01:52:25+00:00,2026-02-18T10:07:25+00:00,29700
M1,C07,2026-02-18T10:07:25+00:00,2026-02-18T10:37:25+00:00,1800
M1,C07,2026-02-18T10:37:25+00:00,2026-02-18T15:37:25+00:00,18000
M1,C07,2026-02-18T15:37:25+00:00,2026-02-19T09:37:25+00:00,64800
M1,C07,2026-02-19T09:37:25+00:00,2026-02-19T13:07:25+00:00,12600
M1,C07,2026-02-19T13:07:25+00:00,2026-02-20T00:37:25+00:00,41400
M1,C07,2026-02-20T00:37:25+00:00,2026-02-20T05:07:25+00:00,16200
M1,C07,2026-02-20T05:07:25+00:00,2026-02-20T10:52:25+00:00,20700
M1,C07,2026-02-20T10:52:25+00:00,2026-02-21T08:07:25+00:00,76500
M1,C07,2026-02-21T08:07:25+00:00,2026-02-22T08:07:25+00:00,86400
M1,C07,2026-02-22T08:07:25+00:00,2026-05-25T23:52:24+00:00,8005499
M1,C13,2022-08-10T18:52:25+00:00,2022-08-10T19:22:25+00:00,1800
M1,C13,2022-08-15T21:20:28+00:00,2022-08-15T21:52:25+00:00,1917
M1,C13,2022-08-17T18:59:24+00:00,2022-08-17T19:22:24+00:00,1380
M1,C13,2022-08-21T18:59:24+00:00,2022-08-21T19:22:24+00:00,1380
M1,C13,2022-08-24T13:24:25+00:00,2022-08-24T13:52:25+00:00,1680
M1,C13,2022-08-25T11:52:25+00:00,2022-08-25T12:24:25+00:00,1920
M1,C13,2022-08-25T18:54:24+00:00,2022-08-25T19:24:24+00:00,1800
M1,C13,2022-08-26T18:52:25+00:00,2022-08-26T19:22:25+00:00,1800
M1,C13,2022-08-29T16:37:24+00:00,2022-08-29T17:05:29+00:00,1685
M1,C13,2022-08-29T17:05:29+00:00,2022-08-29T17:52:24+00:00,2815
M1,C13,2022-08-29T18:54:24+00:00,2022-08-29T19:24:24+00:00,1800
M1,C13,2022-08-29T19:24:24+00:00,2022-08-29T19:52:24+00:00,1680
M1,C13,2022-09-02T14:59:25+00:00,2022-09-02T15:22:26+00:00,1381
M1,C13,2022-09-02T18:59:24+00:00,2022-09-02T19:22:24+00:00,1380
M1,C13,2022-09-05T09:13:27+00:00,2022-09-05T09:37:25+00:00,1438
M1,C13,2022-09-06T14:59:25+00:00,2022-09-06T15:22:26+00:00,1381
M1,C13,2022-09-06T18:59:24+00:00,2022-09-06T19:22:24+00:00,1380
M1,C13,2022-09-06T20:52:24+00:00,2022-09-06T21:22:24+00:00,1800
M1,C13,2022-09-07T16:24:25+00:00,2022-09-07T16:52:25+00:00,1680
M1,C13,2022-09-08T15:54:25+00:00,2022-10-13T16:24:25+00:00,3025800
M1,C13,2022-10-13T20:24:25+00:00,2022-10-13T20:52:25+00:00,1680
M1,C13,2022-10-14T18:59:24+00:00,2022-10-14T19:22:24+00:00,1380
M1,C13,2022-10-17T02:14:25+00:00,2022-10-17T02:52:25+00:00,2280
M1,C13,2022-10-18T15:24:25+00:00,2022-10-18T15:52:25+00:00,1680
M1,C13,2022-10-20T18:59:24+00:00,2022-10-20T19:22:24+00:00,1380
M1,C13,2022-10-26T18:59:24+00:00,2022-10-26T19:22:24+00:00,1380
M1,C13,2022-10-31T21:24:25+00:00,2022-10-31T21:52:25+00:00,1680
M1,C13,2022-11-01T18:59:24+00:00,2022-11-01T19:22:24+00:00,1380
M1,C13,2022-11-07T18:59:24+00:00,2022-11-07T19:22:24+00:00,1380
M1,C13,2022-11-07T19:50:27+00:00,2022-11-08T01:36:24+00:00,20757
M1,C13,2022-11-14T18:59:24+00:00,2022-11-14T19:22:24+00:00,1380
M1,C13,2022-11-15T20:24:25+00:00,2022-11-15T20:52:25+00:00,1680
M1,C13,2022-11-16T16:52:25+00:00,2023-01-04T18:37:25+00:00,4239900
M1,C13,2023-01-09T18:59:24+00:00,2023-01-09T19:22:24+00:00,1380
M1,C13,2023-01-11T20:52:25+00:00,2023-01-11T21:24:25+00:00,1920
M1,C13,2023-01-19T18:59:26+00:00,2023-01-19T19:22:26+00:00,1380
M1,C13,2023-01-23T08:37:25+00:00,2023-01-23T09:07:25+00:00,1800
M1,C13,2023-01-23T09:37:25+00:00,2023-01-23T10:07:25+00:00,1800
M1,C13,2023-01-24T18:22:25+00:00,2023-01-24T18:54:25+00:00,1920
M1,C13,2023-01-24T19:24:25+00:00,2023-01-24T19:52:25+00:00,1680
M1,C13,2023-01-26T14:07:25+00:00,2023-01-26T14:37:25+00:00,1800
M1,C13,2023-01-27T06:22:25+00:00,2023-01-27T06:52:25+00:00,1800
M1,C13,2023-01-28T01:37:26+00:00,2023-01-28T02:07:26+00:00,1800
M1,C13,2023-01-28T02:37:26+00:00,2023-01-28T03:07:26+00:00,1800
M1,C13,2023-01-28T06:07:26+00:00,2023-01-28T06:37:26+00:00,1800
M1,C13,2023-01-29T18:59:24+00:00,2023-01-29T19:22:24+00:00,1380
M1,C13,2023-01-30T07:37:24+00:00,2023-01-30T08:07:24+00:00,1800
M1,C13,2023-01-30T09:07:24+00:00,2023-01-30T09:37:24+00:00,1800
M1,C13,2023-01-30T10:37:25+00:00,2023-01-30T11:07:25+00:00,1800
M1,C13,2023-02-02T11:37:25+00:00,2023-02-02T12:07:25+00:00,1800
M1,C13,2023-02-05T05:52:25+00:00,2023-02-05T06:22:25+00:00,1800
M1,C13,2023-02-05T09:37:25+00:00,2023-02-05T10:07:25+00:00,1800
M1,C13,2023-02-06T04:37:26+00:00,2023-02-06T05:07:26+00:00,1800
M1,C13,2023-02-06T06:07:26+00:00,2023-02-06T06:37:26+00:00,1800
M1,C13,2023-02-06T14:07:26+00:00,2023-02-06T14:37:26+00:00,1800
M1,C13,2023-02-06T18:07:26+00:00,2023-02-06T18:37:26+00:00,1800
M1,C13,2023-02-07T07:37:26+00:00,2023-02-07T08:07:26+00:00,1800
M1,C13,2023-02-07T13:37:26+00:00,2023-02-07T14:06:26+00:00,1740
M1,C13,2023-02-07T19:07:26+00:00,2023-02-07T19:37:26+00:00,1800
M1,C13,2023-02-08T03:37:26+00:00,2023-02-08T04:07:26+00:00,1800
M1,C13,2023-02-08T05:37:26+00:00,2023-02-08T06:07:26+00:00,1800
M1,C13,2023-02-09T03:07:26+00:00,2023-02-09T03:37:26+00:00,1800
M1,C13,2023-02-09T07:52:26+00:00,2023-02-09T08:22:26+00:00,1800
M1,C13,2023-02-09T10:07:26+00:00,2023-02-09T10:37:26+00:00,1800
M1,C13,2023-02-09T10:37:26+00:00,2023-02-09T11:07:26+00:00,1800
M1,C13,2023-02-09T11:07:26+00:00,2023-02-09T11:37:26+00:00,1800
M1,C13,2023-02-09T14:37:26+00:00,2023-02-09T15:07:26+00:00,1800
M1,C13,2023-02-09T18:59:24+00:00,2023-02-09T19:22:24+00:00,1380
M1,C13,2023-02-10T12:07:25+00:00,2023-02-10T12:37:25+00:00,1800
M1,C13,2023-02-13T05:37:25+00:00,2023-02-13T06:07:25+00:00,1800
M1,C13,2023-02-13T08:07:25+00:00,2023-02-13T08:37:25+00:00,1800
M1,C13,2023-02-13T09:37:25+00:00,2023-02-13T10:07:25+00:00,1800
M1,C13,2023-02-13T12:37:25+00:00,2023-02-13T13:07:25+00:00,1800
M1,C13,2023-02-13T21:37:25+00:00,2023-02-13T22:07:25+00:00,1800
M1,C13,2023-02-14T07:07:25+00:00,2023-02-14T07:37:25+00:00,1800
M1,C13,2023-02-14T08:07:25+00:00,2023-02-14T08:37:25+00:00,1800
M1,C13,2023-02-14T12:37:25+00:00,2023-02-14T13:07:25+00:00,1800
M1,C13,2023-02-14T17:37:25+00:00,2023-02-14T18:07:25+00:00,1800
M1,C13,2023-02-15T03:07:25+00:00,2023-02-15T03:37:25+00:00,1800
M1,C13,2023-02-15T13:37:25+00:00,2023-02-15T14:07:25+00:00,1800
M1,C13,2023-02-16T04:37:25+00:00,2023-02-16T05:07:25+00:00,1800
M1,C13,2023-02-16T07:37:25+00:00,2023-02-16T08:07:25+00:00,1800
M1,C13,2023-02-16T08:07:25+00:00,2023-02-16T08:37:25+00:00,1800
M1,C13,2023-02-16T10:37:25+00:00,2023-02-16T11:07:25+00:00,1800
M1,C13,2023-02-16T12:07:25+00:00,2023-02-16T12:37:25+00:00,1800
M1,C13,2023-02-16T13:37:25+00:00,2023-02-16T14:07:25+00:00,1800
M1,C13,2023-02-16T15:07:25+00:00,2023-02-16T15:37:25+00:00,1800
M1,C13,2023-02-16T16:37:25+00:00,2023-02-16T17:07:25+00:00,1800
M1,C13,2023-02-16T19:07:25+00:00,2023-02-16T19:37:25+00:00,1800
M1,C13,2023-02-17T06:37:26+00:00,2023-02-17T07:07:26+00:00,1800
M1,C13,2023-02-17T08:37:26+00:00,2023-02-17T09:07:26+00:00,1800
M1,C13,2023-02-17T10:37:26+00:00,2023-02-17T11:07:26+00:00,1800
M1,C13,2023-02-17T12:37:26+00:00,2023-02-17T13:07:26+00:00,1800
M1,C13,2023-02-17T16:37:26+00:00,2023-02-17T17:07:26+00:00,1800
M1,C13,2023-02-18T05:07:26+00:00,2023-02-18T05:37:26+00:00,1800
M1,C13,2023-02-18T10:07:26+00:00,2023-02-18T10:37:26+00:00,1800
M1,C13,2023-02-19T01:37:26+00:00,2023-02-19T02:07:26+00:00,1800
M1,C13,2023-02-19T08:07:26+00:00,2023-02-19T08:37:26+00:00,1800
M1,C13,2023-02-19T15:37:26+00:00,2023-02-19T16:07:26+00:00,1800
M1,C13,2023-02-20T05:37:26+00:00,2023-02-20T06:07:26+00:00,1800
M1,C13,2023-02-20T10:07:26+00:00,2023-02-20T10:37:26+00:00,1800
M1,C13,2023-02-20T10:37:26+00:00,2023-02-20T11:07:26+00:00,1800
M1,C13,2023-02-20T19:07:26+00:00,2023-02-20T20:37:26+00:00,5400
M1,C13,2023-02-21T18:59:24+00:00,2023-02-21T19:22:24+00:00,1380
M1,C13,2023-02-27T11:07:25+00:00,2023-02-27T11:37:25+00:00,1800
M1,C13,2023-02-27T11:37:25+00:00,2023-02-27T12:07:25+00:00,1800
M1,C13,2023-02-27T12:37:25+00:00,2023-02-27T13:07:25+00:00,1800
M1,C13,2023-02-27T13:37:25+00:00,2023-02-27T14:07:25+00:00,1800
M1,C13,2023-02-27T17:22:25+00:00,2023-02-27T17:54:25+00:00,1920
M1,C13,2023-02-27T19:24:25+00:00,2023-02-27T20:07:25+00:00,2580
M1,C13,2023-02-28T12:07:25+00:00,2023-02-28T12:37:25+00:00,1800
M1,C13,2023-03-01T02:37:26+00:00,2023-03-01T03:07:26+00:00,1800
M1,C13,2023-03-01T14:07:26+00:00,2023-03-01T14:37:26+00:00,1800
M1,C13,2023-03-01T18:00:29+00:00,2023-03-01T18:37:26+00:00,2217
M1,C13,2023-03-01T21:07:26+00:00,2023-03-01T21:37:26+00:00,1800
M1,C13,2023-03-02T05:37:26+00:00,2023-03-02T06:07:26+00:00,1800
M1,C13,2023-03-02T21:22:26+00:00,2023-03-02T21:52:26+00:00,1800
M1,C13,2023-03-03T08:37:26+00:00,2023-03-03T09:07:26+00:00,1800
M1,C13,2023-03-03T21:07:26+00:00,2023-03-03T21:52:26+00:00,2700
M1,C13,2023-03-04T21:07:26+00:00,2023-03-04T21:52:26+00:00,2700
M1,C13,2023-03-05T21:07:26+00:00,2023-03-05T21:52:26+00:00,2700
M1,C13,2023-03-06T15:37:26+00:00,2023-03-06T17:22:24+00:00,6298
M1,C13,2023-03-06T18:59:24+00:00,2023-03-06T19:22:24+00:00,1380
M1,C13,2023-03-06T21:07:24+00:00,2023-03-06T21:52:24+00:00,2700
M1,C13,2023-03-07T07:37:24+00:00,2023-03-07T08:07:24+00:00,1800
M1,C13,2023-03-07T21:06:25+00:00,2023-03-07T21:54:25+00:00,2880
M1,C13,2023-03-08T13:07:25+00:00,2023-03-08T13:37:25+00:00,1800
M1,C13,2023-03-08T16:27:25+00:00,2023-03-08T17:37:25+00:00,4200
M1,C13,2023-03-08T21:07:25+00:00,2023-03-08T21:51:55+00:00,2670
M1,C13,2023-03-09T05:06:55+00:00,2023-03-09T05:36:55+00:00,1800
M1,C13,2023-03-09T07:36:55+00:00,2023-03-09T08:06:55+00:00,1800
M1,C13,2023-03-09T12:36:55+00:00,2023-03-09T13:06:55+00:00,1800
M1,C13,2023-03-09T21:06:55+00:00,2023-03-09T21:51:55+00:00,2700
M1,C13,2023-03-10T08:06:55+00:00,2023-03-10T08:36:55+00:00,1800
M1,C13,2023-03-10T21:06:55+00:00,2023-03-10T21:51:55+00:00,2700
M1,C13,2023-03-11T03:06:55+00:00,2023-03-11T03:36:55+00:00,1800
M1,C13,2023-03-11T06:06:55+00:00,2023-03-11T06:36:55+00:00,1800
M1,C13,2023-03-11T21:06:55+00:00,2023-03-11T21:51:55+00:00,2700
M1,C13,2023-03-12T11:06:55+00:00,2023-03-12T11:36:55+00:00,1800
M1,C13,2023-03-12T21:06:55+00:00,2023-03-12T21:51:55+00:00,2700
M1,C13,2023-03-13T19:54:55+00:00,2023-03-13T20:21:55+00:00,1620
M1,C13,2023-03-13T21:06:56+00:00,2023-03-13T21:36:56+00:00,1800
M1,C13,2023-03-14T11:36:56+00:00,2023-03-14T12:06:56+00:00,1800
M1,C13,2023-03-14T21:06:56+00:00,2023-03-14T21:36:56+00:00,1800
M1,C13,2023-03-15T19:54:56+00:00,2023-03-15T20:21:56+00:00,1620
M1,C13,2023-03-15T21:06:56+00:00,2023-03-15T21:36:56+00:00,1800
M1,C13,2023-03-16T12:51:56+00:00,2023-03-16T13:24:56+00:00,1980
M1,C13,2023-03-16T21:06:56+00:00,2023-03-16T21:36:56+00:00,1800
M1,C13,2023-03-17T02:36:56+00:00,2023-03-17T03:06:56+00:00,1800
M1,C13,2023-03-17T21:06:56+00:00,2023-03-17T21:36:56+00:00,1800
M1,C13,2023-03-18T10:36:56+00:00,2023-03-18T11:06:56+00:00,1800
M1,C13,2023-03-18T13:06:56+00:00,2023-03-18T13:36:56+00:00,1800
M1,C13,2023-03-19T21:07:24+00:00,2023-03-19T21:37:24+00:00,1800
M1,C13,2023-03-22T05:07:25+00:00,2023-03-22T05:37:25+00:00,1800
M1,C13,2023-03-24T21:07:25+00:00,2023-03-24T21:37:25+00:00,1800
M1,C13,2023-03-25T05:07:25+00:00,2023-03-25T05:37:25+00:00,1800
M1,C13,2023-03-27T11:37:26+00:00,2023-03-27T12:07:26+00:00,1800
M1,C13,2023-03-31T15:37:26+00:00,2023-04-10T06:37:26+00:00,831600
M1,C13,2023-04-11T18:24:26+00:00,2023-04-11T19:06:24+00:00,2518
M1,C13,2023-04-11T20:06:24+00:00,2023-04-11T20:37:24+00:00,1860
M1,C13,2023-04-17T14:59:25+00:00,2023-04-17T15:22:26+00:00,1381
M1,C13,2023-04-17T22:37:24+00:00,2023-04-18T19:52:25+00:00,76501
M1,C13,2023-04-29T14:59:26+00:00,2023-04-29T15:22:26+00:00,1380
M1,C13,2023-04-29T18:59:24+00:00,2023-04-29T19:22:24+00:00,1380
M1,C13,2023-05-02T12:10:28+00:00,2023-05-02T14:52:25+00:00,9717
M1,C13,2023-05-08T20:54:26+00:00,2023-05-08T21:22:26+00:00,1680
M1,C13,2023-05-11T15:22:26+00:00,2023-05-11T15:52:26+00:00,1800
M1,C13,2023-05-13T14:59:27+00:00,2023-05-13T15:22:26+00:00,1379
M1,C13,2023-05-14T06:07:24+00:00,2023-05-14T06:37:24+00:00,1800
M1,C13,2023-05-22T16:22:26+00:00,2023-05-22T16:52:26+00:00,1800
M1,C13,2023-05-22T18:37:26+00:00,2023-05-22T19:07:26+00:00,1800
M1,C13,2023-05-23T05:52:26+00:00,2023-05-23T06:22:26+00:00,1800
M1,C13,2023-05-27T14:59:27+00:00,2023-05-27T15:22:26+00:00,1379
M1,C13,2023-06-05T11:52:26+00:00,2023-06-05T12:24:26+00:00,1920
M1,C13,2023-06-07T14:59:27+00:00,2023-06-07T15:22:26+00:00,1379
M1,C13,2023-06-12T05:52:25+00:00,2023-06-12T06:22:25+00:00,1800
M1,C13,2023-06-12T08:37:25+00:00,2023-06-12T09:07:25+00:00,1800
M1,C13,2023-06-16T11:52:26+00:00,2023-06-16T12:24:26+00:00,1920
M1,C13,2023-06-16T16:24:26+00:00,2023-06-16T16:52:26+00:00,1680
M1,C13,2023-06-17T13:22:26+00:00,2023-06-21T21:22:27+00:00,374401
M1,C13,2023-06-25T13:07:25+00:00,2023-06-25T14:22:25+00:00,4500
M1,C13,2023-07-04T21:06:27+00:00,2023-07-04T21:37:27+00:00,1860
M1,C13,2023-07-05T15:24:27+00:00,2023-07-05T15:54:27+00:00,1800
M1,C13,2023-07-08T13:52:25+00:00,2023-07-08T14:22:25+00:00,1800
M1,C13,2023-07-08T22:37:24+00:00,2023-07-08T23:07:24+00:00,1800
M1,C13,2023-07-11T12:22:25+00:00,2023-07-11T12:54:25+00:00,1920
M1,C13,2023-07-11T21:24:25+00:00,2023-07-11T21:52:25+00:00,1680
M1,C13,2023-07-14T17:07:26+00:00,2023-07-14T17:37:26+00:00,1800
M1,C13,2023-07-14T17:52:26+00:00,2023-07-14T18:22:26+00:00,1800
M1,C13,2023-07-22T18:59:24+00:00,2023-07-22T19:22:24+00:00,1380
M1,C13,2023-07-24T21:24:25+00:00,2023-07-24T21:52:25+00:00,1680
M1,C13,2023-07-25T18:24:25+00:00,2023-07-25T18:52:25+00:00,1680
M1,C13,2023-07-26T12:52:25+00:00,2023-07-26T13:24:25+00:00,1920
M1,C13,2023-07-27T16:22:25+00:00,2023-07-27T16:52:25+00:00,1800
M1,C13,2023-07-27T17:37:25+00:00,2023-07-27T18:52:25+00:00,4500
M1,C13,2023-08-01T12:22:26+00:00,2023-08-01T13:06:26+00:00,2640
M1,C13,2023-08-01T16:24:26+00:00,2023-08-01T16:54:26+00:00,1800
M1,C13,2023-08-01T19:06:26+00:00,2023-08-01T19:37:26+00:00,1860
M1,C13,2023-08-04T14:39:27+00:00,2023-08-04T16:07:27+00:00,5280
M1,C13,2023-08-05T08:37:27+00:00,2023-08-05T09:07:27+00:00,1800
M1,C13,2023-08-14T12:22:26+00:00,2023-08-14T12:54:26+00:00,1920
M1,C13,2023-08-14T20:54:26+00:00,2023-08-14T21:24:26+00:00,1800
M1,C13,2023-08-16T01:24:26+00:00,2023-08-16T01:52:26+00:00,1680
M1,C13,2023-08-16T14:22:26+00:00,2023-08-16T14:54:26+00:00,1920
M1,C13,2023-08-20T10:22:24+00:00,2023-08-20T11:22:25+00:00,3601
M1,C13,2023-08-20T11:22:25+00:00,2023-08-20T11:52:25+00:00,1800
M1,C13,2023-08-20T12:37:25+00:00,2023-08-20T13:37:25+00:00,3600
M1,C13,2023-08-20T18:37:25+00:00,2023-08-23T00:22:25+00:00,193500
M1,C13,2023-08-23T14:37:25+00:00,2023-08-23T15:06:25+00:00,1740
M1,C13,2023-09-04T14:59:25+00:00,2023-09-04T15:22:26+00:00,1381
M1,C13,2023-09-11T18:57:25+00:00,2023-09-11T20:37:25+00:00,6000
M1,C13,2023-09-14T09:22:26+00:00,2023-09-14T23:52:26+00:00,52200
M1,C13,2023-09-15T08:37:26+00:00,2023-09-15T09:07:26+00:00,1800
M1,C13,2023-09-15T09:07:26+00:00,2023-09-27T01:37:26+00:00,1009800
M1,C13,2023-09-27T20:37:26+00:00,2023-09-27T21:22:26+00:00,2700
M1,C13,2023-09-27T22:37:26+00:00,2023-09-27T23:06:26+00:00,1740
M1,C13,2023-09-28T20:37:26+00:00,2023-09-28T21:22:26+00:00,2700
M1,C13,2023-09-29T20:37:26+00:00,2023-09-29T21:22:26+00:00,2700
M1,C13,2023-09-30T20:52:24+00:00,2023-09-30T21:22:24+00:00,1800
M1,C13,2023-10-01T15:07:25+00:00,2023-10-01T15:52:25+00:00,2700
M1,C13,2023-10-01T15:52:25+00:00,2023-10-04T22:52:25+00:00,284400
M1,C13,2023-10-05T20:37:25+00:00,2023-10-05T21:22:25+00:00,2700
M1,C13,2023-10-06T20:37:25+00:00,2023-10-06T21:22:25+00:00,2700
M1,C13,2023-10-07T20:37:25+00:00,2023-10-07T21:22:25+00:00,2700
M1,C13,2023-10-08T20:37:25+00:00,2023-10-08T21:22:25+00:00,2700
M1,C13,2023-10-09T20:37:26+00:00,2023-10-09T21:37:26+00:00,3600
M1,C13,2023-10-10T20:37:26+00:00,2023-10-10T21:22:26+00:00,2700
M1,C13,2023-10-11T20:37:26+00:00,2023-10-11T21:22:26+00:00,2700
M1,C13,2023-10-12T16:24:26+00:00,2023-10-12T16:52:26+00:00,1680
M1,C13,2023-10-12T20:37:26+00:00,2023-10-12T21:22:26+00:00,2700
M1,C13,2023-10-13T20:37:26+00:00,2023-10-13T21:22:26+00:00,2700
M1,C13,2023-10-14T18:59:24+00:00,2023-10-14T19:22:24+00:00,1380
M1,C13,2023-10-14T20:37:24+00:00,2023-10-14T21:22:24+00:00,2700
M1,C13,2023-10-15T20:37:25+00:00,2023-10-15T21:22:25+00:00,2700
M1,C13,2023-10-16T20:37:25+00:00,2023-10-16T21:22:25+00:00,2700
M1,C13,2023-10-17T15:12:25+00:00,2023-10-17T15:37:25+00:00,1500
M1,C13,2023-10-18T20:22:25+00:00,2023-10-18T21:22:25+00:00,3600
M1,C13,2023-10-19T16:22:25+00:00,2023-10-19T16:54:25+00:00,1920
M1,C13,2023-10-19T17:24:25+00:00,2023-10-19T17:52:25+00:00,1680
M1,C13,2023-10-19T20:52:25+00:00,2023-10-19T21:22:25+00:00,1800
M1,C13,2023-10-21T20:37:26+00:00,2023-10-21T21:07:26+00:00,1800
M1,C13,2023-10-25T13:07:26+00:00,2023-10-25T22:52:26+00:00,35100
M1,C13,2023-10-26T08:52:26+00:00,2023-10-26T14:52:26+00:00,21600
M1,C13,2023-10-30T18:22:25+00:00,2023-10-30T18:54:25+00:00,1920
M1,C13,2023-10-31T20:37:25+00:00,2023-10-31T21:07:25+00:00,1800
M1,C13,2023-11-01T20:52:25+00:00,2023-11-01T21:22:25+00:00,1800
M1,C13,2023-11-02T20:22:25+00:00,2023-11-02T21:07:25+00:00,2700
M1,C13,2023-11-03T20:37:25+00:00,2023-11-03T21:07:25+00:00,1800
M1,C13,2023-11-04T20:22:26+00:00,2023-11-04T21:22:26+00:00,3600
M1,C13,2023-11-04T21:22:26+00:00,2023-11-04T21:52:26+00:00,1800
M1,C13,2023-11-05T20:07:26+00:00,2023-11-05T20:37:26+00:00,1800
M1,C13,2023-11-05T20:37:26+00:00,2023-11-05T21:07:26+00:00,1800
M1,C13,2023-11-08T13:22:26+00:00,2023-11-08T13:54:26+00:00,1920
M1,C13,2023-11-08T20:37:26+00:00,2023-11-08T21:06:26+00:00,1740
M1,C13,2023-11-08T21:54:26+00:00,2023-11-08T22:22:26+00:00,1680
M1,C13,2023-11-10T17:37:26+00:00,2023-11-10T18:07:26+00:00,1800
M1,C13,2023-11-10T20:52:27+00:00,2023-11-10T21:22:27+00:00,1800
M1,C13,2023-11-11T18:59:24+00:00,2023-11-11T19:22:24+00:00,1380
M1,C13,2023-11-12T20:37:25+00:00,2023-11-12T21:07:25+00:00,1800
M1,C13,2023-11-16T00:22:25+00:00,2023-11-16T00:52:25+00:00,1800
M1,C13,2023-11-16T01:07:25+00:00,2023-11-16T02:07:25+00:00,3600
M1,C13,2023-11-16T22:37:25+00:00,2023-11-16T23:07:25+00:00,1800
M1,C13,2023-11-28T21:24:25+00:00,2023-11-28T21:52:25+00:00,1680
M1,C13,2023-11-30T13:52:25+00:00,2023-11-30T14:24:25+00:00,1920
M1,C13,2023-12-04T17:36:26+00:00,2023-12-04T18:52:26+00:00,4560
M1,C13,2023-12-07T15:39:26+00:00,2023-12-07T16:22:26+00:00,2580
M1,C13,2023-12-11T14:54:27+00:00,2023-12-11T15:24:26+00:00,1799
M1,C13,2023-12-14T17:22:25+00:00,2023-12-14T17:52:25+00:00,1800
M1,C13,2023-12-16T09:29:25+00:00,2023-12-19T03:22:26+00:00,237181
M1,C13,2023-12-21T02:52:26+00:00,2023-12-21T03:37:26+00:00,2700
M1,C13,2023-12-21T06:52:26+00:00,2023-12-21T07:22:26+00:00,1800
M1,C13,2023-12-22T06:37:26+00:00,2023-12-22T07:07:26+00:00,1800
M1,C13,2023-12-22T07:22:26+00:00,2023-12-22T08:07:26+00:00,2700
M1,C13,2024-01-08T18:59:24+00:00,2024-01-08T19:22:24+00:00,1380
M1,C13,2024-01-11T05:52:25+00:00,2024-01-11T06:22:25+00:00,1800
M1,C13,2024-01-12T23:52:25+00:00,2024-01-16T18:52:26+00:00,327601
M1,C13,2024-01-22T16:30:27+00:00,2024-01-22T19:37:24+00:00,11217
M1,C13,2024-01-26T02:07:25+00:00,2024-01-26T02:37:25+00:00,1800
M1,C13,2024-02-02T14:12:26+00:00,2024-02-02T14:37:26+00:00,1500
M1,C13,2024-02-12T17:54:26+00:00,2024-02-12T18:22:26+00:00,1680
M1,C13,2024-02-13T21:22:26+00:00,2024-02-13T21:52:26+00:00,1800
M1,C13,2024-02-15T12:59:26+00:00,2024-02-15T15:54:26+00:00,10500
M1,C13,2024-02-15T21:07:26+00:00,2024-02-15T21:52:26+00:00,2700
M1,C13,2024-02-16T21:07:26+00:00,2024-02-16T21:37:26+00:00,1800
M1,C13,2024-02-19T21:22:24+00:00,2024-02-19T21:52:24+00:00,1800
M1,C13,2024-02-21T03:52:25+00:00,2024-02-21T04:58:25+00:00,3960
M1,C13,2024-02-21T04:58:25+00:00,2024-02-21T05:22:25+00:00,1440
M1,C13,2024-02-22T21:07:25+00:00,2024-02-22T21:37:25+00:00,1800
M1,C13,2024-02-23T21:07:25+00:00,2024-02-23T21:37:25+00:00,1800
M1,C13,2024-02-24T21:07:25+00:00,2024-02-24T21:52:25+00:00,2700
M1,C13,2024-02-25T21:07:25+00:00,2024-02-25T21:52:25+00:00,2700
M1,C13,2024-02-25T23:07:25+00:00,2024-02-26T00:07:25+00:00,3600
M1,C13,2024-02-26T21:07:26+00:00,2024-02-26T21:52:26+00:00,2700
M1,C13,2024-02-27T21:07:26+00:00,2024-02-27T21:52:26+00:00,2700
M1,C13,2024-02-28T21:07:26+00:00,2024-02-28T21:52:26+00:00,2700
M1,C13,2024-02-29T21:07:26+00:00,2024-02-29T21:52:26+00:00,2700
M1,C13,2024-03-01T21:07:26+00:00,2024-03-01T21:52:26+00:00,2700
M1,C13,2024-03-02T21:07:26+00:00,2024-03-02T21:37:26+00:00,1800
M1,C13,2024-03-03T21:07:27+00:00,2024-03-03T21:52:27+00:00,2700
M1,C13,2024-03-04T21:07:24+00:00,2024-03-04T21:52:24+00:00,2700
M1,C13,2024-03-05T21:07:25+00:00,2024-03-05T21:54:25+00:00,2820
M1,C13,2024-03-06T21:06:25+00:00,2024-03-06T21:37:25+00:00,1860
M1,C13,2024-03-08T16:37:25+00:00,2024-03-08T17:07:25+00:00,1800
M1,C13,2024-03-08T21:07:25+00:00,2024-03-08T21:37:25+00:00,1800
M1,C13,2024-03-11T21:06:26+00:00,2024-03-11T21:37:26+00:00,1860
M1,C13,2024-03-12T21:07:26+00:00,2024-03-12T21:52:26+00:00,2700
M1,C13,2024-03-17T21:22:27+00:00,2024-03-17T21:52:27+00:00,1800
M1,C13,2024-03-18T21:07:24+00:00,2024-03-18T21:37:24+00:00,1800
M1,C13,2024-03-19T21:07:25+00:00,2024-03-19T21:37:25+00:00,1800
M1,C13,2024-03-20T21:07:25+00:00,2024-03-20T21:37:25+00:00,1800
M1,C13,2024-03-25T21:07:25+00:00,2024-03-25T21:37:25+00:00,1800
M1,C13,2024-03-26T17:52:26+00:00,2024-03-26T18:22:26+00:00,1800
M1,C13,2024-03-28T15:29:26+00:00,2024-03-28T16:37:26+00:00,4080
M1,C13,2024-04-01T18:59:24+00:00,2024-04-01T19:22:24+00:00,1380
M1,C13,2024-04-07T09:14:31+00:00,2024-04-07T09:37:25+00:00,1374
M1,C13,2024-04-15T19:59:23+00:00,2024-04-15T20:22:23+00:00,1380
M1,C13,2024-04-17T14:59:23+00:00,2024-04-17T15:22:26+00:00,1383
M1,C13,2024-04-18T01:37:24+00:00,2024-04-18T02:07:24+00:00,1800
M1,C13,2024-04-22T21:09:25+00:00,2024-04-22T21:37:25+00:00,1680
M1,C13,2024-04-23T22:15:25+00:00,2024-04-24T00:07:25+00:00,6720
M1,C13,2024-04-29T14:54:26+00:00,2024-04-29T15:24:26+00:00,1800
M1,C13,2024-05-07T16:56:26+00:00,2024-05-07T17:22:26+00:00,1560
M1,C13,2024-05-08T21:31:26+00:00,2024-05-09T00:52:26+00:00,12060
M1,C13,2024-05-13T14:59:27+00:00,2024-05-13T15:22:26+00:00,1379
M1,C13,2024-05-21T19:52:26+00:00,2024-05-21T20:22:26+00:00,1800
M1,C13,2024-05-22T21:51:26+00:00,2024-05-22T22:22:26+00:00,1860
M1,C13,2024-05-27T14:59:27+00:00,2024-05-27T15:22:26+00:00,1379
M1,C13,2024-05-29T02:37:25+00:00,2024-05-29T03:07:25+00:00,1800
M1,C13,2024-05-29T22:37:25+00:00,2024-05-29T23:07:25+00:00,1800
M1,C13,2024-05-31T21:22:25+00:00,2024-05-31T21:52:25+00:00,1800
M1,C13,2024-06-02T23:37:26+00:00,2024-06-03T00:07:26+00:00,1800
M1,C13,2024-06-03T15:54:26+00:00,2024-06-03T16:42:26+00:00,2880
M1,C13,2024-06-03T16:42:26+00:00,2024-06-03T17:24:26+00:00,2520
M1,C13,2024-06-03T20:22:26+00:00,2024-06-03T20:52:26+00:00,1800
M1,C13,2024-06-04T17:37:26+00:00,2024-06-04T18:07:26+00:00,1800
M1,C13,2024-06-07T19:37:27+00:00,2024-06-07T20:07:27+00:00,1800
M1,C13,2024-06-07T22:37:27+00:00,2024-06-07T23:07:27+00:00,1800
M1,C13,2024-06-12T21:24:25+00:00,2024-06-12T21:54:25+00:00,1800
M1,C13,2024-06-15T11:52:26+00:00,2024-06-15T12:18:26+00:00,1560
M1,C13,2024-06-16T17:37:26+00:00,2024-06-16T18:22:26+00:00,2700
M1,C13,2024-06-17T01:22:26+00:00,2024-06-17T01:52:26+00:00,1800
M1,C13,2024-06-20T20:37:27+00:00,2024-06-20T21:06:27+00:00,1740
M1,C13,2024-06-24T16:37:24+00:00,2024-06-24T17:07:24+00:00,1800
M1,C13,2024-06-24T17:07:24+00:00,2024-06-24T17:37:24+00:00,1800
M1,C13,2024-06-24T18:59:24+00:00,2024-06-24T19:22:24+00:00,1380
M1,C13,2024-06-26T01:41:55+00:00,2024-06-26T03:36:55+00:00,6900
M1,C13,2024-06-28T16:51:55+00:00,2024-06-28T17:21:55+00:00,1800
M1,C13,2024-06-28T17:36:55+00:00,2024-06-28T18:06:55+00:00,1800
M1,C13,2024-06-30T00:53:56+00:00,2024-06-30T02:51:56+00:00,7080
M1,C13,2024-07-02T13:01:56+00:00,2024-07-02T13:36:56+00:00,2100
M1,C13,2024-07-02T19:36:56+00:00,2024-07-02T20:06:56+00:00,1800
M1,C13,2024-07-06T19:36:57+00:00,2024-07-06T20:06:57+00:00,1800
M1,C13,2024-07-22T18:58:24+00:00,2024-07-22T19:24:24+00:00,1560
M1,C13,2024-07-24T14:07:25+00:00,2024-07-24T14:37:25+00:00,1800
M1,C13,2024-07-29T14:22:26+00:00,2024-07-29T14:54:26+00:00,1920
M1,C13,2024-07-30T09:54:26+00:00,2024-07-30T10:37:26+00:00,2580
M1,C13,2024-07-30T17:37:26+00:00,2024-07-30T19:24:26+00:00,6420
M1,C13,2024-08-08T06:51:25+00:00,2024-08-08T08:07:25+00:00,4560
M1,C13,2024-08-12T11:07:26+00:00,2024-08-12T11:37:26+00:00,1800
M1,C13,2024-09-02T14:59:26+00:00,2024-09-02T15:22:26+00:00,1380
M1,C13,2024-09-03T04:37:24+00:00,2024-09-03T19:37:25+00:00,54001
M1,C13,2024-09-04T09:14:30+00:00,2024-09-04T09:37:25+00:00,1375
M1,C13,2024-09-04T17:52:25+00:00,2024-09-05T01:22:25+00:00,27000
M1,C13,2024-09-06T20:52:25+00:00,2024-09-06T21:22:25+00:00,1800
M1,C13,2024-09-08T04:37:25+00:00,2024-09-08T05:07:25+00:00,1800
M1,C13,2024-09-08T20:52:25+00:00,2024-09-08T21:22:25+00:00,1800
M1,C13,2024-09-09T05:07:25+00:00,2024-09-09T05:37:25+00:00,1800
M1,C13,2024-09-09T15:42:25+00:00,2024-09-09T17:37:25+00:00,6900
M1,C13,2024-09-09T19:54:25+00:00,2024-09-09T20:24:25+00:00,1800
M1,C13,2024-09-09T20:37:25+00:00,2024-09-09T21:24:25+00:00,2820
M1,C13,2024-09-10T20:22:26+00:00,2024-09-10T21:22:26+00:00,3600
M1,C13,2024-09-10T22:52:26+00:00,2024-09-10T23:22:26+00:00,1800
M1,C13,2024-09-11T20:37:26+00:00,2024-09-11T21:22:26+00:00,2700
M1,C13,2024-09-12T20:22:26+00:00,2024-09-12T21:37:26+00:00,4500
M1,C13,2024-09-12T22:22:26+00:00,2024-09-12T22:52:26+00:00,1800
M1,C13,2024-09-13T04:22:26+00:00,2024-09-13T04:52:26+00:00,1800
M1,C13,2024-09-13T05:07:26+00:00,2024-09-13T05:37:26+00:00,1800
M1,C13,2024-09-13T07:07:26+00:00,2024-09-13T07:37:26+00:00,1800
M1,C13,2024-09-13T07:52:26+00:00,2024-09-13T08:37:26+00:00,2700
M1,C13,2024-09-13T09:22:26+00:00,2024-09-13T10:07:26+00:00,2700
M1,C13,2024-09-13T20:37:26+00:00,2024-09-13T21:52:26+00:00,4500
M1,C13,2024-09-13T22:37:26+00:00,2024-09-13T23:07:26+00:00,1800
M1,C13,2024-09-14T20:37:26+00:00,2024-09-14T21:52:26+00:00,4500
M1,C13,2024-09-15T20:37:26+00:00,2024-09-15T21:22:26+00:00,2700
M1,C13,2024-09-16T14:59:26+00:00,2024-09-16T15:22:26+00:00,1380
M1,C13,2024-09-16T18:59:24+00:00,2024-09-16T19:22:24+00:00,1380
M1,C13,2024-09-16T20:37:24+00:00,2024-09-16T21:22:24+00:00,2700
M1,C13,2024-09-16T22:22:24+00:00,2024-09-16T22:52:24+00:00,1800
M1,C13,2024-09-17T08:37:24+00:00,2024-09-17T09:07:24+00:00,1800
M1,C13,2024-09-17T20:07:25+00:00,2024-09-17T20:37:25+00:00,1800
M1,C13,2024-09-17T20:37:25+00:00,2024-09-17T21:22:25+00:00,2700
M1,C13,2024-09-18T20:37:25+00:00,2024-09-18T21:22:25+00:00,2700
M1,C13,2024-09-19T20:06:25+00:00,2024-09-19T20:37:25+00:00,1860
M1,C13,2024-09-19T20:37:25+00:00,2024-09-19T21:22:25+00:00,2700
M1,C13,2024-09-20T20:37:25+00:00,2024-09-20T21:37:25+00:00,3600
M1,C13,2024-09-21T10:37:25+00:00,2024-09-21T11:06:25+00:00,1740
M1,C13,2024-09-21T14:37:25+00:00,2024-09-21T15:06:25+00:00,1740
M1,C13,2024-09-21T18:54:25+00:00,2024-09-21T19:24:25+00:00,1800
M1,C13,2024-09-21T19:24:25+00:00,2024-09-21T19:54:25+00:00,1800
M1,C13,2024-09-21T20:37:25+00:00,2024-09-21T21:24:25+00:00,2820
M1,C13,2024-09-22T20:37:25+00:00,2024-09-22T21:37:25+00:00,3600
M1,C13,2024-09-23T18:54:25+00:00,2024-09-23T19:24:25+00:00,1800
M1,C13,2024-09-23T20:37:25+00:00,2024-09-23T21:37:25+00:00,3600
M1,C13,2024-09-24T20:24:26+00:00,2024-09-24T21:52:26+00:00,5280
M1,C13,2024-09-25T20:37:26+00:00,2024-09-25T21:22:26+00:00,2700
M1,C13,2024-09-26T20:37:26+00:00,2024-09-26T21:37:26+00:00,3600
M1,C13,2024-09-27T20:37:26+00:00,2024-09-27T21:37:26+00:00,3600
M1,C13,2024-09-28T20:37:26+00:00,2024-09-28T21:37:26+00:00,3600
M1,C13,2024-09-29T20:37:26+00:00,2024-09-29T21:37:26+00:00,3600
M1,C13,2024-09-30T20:37:24+00:00,2024-09-30T21:37:24+00:00,3600
M1,C13,2024-10-01T20:37:25+00:00,2024-10-01T21:37:25+00:00,3600
M1,C13,2024-10-02T12:00:28+00:00,2024-10-02T15:37:25+00:00,13017
M1,C13,2024-10-02T17:37:25+00:00,2024-10-02T18:06:25+00:00,1740
M1,C13,2024-10-02T20:24:25+00:00,2024-10-02T21:37:25+00:00,4380
M1,C13,2024-10-03T20:06:25+00:00,2024-10-03T21:52:25+00:00,6360
M1,C13,2024-10-03T21:52:25+00:00,2024-10-03T22:22:25+00:00,1800
M1,C13,2024-10-04T20:22:25+00:00,2024-10-04T21:52:25+00:00,5400
M1,C13,2024-10-04T21:52:25+00:00,2024-10-04T22:22:25+00:00,1800
M1,C13,2024-10-05T20:22:25+00:00,2024-10-05T21:37:25+00:00,4500
M1,C13,2024-10-05T21:52:25+00:00,2024-10-05T22:22:25+00:00,1800
M1,C13,2024-10-06T06:07:25+00:00,2024-10-06T06:37:25+00:00,1800
M1,C13,2024-10-06T18:52:25+00:00,2024-10-06T19:22:25+00:00,1800
M1,C13,2024-10-06T20:37:25+00:00,2024-10-06T21:37:25+00:00,3600
M1,C13,2024-10-07T07:52:25+00:00,2024-10-07T08:22:25+00:00,1800
M1,C13,2024-10-07T20:07:26+00:00,2024-10-07T21:52:26+00:00,6300
M1,C13,2024-10-07T21:52:26+00:00,2024-10-07T22:22:26+00:00,1800
M1,C13,2024-10-08T20:37:26+00:00,2024-10-08T21:37:26+00:00,3600
M1,C13,2024-10-09T20:22:23+00:00,2024-10-09T21:22:23+00:00,3600
M1,C13,2024-10-09T21:22:23+00:00,2024-10-09T21:52:23+00:00,1800
M1,C13,2024-10-10T20:37:23+00:00,2024-10-10T21:22:23+00:00,2700
M1,C13,2024-10-10T23:37:23+00:00,2024-10-11T00:07:23+00:00,1800
M1,C13,2024-10-11T09:52:23+00:00,2024-10-11T10:22:23+00:00,1800
M1,C13,2024-10-11T20:37:23+00:00,2024-10-11T21:37:23+00:00,3600
M1,C13,2024-10-12T08:22:23+00:00,2024-10-12T19:37:23+00:00,40500
M1,C13,2024-10-12T19:52:23+00:00,2024-10-22T09:37:26+00:00,827103
M1,C13,2024-10-22T20:37:26+00:00,2024-10-22T21:22:26+00:00,2700
M1,C13,2024-10-23T20:37:26+00:00,2024-10-23T21:22:26+00:00,2700
M1,C13,2024-10-23T21:52:26+00:00,2024-10-23T22:22:26+00:00,1800
M1,C13,2024-10-24T20:22:26+00:00,2024-10-24T21:22:26+00:00,3600
M1,C13,2024-10-25T20:37:26+00:00,2024-10-25T21:22:26+00:00,2700
M1,C13,2024-10-26T20:37:26+00:00,2024-10-26T21:22:26+00:00,2700
M1,C13,2024-10-27T20:22:27+00:00,2024-10-27T21:37:27+00:00,4500
M1,C13,2024-10-27T23:07:27+00:00,2024-10-27T23:37:27+00:00,1800
M1,C13,2024-10-28T20:37:24+00:00,2024-10-28T21:22:24+00:00,2700
M1,C13,2024-10-29T20:37:25+00:00,2024-10-29T21:37:25+00:00,3600
M1,C13,2024-10-30T20:37:25+00:00,2024-10-30T21:22:25+00:00,2700
M1,C13,2024-10-31T20:37:25+00:00,2024-10-31T21:37:25+00:00,3600
M1,C13,2024-11-01T20:37:25+00:00,2024-11-01T21:07:25+00:00,1800
M1,C13,2024-11-02T20:37:25+00:00,2024-11-02T21:22:25+00:00,2700
M1,C13,2024-11-03T20:37:25+00:00,2024-11-03T21:07:25+00:00,1800
M1,C13,2024-11-05T20:37:26+00:00,2024-11-05T21:22:26+00:00,2700
M1,C13,2024-11-06T20:07:26+00:00,2024-11-06T20:37:26+00:00,1800
M1,C13,2024-11-06T20:37:26+00:00,2024-11-06T21:22:26+00:00,2700
M1,C13,2024-11-06T21:52:26+00:00,2024-11-06T22:37:26+00:00,2700
M1,C13,2024-11-07T01:52:26+00:00,2024-11-07T02:52:26+00:00,3600
M1,C13,2024-11-07T03:37:26+00:00,2024-11-07T04:07:26+00:00,1800
M1,C13,2024-11-08T13:22:26+00:00,2024-11-08T13:52:26+00:00,1800
M1,C13,2024-11-08T17:22:26+00:00,2024-11-08T17:52:26+00:00,1800
M1,C13,2024-11-08T18:07:26+00:00,2024-11-08T18:37:26+00:00,1800
M1,C13,2024-11-08T20:37:26+00:00,2024-11-08T21:07:26+00:00,1800
M1,C13,2024-11-09T07:22:26+00:00,2024-11-09T07:52:26+00:00,1800
M1,C13,2024-11-09T17:07:26+00:00,2024-11-09T17:37:26+00:00,1800
M1,C13,2024-11-09T20:37:26+00:00,2024-11-09T21:22:26+00:00,2700
M1,C13,2024-11-09T21:22:26+00:00,2024-11-09T21:52:26+00:00,1800
M1,C13,2024-11-10T01:22:26+00:00,2024-11-10T01:52:26+00:00,1800
M1,C13,2024-11-10T08:37:26+00:00,2024-11-10T09:07:26+00:00,1800
M1,C13,2024-11-10T20:37:27+00:00,2024-11-10T21:22:27+00:00,2700
M1,C13,2024-11-11T20:37:24+00:00,2024-11-11T21:07:24+00:00,1800
M1,C13,2024-11-12T09:52:24+00:00,2024-11-12T10:22:25+00:00,1801
M1,C13,2024-11-12T20:54:25+00:00,2024-11-12T21:22:25+00:00,1680
M1,C13,2024-11-13T20:37:25+00:00,2024-11-13T21:06:25+00:00,1740
M1,C13,2024-11-14T01:37:25+00:00,2024-11-14T02:06:25+00:00,1740
M1,C13,2024-11-14T17:24:25+00:00,2024-11-14T17:52:25+00:00,1680
M1,C13,2024-11-15T12:22:25+00:00,2024-11-15T12:52:25+00:00,1800
M1,C13,2024-11-15T20:52:25+00:00,2024-11-15T21:22:25+00:00,1800
M1,C13,2024-11-15T21:22:25+00:00,2024-11-15T21:52:25+00:00,1800
M1,C13,2024-11-18T20:54:26+00:00,2024-11-18T21:22:26+00:00,1680
M1,C13,2024-11-22T20:52:26+00:00,2024-11-22T21:22:26+00:00,1800
M1,C13,2024-11-22T23:52:26+00:00,2024-11-23T00:22:26+00:00,1800
M1,C13,2024-11-24T06:37:26+00:00,2024-11-24T07:07:26+00:00,1800
M1,C13,2024-11-24T07:07:26+00:00,2024-11-24T07:37:26+00:00,1800
M1,C13,2024-11-26T15:37:25+00:00,2024-11-26T17:07:25+00:00,5400
M1,C13,2024-11-26T23:37:25+00:00,2024-11-27T00:07:25+00:00,1800
M1,C13,2024-11-27T02:52:25+00:00,2024-11-27T03:22:25+00:00,1800
M1,C13,2024-11-30T20:07:25+00:00,2024-11-30T20:37:25+00:00,1800
M1,C13,2024-12-02T02:37:25+00:00,2024-12-02T03:07:25+00:00,1800
M1,C13,2024-12-02T17:06:26+00:00,2024-12-02T17:37:26+00:00,1860
M1,C13,2024-12-02T23:22:26+00:00,2024-12-02T23:52:26+00:00,1800
M1,C13,2024-12-03T20:06:26+00:00,2024-12-03T20:37:26+00:00,1860
M1,C13,2024-12-04T06:52:26+00:00,2024-12-04T07:22:26+00:00,1800
M1,C13,2024-12-04T10:22:26+00:00,2024-12-04T10:52:26+00:00,1800
M1,C13,2024-12-05T19:52:26+00:00,2024-12-05T20:22:26+00:00,1800
M1,C13,2024-12-06T09:53:26+00:00,2024-12-06T11:52:26+00:00,7140
M1,C13,2024-12-09T09:37:27+00:00,2024-12-09T10:07:27+00:00,1800
M1,C13,2024-12-09T14:59:27+00:00,2024-12-09T15:22:26+00:00,1379
M1,C13,2024-12-09T18:59:24+00:00,2024-12-09T19:22:24+00:00,1380
M1,C13,2024-12-09T21:22:24+00:00,2024-12-09T21:52:24+00:00,1800
M1,C13,2024-12-12T05:07:25+00:00,2024-12-12T09:37:25+00:00,16200
M1,C13,2024-12-12T10:37:25+00:00,2024-12-12T12:52:25+00:00,8100
M1,C13,2024-12-12T12:52:25+00:00,2024-12-12T22:22:25+00:00,34200
M1,C13,2024-12-12T22:52:25+00:00,2024-12-20T20:52:26+00:00,684001
M1,C13,2024-12-23T14:59:27+00:00,2024-12-23T15:22:26+00:00,1379
M1,C13,2024-12-23T23:52:24+00:00,2024-12-24T00:22:24+00:00,1800
M1,C13,2025-01-03T08:13:26+00:00,2025-01-03T08:52:26+00:00,2340
M1,C13,2025-01-03T11:16:26+00:00,2025-01-03T12:37:26+00:00,4860
M1,C13,2025-01-16T12:02:26+00:00,2025-01-16T15:07:26+00:00,11100
M1,C13,2025-02-03T21:07:24+00:00,2025-02-03T21:52:24+00:00,2700
M1,C13,2025-02-04T21:22:25+00:00,2025-02-04T21:52:25+00:00,1800
M1,C13,2025-02-05T19:07:25+00:00,2025-02-05T19:37:25+00:00,1800
M1,C13,2025-02-05T19:37:25+00:00,2025-02-05T20:07:25+00:00,1800
M1,C13,2025-02-05T20:37:25+00:00,2025-02-05T21:07:25+00:00,1800
M1,C13,2025-02-05T21:07:25+00:00,2025-02-05T21:37:25+00:00,1800
M1,C13,2025-02-06T05:22:25+00:00,2025-02-06T05:52:25+00:00,1800
M1,C13,2025-02-06T06:07:25+00:00,2025-02-06T06:37:25+00:00,1800
M1,C13,2025-02-06T06:37:25+00:00,2025-02-06T07:07:25+00:00,1800
M1,C13,2025-02-06T21:37:25+00:00,2025-02-06T22:07:25+00:00,1800
M1,C13,2025-02-06T22:07:25+00:00,2025-02-06T22:37:25+00:00,1800
M1,C13,2025-02-07T03:07:25+00:00,2025-02-07T03:37:25+00:00,1800
M1,C13,2025-02-07T10:52:25+00:00,2025-02-07T11:22:25+00:00,1800
M1,C13,2025-02-09T20:52:25+00:00,2025-02-23T19:22:25+00:00,1204200
M1,C13,2025-02-23T21:07:25+00:00,2025-02-23T21:52:25+00:00,2700
M1,C13,2025-02-24T17:07:26+00:00,2025-02-24T17:37:26+00:00,1800
M1,C13,2025-02-24T21:07:26+00:00,2025-02-24T21:52:26+00:00,2700
M1,C13,2025-02-25T21:07:26+00:00,2025-02-25T21:52:26+00:00,2700
M1,C13,2025-02-26T20:52:26+00:00,2025-02-26T21:52:26+00:00,3600
M1,C13,2025-02-27T03:37:26+00:00,2025-02-27T04:07:26+00:00,1800
M1,C13,2025-02-27T18:52:26+00:00,2025-02-27T19:22:26+00:00,1800
M1,C13,2025-02-27T20:52:26+00:00,2025-02-27T22:22:26+00:00,5400
M1,C13,2025-02-28T16:22:26+00:00,2025-02-28T16:52:26+00:00,1800
M1,C13,2025-02-28T18:07:26+00:00,2025-02-28T18:52:26+00:00,2700
M1,C13,2025-02-28T21:07:26+00:00,2025-02-28T21:52:26+00:00,2700
M1,C13,2025-03-01T19:37:26+00:00,2025-03-01T20:07:26+00:00,1800
M1,C13,2025-03-01T21:07:26+00:00,2025-03-01T21:52:26+00:00,2700
M1,C13,2025-03-02T18:37:27+00:00,2025-03-02T19:07:27+00:00,1800
M1,C13,2025-03-02T21:07:27+00:00,2025-03-02T21:52:27+00:00,2700
M1,C13,2025-03-03T01:37:27+00:00,2025-03-03T02:07:27+00:00,1800
M1,C13,2025-03-03T21:07:24+00:00,2025-03-03T21:52:24+00:00,2700
M1,C13,2025-03-04T21:07:25+00:00,2025-03-04T21:52:25+00:00,2700
M1,C13,2025-03-05T21:07:25+00:00,2025-03-05T21:52:25+00:00,2700
M1,C13,2025-03-06T21:07:25+00:00,2025-03-06T21:52:25+00:00,2700
M1,C13,2025-03-07T21:07:25+00:00,2025-03-07T21:37:25+00:00,1800
M1,C13,2025-03-08T21:07:25+00:00,2025-03-08T21:37:25+00:00,1800
M1,C13,2025-03-09T21:07:25+00:00,2025-03-09T21:37:25+00:00,1800
M1,C13,2025-03-10T21:07:26+00:00,2025-03-10T21:52:26+00:00,2700
M1,C13,2025-03-11T21:07:26+00:00,2025-03-11T21:37:26+00:00,1800
M1,C13,2025-03-12T01:22:26+00:00,2025-03-12T01:52:26+00:00,1800
M1,C13,2025-03-12T19:07:26+00:00,2025-03-17T23:52:24+00:00,449098
M1,C13,2025-03-18T20:52:25+00:00,2025-03-18T21:52:25+00:00,3600
M1,C13,2025-03-19T20:52:25+00:00,2025-03-19T21:52:25+00:00,3600
M1,C13,2025-03-20T21:06:25+00:00,2025-03-20T21:54:25+00:00,2880
M1,C13,2025-03-21T20:37:25+00:00,2025-03-21T21:52:25+00:00,4500
M1,C13,2025-03-22T20:52:25+00:00,2025-03-22T21:52:25+00:00,3600
M1,C13,2025-03-23T20:52:25+00:00,2025-03-23T21:52:25+00:00,3600
M1,C13,2025-03-24T20:52:26+00:00,2025-03-24T21:52:26+00:00,3600
M1,C13,2025-03-25T20:52:26+00:00,2025-03-25T21:22:26+00:00,1800
M1,C13,2025-03-26T20:52:26+00:00,2025-03-26T21:37:26+00:00,2700
M1,C13,2025-03-27T20:52:26+00:00,2025-03-27T21:22:26+00:00,1800
M1,C13,2025-03-28T20:37:26+00:00,2025-03-28T21:07:26+00:00,1800
M1,C13,2025-03-31T19:07:24+00:00,2025-03-31T19:37:24+00:00,1800
M1,C13,2025-03-31T20:37:24+00:00,2025-03-31T21:52:24+00:00,4500
M1,C13,2025-03-31T22:07:24+00:00,2025-03-31T22:37:24+00:00,1800
M1,C13,2025-03-31T23:22:24+00:00,2025-03-31T23:52:24+00:00,1800
M1,C13,2025-04-02T23:07:25+00:00,2025-04-02T23:37:25+00:00,1800
M1,C13,2025-04-03T18:22:25+00:00,2025-04-03T18:52:25+00:00,1800
M1,C13,2025-04-07T09:14:31+00:00,2025-04-07T09:37:25+00:00,1374
M1,C13,2025-04-08T18:22:26+00:00,2025-04-08T18:54:26+00:00,1920
M1,C13,2025-04-10T16:11:26+00:00,2025-04-10T16:37:26+00:00,1560
M1,C13,2025-04-10T17:11:26+00:00,2025-04-10T17:54:26+00:00,2580
M1,C13,2025-04-10T17:54:26+00:00,2025-04-10T18:36:26+00:00,2520
M1,C13,2025-04-10T18:36:26+00:00,2025-04-10T19:26:26+00:00,3000
M1,C13,2025-04-10T19:26:26+00:00,2025-04-10T19:54:26+00:00,1680
M1,C13,2025-04-10T20:00:29+00:00,2025-04-10T20:30:29+00:00,1800
M1,C13,2025-04-10T20:30:29+00:00,2025-04-10T21:02:26+00:00,1917
M1,C13,2025-04-10T21:25:26+00:00,2025-04-10T21:52:26+00:00,1620
M1,C13,2025-04-12T18:07:26+00:00,2025-04-12T18:37:26+00:00,1800
M1,C13,2025-04-12T20:37:26+00:00,2025-04-12T21:07:26+00:00,1800
M1,C13,2025-04-14T14:59:26+00:00,2025-04-14T15:22:26+00:00,1380
M1,C13,2025-04-15T19:59:24+00:00,2025-04-15T20:22:24+00:00,1380
M1,C13,2025-04-26T18:52:26+00:00,2025-04-26T19:22:26+00:00,1800
M1,C13,2025-04-26T19:37:26+00:00,2025-04-26T20:07:26+00:00,1800
M1,C13,2025-04-26T20:22:26+00:00,2025-04-26T20:52:26+00:00,1800
M1,C13,2025-04-26T21:52:26+00:00,2025-04-26T22:22:26+00:00,1800
M1,C13,2025-04-26T23:37:26+00:00,2025-04-27T00:07:26+00:00,1800
M1,C13,2025-04-27T03:37:26+00:00,2025-04-27T04:07:26+00:00,1800
M1,C13,2025-04-30T21:22:25+00:00,2025-04-30T21:52:25+00:00,1800
M1,C13,2025-05-01T07:07:25+00:00,2025-05-01T07:37:25+00:00,1800
M1,C13,2025-05-03T18:37:25+00:00,2025-05-03T19:07:25+00:00,1800
M1,C13,2025-05-03T23:52:25+00:00,2025-05-04T00:22:25+00:00,1800
M1,C13,2025-05-04T12:07:25+00:00,2025-05-04T12:37:25+00:00,1800
M1,C13,2025-05-04T18:07:25+00:00,2025-05-04T18:52:25+00:00,2700
M1,C13,2025-05-04T18:52:25+00:00,2025-05-04T19:22:25+00:00,1800
M1,C13,2025-05-04T20:22:25+00:00,2025-05-04T21:07:25+00:00,2700
M1,C13,2025-05-04T21:52:25+00:00,2025-05-04T22:22:25+00:00,1800
M1,C13,2025-05-05T14:59:26+00:00,2025-05-05T15:22:26+00:00,1380
M1,C13,2025-05-05T16:22:24+00:00,2025-05-05T16:52:24+00:00,1800
M1,C13,2025-05-11T18:52:25+00:00,2025-05-11T19:22:25+00:00,1800
M1,C13,2025-05-12T09:37:26+00:00,2025-05-12T10:07:26+00:00,1800
M1,C13,2025-05-12T12:52:26+00:00,2025-05-12T13:22:26+00:00,1800
M1,C13,2025-05-12T13:22:26+00:00,2025-05-12T13:52:26+00:00,1800
M1,C13,2025-05-12T14:59:26+00:00,2025-05-12T15:22:26+00:00,1380
M1,C13,2025-05-12T17:52:24+00:00,2025-05-12T18:22:24+00:00,1800
M1,C13,2025-05-12T21:22:24+00:00,2025-05-12T21:52:24+00:00,1800
M1,C13,2025-05-13T20:07:25+00:00,2025-05-13T20:52:25+00:00,2700
M1,C13,2025-05-13T20:52:25+00:00,2025-05-13T21:22:25+00:00,1800
M1,C13,2025-05-14T00:07:25+00:00,2025-05-14T00:52:25+00:00,2700
M1,C13,2025-05-14T15:37:25+00:00,2025-10-08T04:52:26+00:00,12662101
M1,C13,2025-10-08T04:52:26+00:00,2025-10-09T14:52:26+00:00,122400
M1,C13,2025-10-09T14:52:26+00:00,2025-10-11T15:22:26+00:00,174600
M1,C13,2025-10-11T15:22:26+00:00,2025-10-12T07:22:26+00:00,57600
M1,C13,2025-10-12T07:22:26+00:00,2025-10-12T11:22:27+00:00,14401
M1,C13,2025-10-12T11:22:27+00:00,2025-10-12T15:37:27+00:00,15300
M1,C13,2025-10-12T15:37:27+00:00,2025-10-13T08:52:27+00:00,62100
M1,C13,2025-10-13T08:52:27+00:00,2025-10-13T09:22:27+00:00,1800
M1,C13,2025-10-13T09:22:27+00:00,2025-10-14T21:52:25+00:00,131398
M1,C13,2025-10-14T21:52:25+00:00,2025-10-15T00:37:25+00:00,9900
M1,C13,2025-10-15T00:37:25+00:00,2025-10-15T06:07:25+00:00,19800
M1,C13,2025-10-15T06:07:25+00:00,2025-10-15T13:22:25+00:00,26100
M1,C13,2025-10-15T13:22:25+00:00,2025-10-16T04:07:25+00:00,53100
M1,C13,2025-10-16T04:07:25+00:00,2025-10-16T09:52:25+00:00,20700
M1,C13,2025-10-16T09:52:25+00:00,2025-10-16T10:52:25+00:00,3600
M1,C13,2025-10-16T11:07:25+00:00,2025-10-16T16:52:25+00:00,20700
M1,C13,2025-10-16T16:52:25+00:00,2025-10-16T19:22:25+00:00,9000
M1,C13,2025-10-16T19:22:25+00:00,2025-10-17T01:37:25+00:00,22500
M1,C13,2025-10-17T01:37:25+00:00,2025-10-17T04:37:25+00:00,10800
M1,C13,2025-10-17T04:37:25+00:00,2025-10-18T10:07:25+00:00,106200
M1,C13,2025-10-18T10:07:25+00:00,2025-10-18T22:52:25+00:00,45900
M1,C13,2025-10-18T22:52:25+00:00,2025-10-18T23:22:25+00:00,1800
M1,C13,2025-10-18T23:22:25+00:00,2025-10-19T01:52:25+00:00,9000
M1,C13,2025-10-19T01:52:25+00:00,2025-10-19T03:37:25+00:00,6300
M1,C13,2025-10-19T03:37:25+00:00,2025-10-19T07:07:25+00:00,12600
M1,C13,2025-10-19T07:07:25+00:00,2025-10-19T13:37:25+00:00,23400
M1,C13,2025-10-19T13:37:25+00:00,2025-10-19T20:37:25+00:00,25200
M1,C13,2025-10-19T20:37:25+00:00,2025-10-19T21:22:25+00:00,2700
M1,C13,2025-10-19T21:22:25+00:00,2025-10-20T03:22:25+00:00,21600
M1,C13,2025-10-20T03:22:25+00:00,2025-10-20T12:52:26+00:00,34201
M1,C13,2025-10-20T12:52:26+00:00,2025-10-20T17:37:26+00:00,17100
M1,C13,2025-10-20T17:37:26+00:00,2025-10-20T23:22:26+00:00,20700
M1,C13,2025-10-20T23:22:26+00:00,2025-10-21T04:07:26+00:00,17100
M1,C13,2025-10-21T04:07:26+00:00,2025-10-21T08:22:26+00:00,15300
M1,C13,2025-10-21T08:22:26+00:00,2025-10-22T02:37:26+00:00,65700
M1,C13,2025-10-22T02:37:26+00:00,2025-10-22T14:37:26+00:00,43200
M1,C13,2025-10-22T14:37:26+00:00,2025-10-22T16:22:26+00:00,6300
M1,C13,2025-10-22T16:22:26+00:00,2025-10-22T19:37:26+00:00,11700
M1,C13,2025-10-22T19:37:26+00:00,2025-10-22T21:37:26+00:00,7200
M1,C13,2025-10-22T21:37:26+00:00,2025-10-23T05:37:26+00:00,28800
M1,C13,2025-10-23T05:37:26+00:00,2025-10-23T10:37:26+00:00,18000
M1,C13,2025-10-23T10:52:26+00:00,2025-10-23T23:37:26+00:00,45900
M1,C13,2025-10-23T23:37:26+00:00,2025-10-24T04:22:26+00:00,17100
M1,C13,2025-10-24T04:22:26+00:00,2025-10-24T06:52:26+00:00,9000
M1,C13,2025-10-24T06:52:26+00:00,2025-10-24T12:22:26+00:00,19800
M1,C13,2025-10-24T12:22:26+00:00,2025-10-24T17:37:26+00:00,18900
M1,C13,2025-10-24T17:37:26+00:00,2025-10-25T08:52:26+00:00,54900
M1,C13,2025-10-25T08:52:26+00:00,2025-10-25T12:07:26+00:00,11700
M1,C13,2025-10-25T12:07:26+00:00,2025-10-25T13:52:26+00:00,6300
M1,C13,2025-10-25T13:52:26+00:00,2025-10-25T19:52:26+00:00,21600
M1,C13,2025-10-25T19:52:26+00:00,2025-10-25T22:37:26+00:00,9900
M1,C13,2025-10-25T22:37:26+00:00,2025-10-26T00:07:26+00:00,5400
M1,C13,2025-10-26T00:07:26+00:00,2025-10-26T05:52:26+00:00,20700
M1,C13,2025-10-26T05:52:26+00:00,2025-10-26T14:22:27+00:00,30601
M1,C13,2025-10-26T14:22:27+00:00,2025-10-26T20:07:27+00:00,20700
M1,C13,2025-10-26T20:07:27+00:00,2025-10-26T22:07:27+00:00,7200
M1,C13,2025-10-26T22:07:27+00:00,2025-10-27T00:37:27+00:00,9000
M1,C13,2025-10-27T00:37:27+00:00,2025-10-27T03:22:27+00:00,9900
M1,C13,2025-10-27T03:22:27+00:00,2025-10-27T07:52:27+00:00,16200
M1,C13,2025-10-27T07:52:27+00:00,2025-10-27T08:22:27+00:00,1800
M1,C13,2025-10-27T08:22:27+00:00,2025-10-27T11:37:27+00:00,11700
M1,C13,2025-10-27T11:37:27+00:00,2025-10-27T17:37:24+00:00,21597
M1,C13,2025-10-27T17:37:24+00:00,2025-10-27T21:07:24+00:00,12600
M1,C13,2025-10-27T21:07:24+00:00,2025-10-27T23:52:24+00:00,9900
M1,C13,2025-10-27T23:52:24+00:00,2025-10-28T01:07:24+00:00,4500
M1,C13,2025-10-28T01:07:24+00:00,2025-10-28T16:37:25+00:00,55801
M1,C13,2025-10-28T16:37:25+00:00,2025-10-28T17:37:25+00:00,3600
M1,C13,2025-10-28T17:37:25+00:00,2025-10-30T05:07:25+00:00,127800
M1,C13,2025-10-30T05:07:25+00:00,2025-10-30T07:37:25+00:00,9000
M1,C13,2025-10-30T07:37:25+00:00,2025-10-30T09:07:25+00:00,5400
M1,C13,2025-10-30T09:07:25+00:00,2025-10-30T15:07:25+00:00,21600
M1,C13,2025-10-30T15:07:25+00:00,2025-10-30T16:07:25+00:00,3600
M1,C13,2025-10-30T16:07:25+00:00,2025-10-31T07:07:25+00:00,54000
M1,C13,2025-10-31T07:07:25+00:00,2025-10-31T09:22:25+00:00,8100
M1,C13,2025-10-31T09:22:25+00:00,2025-11-01T04:37:25+00:00,69300
M1,C13,2025-11-01T04:37:25+00:00,2025-11-01T10:52:25+00:00,22500
M1,C13,2025-11-01T10:52:25+00:00,2025-11-02T01:22:25+00:00,52200
M1,C13,2025-11-02T01:22:25+00:00,2025-11-02T11:22:25+00:00,36000
M1,C13,2025-11-02T11:22:25+00:00,2025-11-02T16:07:25+00:00,17100
M1,C13,2025-11-02T16:07:25+00:00,2025-11-03T05:22:25+00:00,47700
M1,C13,2025-11-03T05:22:25+00:00,2025-11-05T01:07:26+00:00,157501
M1,C13,2025-11-05T01:07:26+00:00,2025-11-05T04:52:26+00:00,13500
M1,C13,2025-11-05T04:52:26+00:00,2025-11-05T11:37:26+00:00,24300
M1,C13,2025-11-05T11:37:26+00:00,2025-11-06T00:37:26+00:00,46800
M1,C13,2025-11-06T00:37:26+00:00,2025-11-06T08:37:26+00:00,28800
M1,C13,2025-11-06T08:37:26+00:00,2025-11-06T15:37:26+00:00,25200
M1,C13,2025-11-06T15:37:26+00:00,2025-11-07T00:37:26+00:00,32400
M1,C13,2025-11-07T00:37:26+00:00,2025-11-07T08:52:26+00:00,29700
M1,C13,2025-11-07T08:52:26+00:00,2025-11-08T01:37:26+00:00,60300
M1,C13,2025-11-08T01:37:26+00:00,2025-11-08T10:07:26+00:00,30600
M1,C13,2025-11-08T10:07:26+00:00,2025-11-08T14:07:26+00:00,14400
M1,C13,2025-11-08T14:07:26+00:00,2025-11-09T08:22:26+00:00,65700
M1,C13,2025-11-09T08:22:26+00:00,2025-11-09T11:07:27+00:00,9901
M1,C13,2025-11-09T11:07:27+00:00,2025-11-10T09:07:27+00:00,79200
M1,C13,2025-11-10T09:07:27+00:00,2025-11-10T12:37:27+00:00,12600
M1,C13,2025-11-10T12:37:27+00:00,2025-11-10T13:22:27+00:00,2700
M1,C13,2025-11-10T13:22:27+00:00,2025-11-11T04:52:24+00:00,55797
M1,C13,2025-11-11T04:52:24+00:00,2025-11-11T22:37:25+00:00,63901
M1,C13,2025-11-11T22:37:25+00:00,2025-11-12T03:07:25+00:00,16200
M1,C13,2025-11-12T03:07:25+00:00,2025-11-12T06:07:25+00:00,10800
M1,C13,2025-11-12T06:07:25+00:00,2025-11-12T16:22:25+00:00,36900
M1,C13,2025-11-12T16:22:25+00:00,2025-11-12T16:52:25+00:00,1800
M1,C13,2025-11-12T16:52:25+00:00,2025-11-13T00:52:25+00:00,28800
M1,C13,2025-11-13T00:52:25+00:00,2025-11-13T09:22:25+00:00,30600
M1,C13,2025-11-13T09:22:25+00:00,2025-11-13T11:37:25+00:00,8100
M1,C13,2025-11-13T11:37:25+00:00,2025-11-13T13:07:25+00:00,5400
M1,C13,2025-11-13T13:07:25+00:00,2025-11-13T15:24:25+00:00,8220
M1,C13,2025-11-13T15:24:25+00:00,2025-11-13T16:24:25+00:00,3600
M1,C13,2025-11-13T16:24:25+00:00,2025-11-14T07:37:25+00:00,54780
M1,C13,2025-11-14T07:37:25+00:00,2025-11-14T10:37:25+00:00,10800
M1,C13,2025-11-14T10:37:25+00:00,2025-11-14T11:22:25+00:00,2700
M1,C13,2025-11-14T11:22:25+00:00,2025-11-15T03:07:25+00:00,56700
M1,C13,2025-11-15T03:07:25+00:00,2025-11-15T07:22:25+00:00,15300
M1,C13,2025-11-15T07:22:25+00:00,2025-11-15T09:22:25+00:00,7200
M1,C13,2025-11-15T09:22:25+00:00,2025-11-15T15:37:25+00:00,22500
M1,C13,2025-11-15T15:37:25+00:00,2025-11-15T23:52:25+00:00,29700
M1,C13,2025-11-15T23:52:25+00:00,2025-11-16T04:52:25+00:00,18000
M1,C13,2025-11-16T04:52:25+00:00,2025-11-17T00:22:25+00:00,70200
M1,C13,2025-11-17T00:22:25+00:00,2025-11-17T05:52:25+00:00,19800
M1,C13,2025-11-17T05:52:25+00:00,2025-11-17T19:52:26+00:00,50401
M1,C13,2025-11-17T19:52:26+00:00,2025-11-18T03:22:26+00:00,27000
M1,C13,2025-11-18T03:22:26+00:00,2025-11-18T04:52:26+00:00,5400
M1,C13,2025-11-18T04:52:26+00:00,2025-11-18T15:07:26+00:00,36900
M1,C13,2025-11-18T15:07:26+00:00,2025-11-18T16:37:26+00:00,5400
M1,C13,2025-11-18T16:37:26+00:00,2025-11-18T17:22:26+00:00,2700
M1,C13,2025-11-18T17:22:26+00:00,2025-11-19T04:52:26+00:00,41400
M1,C13,2025-11-19T04:52:26+00:00,2025-11-19T05:52:26+00:00,3600
M1,C13,2025-11-19T05:52:26+00:00,2025-11-19T14:37:26+00:00,31500
M1,C13,2025-11-19T14:37:26+00:00,2025-11-19T15:24:26+00:00,2820
M1,C13,2025-11-19T15:24:26+00:00,2025-11-19T16:37:26+00:00,4380
M1,C13,2025-11-19T16:37:26+00:00,2025-11-19T22:37:26+00:00,21600
M1,C13,2025-11-19T22:37:26+00:00,2025-11-19T23:52:26+00:00,4500
M1,C13,2025-11-19T23:52:26+00:00,2025-11-20T10:07:26+00:00,36900
M1,C13,2025-11-20T10:07:26+00:00,2025-11-20T16:06:26+00:00,21540
M1,C13,2025-11-20T16:06:26+00:00,2025-11-20T20:37:26+00:00,16260
M1,C13,2025-11-20T20:37:26+00:00,2025-11-20T22:37:26+00:00,7200
M1,C13,2025-11-20T22:37:26+00:00,2025-11-21T04:52:26+00:00,22500
M1,C13,2025-11-21T04:52:26+00:00,2025-11-21T13:37:26+00:00,31500
M1,C13,2025-11-21T13:37:26+00:00,2025-11-21T19:07:26+00:00,19800
M1,C13,2025-11-21T19:07:26+00:00,2025-11-22T00:37:26+00:00,19800
M1,C13,2025-11-22T00:37:26+00:00,2025-11-22T03:22:26+00:00,9900
M1,C13,2025-11-22T03:22:26+00:00,2025-11-22T04:37:26+00:00,4500
M1,C13,2025-11-22T04:37:26+00:00,2025-11-22T06:07:26+00:00,5400
M1,C13,2025-11-22T06:07:26+00:00,2025-11-22T10:07:26+00:00,14400
M1,C13,2025-11-22T10:07:26+00:00,2025-11-22T12:37:26+00:00,9000
M1,C13,2025-11-22T12:37:26+00:00,2025-11-22T13:07:26+00:00,1800
M1,C13,2025-11-22T13:07:26+00:00,2025-11-22T15:07:26+00:00,7200
M1,C13,2025-11-22T15:07:26+00:00,2025-11-22T16:07:26+00:00,3600
M1,C13,2025-11-22T16:07:26+00:00,2025-11-22T20:52:26+00:00,17100
M1,C13,2025-11-22T20:52:26+00:00,2025-11-22T21:37:26+00:00,2700
M1,C13,2025-11-22T21:37:26+00:00,2025-11-23T00:52:26+00:00,11700
M1,C13,2025-11-23T00:52:26+00:00,2025-11-23T02:07:26+00:00,4500
M1,C13,2025-11-23T02:07:26+00:00,2025-11-23T12:22:27+00:00,36901
M1,C13,2025-11-23T12:22:27+00:00,2025-11-23T18:37:27+00:00,22500
M1,C13,2025-11-23T18:37:27+00:00,2025-11-23T21:07:27+00:00,9000
M1,C13,2025-11-23T21:07:27+00:00,2025-11-23T21:52:27+00:00,2700
M1,C13,2025-11-23T21:52:27+00:00,2025-11-24T05:52:27+00:00,28800
M1,C13,2025-11-24T05:52:27+00:00,2025-11-24T08:22:27+00:00,9000
M1,C13,2025-11-24T08:22:27+00:00,2025-11-24T09:22:27+00:00,3600
M1,C13,2025-11-24T09:22:27+00:00,2025-11-24T10:07:27+00:00,2700
M1,C13,2025-11-24T10:07:27+00:00,2025-11-24T21:06:24+00:00,39537
M1,C13,2025-11-24T21:06:24+00:00,2025-11-25T03:37:24+00:00,23460
M1,C13,2025-11-25T03:37:24+00:00,2025-11-25T06:22:24+00:00,9900
M1,C13,2025-11-25T06:22:24+00:00,2025-11-25T12:52:25+00:00,23401
M1,C13,2025-11-25T12:52:25+00:00,2025-11-25T13:52:25+00:00,3600
M1,C13,2025-11-25T13:52:25+00:00,2025-11-25T18:37:25+00:00,17100
M1,C13,2025-11-25T18:37:25+00:00,2025-11-25T19:37:25+00:00,3600
M1,C13,2025-11-25T19:37:25+00:00,2025-11-25T20:06:25+00:00,1740
M1,C13,2025-11-25T20:06:25+00:00,2025-11-26T06:37:25+00:00,37860
M1,C13,2025-11-26T06:37:25+00:00,2025-11-26T07:22:25+00:00,2700
M1,C13,2025-11-26T07:22:25+00:00,2025-11-26T13:07:25+00:00,20700
M1,C13,2025-11-26T13:07:25+00:00,2025-11-26T14:22:25+00:00,4500
M1,C13,2025-11-26T14:22:25+00:00,2025-11-27T04:22:25+00:00,50400
M1,C13,2025-11-27T04:22:25+00:00,2025-11-27T06:07:25+00:00,6300
M1,C13,2025-11-27T06:07:25+00:00,2025-11-27T08:22:25+00:00,8100
M1,C13,2025-11-27T08:22:25+00:00,2025-11-27T09:07:25+00:00,2700
M1,C13,2025-11-27T09:07:25+00:00,2025-11-27T10:52:25+00:00,6300
M1,C13,2025-11-27T10:52:25+00:00,2025-11-27T19:22:25+00:00,30600
M1,C13,2025-11-27T19:22:25+00:00,2025-11-28T23:52:25+00:00,102600
M1,C13,2025-11-28T23:52:25+00:00,2025-11-29T11:07:25+00:00,40500
M1,C13,2025-11-29T11:07:25+00:00,2025-11-29T11:37:25+00:00,1800
M1,C13,2025-11-29T11:37:25+00:00,2025-11-29T21:07:25+00:00,34200
M1,C13,2025-11-29T21:07:25+00:00,2025-11-30T06:22:25+00:00,33300
M1,C13,2025-11-30T06:22:25+00:00,2025-11-30T10:37:25+00:00,15300
M1,C13,2025-11-30T10:37:25+00:00,2025-11-30T11:52:25+00:00,4500
M1,C13,2025-11-30T11:52:25+00:00,2025-11-30T13:07:25+00:00,4500
M1,C13,2025-11-30T13:07:25+00:00,2025-11-30T14:52:25+00:00,6300
M1,C13,2025-11-30T14:52:25+00:00,2025-11-30T16:37:25+00:00,6300
M1,C13,2025-11-30T16:52:25+00:00,2025-11-30T22:37:25+00:00,20700
M1,C13,2025-11-30T22:37:25+00:00,2025-12-01T02:07:25+00:00,12600
M1,C13,2025-12-01T02:07:25+00:00,2025-12-01T05:52:25+00:00,13500
M1,C13,2025-12-01T05:52:25+00:00,2025-12-01T08:37:25+00:00,9900
M1,C13,2025-12-01T08:37:25+00:00,2025-12-01T19:37:26+00:00,39601
M1,C13,2025-12-01T19:37:26+00:00,2025-12-02T07:07:26+00:00,41400
M1,C13,2025-12-02T07:07:26+00:00,2025-12-02T20:37:26+00:00,48600
M1,C13,2025-12-02T20:52:26+00:00,2025-12-02T21:22:26+00:00,1800
M1,C13,2025-12-02T21:22:26+00:00,2025-12-03T01:37:26+00:00,15300
M1,C13,2025-12-03T01:37:26+00:00,2025-12-03T02:52:26+00:00,4500
M1,C13,2025-12-03T02:52:26+00:00,2025-12-03T11:07:26+00:00,29700
M1,C13,2025-12-03T11:07:26+00:00,2025-12-03T17:37:26+00:00,23400
M1,C13,2025-12-03T17:37:26+00:00,2025-12-04T00:07:26+00:00,23400
M1,C13,2025-12-04T00:07:26+00:00,2025-12-04T00:37:26+00:00,1800
M1,C13,2025-12-04T00:37:26+00:00,2025-12-04T05:22:26+00:00,17100
M1,C13,2025-12-04T05:22:26+00:00,2025-12-04T10:52:26+00:00,19800
M1,C13,2025-12-04T10:52:26+00:00,2025-12-04T12:52:26+00:00,7200
M1,C13,2025-12-04T12:52:26+00:00,2025-12-04T16:22:26+00:00,12600
M1,C13,2025-12-04T16:22:26+00:00,2025-12-04T21:07:26+00:00,17100
M1,C13,2025-12-04T21:07:26+00:00,2025-12-05T07:22:26+00:00,36900
M1,C13,2025-12-05T07:22:26+00:00,2025-12-05T20:52:26+00:00,48600
M1,C13,2025-12-05T20:52:26+00:00,2025-12-06T02:07:26+00:00,18900
M1,C13,2025-12-06T02:07:26+00:00,2025-12-06T09:07:26+00:00,25200
M1,C13,2025-12-06T09:07:26+00:00,2025-12-06T19:37:26+00:00,37800
M1,C13,2025-12-06T19:37:26+00:00,2025-12-07T07:07:26+00:00,41400
M1,C13,2025-12-07T07:07:26+00:00,2025-12-07T07:52:26+00:00,2700
M1,C13,2025-12-07T07:52:26+00:00,2025-12-07T11:52:27+00:00,14401
M1,C13,2025-12-07T11:52:27+00:00,2025-12-07T17:07:27+00:00,18900
M1,C13,2025-12-07T17:07:27+00:00,2025-12-08T02:37:27+00:00,34200
M1,C13,2025-12-08T02:37:27+00:00,2025-12-08T03:07:27+00:00,1800
M1,C13,2025-12-08T03:07:27+00:00,2025-12-08T06:37:27+00:00,12600
M1,C13,2025-12-08T06:37:27+00:00,2025-12-08T10:52:27+00:00,15300
M1,C13,2025-12-08T10:52:27+00:00,2025-12-09T01:22:27+00:00,52200
M1,C13,2025-12-09T01:22:27+00:00,2025-12-09T04:07:27+00:00,9900
M1,C13,2025-12-09T04:07:27+00:00,2025-12-09T08:37:27+00:00,16200
M1,C13,2025-12-09T08:37:27+00:00,2025-12-09T10:52:27+00:00,8100
M1,C13,2025-12-09T10:52:27+00:00,2025-12-09T16:37:24+00:00,20697
M1,C13,2025-12-09T16:37:24+00:00,2025-12-10T06:52:24+00:00,51300
M1,C13,2025-12-10T06:52:24+00:00,2025-12-11T07:37:25+00:00,89101
M1,C13,2025-12-11T07:37:25+00:00,2025-12-11T13:22:25+00:00,20700
M1,C13,2025-12-11T13:22:25+00:00,2025-12-11T15:07:25+00:00,6300
M1,C13,2025-12-11T15:22:25+00:00,2025-12-12T12:22:25+00:00,75600
M1,C13,2025-12-12T12:22:25+00:00,2025-12-12T12:52:25+00:00,1800
M1,C13,2025-12-12T12:52:25+00:00,2025-12-13T10:37:25+00:00,78300
M1,C13,2025-12-13T10:37:25+00:00,2025-12-13T12:52:25+00:00,8100
M1,C13,2025-12-13T12:52:25+00:00,2025-12-13T15:52:25+00:00,10800
M1,C13,2025-12-13T15:52:25+00:00,2025-12-13T18:22:25+00:00,9000
M1,C13,2025-12-13T18:22:25+00:00,2025-12-13T18:52:25+00:00,1800
M1,C13,2025-12-13T18:52:25+00:00,2025-12-13T23:07:25+00:00,15300
M1,C13,2025-12-13T23:07:25+00:00,2025-12-14T04:37:25+00:00,19800
M1,C13,2025-12-14T04:37:25+00:00,2025-12-14T07:07:25+00:00,9000
M1,C13,2025-12-14T07:07:25+00:00,2025-12-15T00:37:25+00:00,63000
M1,C13,2025-12-15T00:37:25+00:00,2025-12-15T04:22:25+00:00,13500
M1,C13,2025-12-15T04:22:25+00:00,2025-12-15T12:07:25+00:00,27900
M1,C13,2025-12-15T12:07:25+00:00,2025-12-16T06:07:25+00:00,64800
M1,C13,2025-12-16T06:07:25+00:00,2025-12-16T07:22:25+00:00,4500
M1,C13,2025-12-16T07:22:25+00:00,2025-12-17T01:37:26+00:00,65701
M1,C13,2025-12-17T01:37:26+00:00,2025-12-17T10:07:26+00:00,30600
M1,C13,2025-12-17T10:07:26+00:00,2025-12-17T17:52:26+00:00,27900
M1,C13,2025-12-17T17:52:26+00:00,2025-12-18T00:37:26+00:00,24300
M1,C13,2025-12-18T00:37:26+00:00,2025-12-18T01:22:26+00:00,2700
M1,C13,2025-12-18T01:22:26+00:00,2025-12-18T15:24:26+00:00,50520
M1,C13,2025-12-18T15:24:26+00:00,2025-12-19T10:52:26+00:00,70080
M1,C13,2025-12-19T10:52:26+00:00,2025-12-20T08:07:26+00:00,76500
M1,C13,2025-12-20T08:07:26+00:00,2025-12-20T10:22:26+00:00,8100
M1,C13,2025-12-20T10:22:26+00:00,2025-12-20T18:37:26+00:00,29700
M1,C13,2025-12-20T18:37:26+00:00,2025-12-21T07:52:26+00:00,47700
M1,C13,2025-12-21T07:52:26+00:00,2025-12-22T03:22:26+00:00,70200
M1,C13,2025-12-22T03:22:26+00:00,2025-12-22T11:07:27+00:00,27901
M1,C13,2025-12-22T11:07:27+00:00,2025-12-22T12:37:27+00:00,5400
M1,C13,2025-12-22T12:37:27+00:00,2025-12-22T14:07:27+00:00,5400
M1,C13,2025-12-22T14:07:27+00:00,2025-12-22T21:37:24+00:00,26997
M1,C13,2025-12-22T21:37:24+00:00,2025-12-23T03:07:24+00:00,19800
M1,C13,2025-12-23T03:07:24+00:00,2025-12-23T05:22:24+00:00,8100
M1,C13,2025-12-23T05:22:24+00:00,2025-12-23T12:52:25+00:00,27001
M1,C13,2025-12-23T12:52:25+00:00,2025-12-24T02:07:25+00:00,47700
M1,C13,2025-12-24T02:07:25+00:00,2025-12-24T21:37:25+00:00,70200
M1,C13,2025-12-24T21:37:25+00:00,2025-12-25T00:52:25+00:00,11700
M1,C13,2025-12-25T00:52:25+00:00,2025-12-25T02:22:25+00:00,5400
M1,C13,2025-12-25T02:22:25+00:00,2025-12-25T06:22:25+00:00,14400
M1,C13,2025-12-25T06:22:25+00:00,2025-12-25T11:52:25+00:00,19800
M1,C13,2025-12-25T11:52:25+00:00,2025-12-25T17:22:25+00:00,19800
M1,C13,2025-12-25T17:22:25+00:00,2025-12-26T03:22:25+00:00,36000
M1,C13,2025-12-26T03:22:25+00:00,2025-12-26T07:22:25+00:00,14400
M1,C13,2025-12-26T07:22:25+00:00,2025-12-26T09:22:25+00:00,7200
M1,C13,2025-12-26T09:22:25+00:00,2025-12-26T10:22:25+00:00,3600
M1,C13,2025-12-26T10:22:25+00:00,2025-12-26T22:07:25+00:00,42300
M1,C13,2025-12-26T22:07:25+00:00,2025-12-27T03:52:25+00:00,20700
M1,C13,2025-12-27T03:52:25+00:00,2025-12-27T08:52:25+00:00,18000
M1,C13,2025-12-27T08:52:25+00:00,2025-12-27T16:22:25+00:00,27000
M1,C13,2025-12-27T16:22:25+00:00,2025-12-27T17:37:25+00:00,4500
M1,C13,2025-12-27T17:37:25+00:00,2025-12-27T22:22:25+00:00,17100
M1,C13,2025-12-27T22:22:25+00:00,2025-12-28T08:22:25+00:00,36000
M1,C13,2025-12-28T08:22:25+00:00,2025-12-29T02:22:25+00:00,64800
M1,C13,2025-12-29T02:22:25+00:00,2025-12-29T03:07:25+00:00,2700
M1,C13,2025-12-29T03:07:25+00:00,2025-12-29T05:22:25+00:00,8100
M1,C13,2025-12-29T05:22:25+00:00,2025-12-29T07:52:25+00:00,9000
M1,C13,2025-12-29T07:52:25+00:00,2025-12-29T12:22:26+00:00,16201
M1,C13,2025-12-29T12:22:26+00:00,2025-12-29T16:37:26+00:00,15300
M1,C13,2025-12-29T16:37:26+00:00,2025-12-30T02:52:26+00:00,36900
M1,C13,2025-12-30T02:52:26+00:00,2026-01-01T00:07:26+00:00,162900
M1,C13,2026-01-01T00:07:26+00:00,2026-01-01T10:37:26+00:00,37800
M1,C13,2026-01-01T10:37:26+00:00,2026-01-03T03:07:26+00:00,145800
M1,C13,2026-01-03T03:22:26+00:00,2026-01-03T06:22:26+00:00,10800
M1,C13,2026-01-03T06:22:26+00:00,2026-01-03T12:22:26+00:00,21600
M1,C13,2026-01-03T12:22:26+00:00,2026-01-03T23:52:26+00:00,41400
M1,C13,2026-01-03T23:52:26+00:00,2026-01-04T06:22:26+00:00,23400
M1,C13,2026-01-04T06:22:26+00:00,2026-01-04T13:37:27+00:00,26101
M1,C13,2026-01-04T13:37:27+00:00,2026-01-05T00:22:27+00:00,38700
M1,C13,2026-01-05T00:22:27+00:00,2026-01-05T04:52:27+00:00,16200
M1,C13,2026-01-05T04:52:27+00:00,2026-01-05T14:24:27+00:00,34320
M1,C13,2026-01-05T14:24:27+00:00,2026-01-05T16:54:24+00:00,8997
M1,C13,2026-01-05T16:54:24+00:00,2026-01-05T17:54:24+00:00,3600
M1,C13,2026-01-05T17:54:24+00:00,2026-01-06T12:52:25+00:00,68281
M1,C13,2026-01-06T12:52:25+00:00,2026-01-06T14:54:25+00:00,7320
M1,C13,2026-01-06T14:54:25+00:00,2026-01-06T16:37:25+00:00,6180
M1,C13,2026-01-06T16:37:25+00:00,2026-01-07T00:52:25+00:00,29700
M1,C13,2026-01-07T00:52:25+00:00,2026-01-08T06:37:25+00:00,107100
M1,C13,2026-01-08T06:37:25+00:00,2026-01-08T09:52:25+00:00,11700
M1,C13,2026-01-08T09:52:25+00:00,2026-01-08T13:52:25+00:00,14400
M1,C13,2026-01-08T13:52:25+00:00,2026-01-08T14:52:25+00:00,3600
M1,C13,2026-01-08T14:52:25+00:00,2026-01-09T00:52:25+00:00,36000
M1,C13,2026-01-09T00:52:25+00:00,2026-01-09T02:07:25+00:00,4500
M1,C13,2026-01-09T02:07:25+00:00,2026-01-09T05:37:25+00:00,12600
M1,C13,2026-01-09T05:37:25+00:00,2026-01-09T12:22:25+00:00,24300
M1,C13,2026-01-09T12:52:25+00:00,2026-01-10T06:52:25+00:00,64800
M1,C13,2026-01-10T06:52:25+00:00,2026-01-11T05:52:25+00:00,82800
M1,C13,2026-01-11T05:52:25+00:00,2026-01-11T11:52:25+00:00,21600
M1,C13,2026-01-11T11:52:25+00:00,2026-01-12T08:22:25+00:00,73800
M1,C13,2026-01-12T08:22:25+00:00,2026-01-12T10:52:26+00:00,9001
M1,C13,2026-01-12T10:52:26+00:00,2026-01-13T10:07:26+00:00,83700
M1,C13,2026-01-13T10:07:26+00:00,2026-01-13T12:22:26+00:00,8100
M1,C13,2026-01-13T12:22:26+00:00,2026-01-14T15:22:26+00:00,97200
M1,C13,2026-01-14T15:22:26+00:00,2026-01-15T09:22:26+00:00,64800
M1,C13,2026-01-15T09:22:26+00:00,2026-01-15T10:22:26+00:00,3600
M1,C13,2026-01-15T10:22:26+00:00,2026-01-15T10:52:26+00:00,1800
M1,C13,2026-01-15T10:52:26+00:00,2026-01-16T07:22:26+00:00,73800
M1,C13,2026-01-16T07:22:26+00:00,2026-01-17T08:37:26+00:00,90900
M1,C13,2026-01-17T08:37:26+00:00,2026-01-17T16:52:26+00:00,29700
M1,C13,2026-01-17T16:52:26+00:00,2026-01-18T14:52:27+00:00,79201
M1,C13,2026-01-18T14:52:27+00:00,2026-01-19T13:07:27+00:00,80100
M1,C13,2026-01-19T13:07:27+00:00,2026-01-20T10:22:25+00:00,76498
M1,C13,2026-01-20T10:22:25+00:00,2026-01-20T16:37:25+00:00,22500
M1,C13,2026-01-20T16:37:25+00:00,2026-01-21T15:07:25+00:00,81000
M1,C13,2026-01-21T15:07:25+00:00,2026-01-21T15:37:25+00:00,1800
M1,C13,2026-01-21T15:37:25+00:00,2026-01-22T16:24:25+00:00,89220
M1,C13,2026-01-22T16:24:25+00:00,2026-01-23T04:07:25+00:00,42180
M1,C13,2026-01-23T04:07:25+00:00,2026-01-25T09:22:25+00:00,191700
M1,C13,2026-01-25T09:22:25+00:00,2026-01-26T09:37:26+00:00,87301
M1,C13,2026-01-26T09:37:26+00:00,2026-01-26T14:52:26+00:00,18900
M1,C13,2026-01-26T14:52:26+00:00,2026-01-27T04:52:26+00:00,50400
M1,C13,2026-01-27T04:52:26+00:00,2026-01-27T06:52:26+00:00,7200
M1,C13,2026-01-27T06:52:26+00:00,2026-01-28T09:52:26+00:00,97200
M1,C13,2026-01-28T09:52:26+00:00,2026-01-28T14:07:26+00:00,15300
M1,C13,2026-01-28T14:07:26+00:00,2026-01-29T11:37:26+00:00,77400
M1,C13,2026-01-29T11:37:26+00:00,2026-01-29T13:06:26+00:00,5340
M1,C13,2026-01-29T13:06:26+00:00,2026-01-30T05:52:26+00:00,60360
M1,C13,2026-01-30T05:52:26+00:00,2026-01-30T08:22:26+00:00,9000
M1,C13,2026-01-30T08:22:26+00:00,2026-02-01T09:52:27+00:00,178201
M1,C13,2026-02-01T09:52:27+00:00,2026-02-07T11:52:25+00:00,525598
M1,C13,2026-02-07T11:52:25+00:00,2026-02-08T09:52:25+00:00,79200
M1,C13,2026-02-08T09:52:25+00:00,2026-02-12T13:07:26+00:00,357301
M1,C13,2026-02-12T13:07:26+00:00,2026-02-14T07:07:26+00:00,151200
M1,C13,2026-02-14T07:07:26+00:00,2026-02-16T14:37:27+00:00,199801
M1,C13,2026-02-16T14:37:27+00:00,2026-02-17T01:07:24+00:00,37797
M1,C13,2026-02-17T01:07:24+00:00,2026-02-17T02:07:24+00:00,3600
M1,C13,2026-02-17T02:07:24+00:00,2026-02-17T02:52:24+00:00,2700
M1,C13,2026-02-17T03:07:24+00:00,2026-02-18T02:07:25+00:00,82801
M1,C13,2026-02-18T02:07:25+00:00,2026-02-18T02:37:25+00:00,1800
M1,C13,2026-02-18T02:37:25+00:00,2026-02-18T14:52:25+00:00,44100
M1,C13,2026-02-18T14:52:25+00:00,2026-02-19T11:22:25+00:00,73800
M1,C13,2026-02-19T11:22:25+00:00,2026-02-20T05:22:25+00:00,64800
M1,C13,2026-02-20T05:22:25+00:00,2026-02-20T13:52:25+00:00,30600
M1,C13,2026-02-20T13:52:25+00:00,2026-02-20T14:52:25+00:00,3600
M1,C13,2026-02-20T14:52:25+00:00,2026-02-21T03:37:25+00:00,45900
M1,C13,2026-02-21T03:37:25+00:00,2026-02-22T08:37:25+00:00,104400
M1,C13,2026-02-22T08:37:25+00:00,2026-02-22T12:37:25+00:00,14400
M1,C13,2026-02-22T12:37:25+00:00,2026-02-22T15:07:25+00:00,9000
M1,C13,2026-02-22T15:07:25+00:00,2026-06-06T06:37:27+00:00,8955002
M2,C02,2022-08-10T18:51:55+00:00,2022-08-10T19:21:55+00:00,1800
M2,C02,2022-08-13T22:23:54+00:00,2022-08-13T22:51:54+00:00,1680
M2,C02,2022-08-13T23:14:54+00:00,2022-08-13T23:51:54+00:00,2220
M2,C02,2022-08-14T22:56:55+00:00,2022-08-14T23:21:55+00:00,1500
M2,C02,2022-08-15T00:25:55+00:00,2022-08-15T00:51:55+00:00,1560
M2,C02,2022-08-15T21:20:55+00:00,2022-08-15T21:51:55+00:00,1860
M2,C02,2022-08-17T00:45:55+00:00,2022-08-17T01:21:55+00:00,2160
M2,C02,2022-08-24T13:24:55+00:00,2022-08-24T13:51:55+00:00,1620
M2,C02,2022-08-25T11:51:55+00:00,2022-08-25T12:24:55+00:00,1980
M2,C02,2022-08-25T18:54:54+00:00,2022-08-25T19:24:54+00:00,1800
M2,C02,2022-08-26T18:51:55+00:00,2022-08-26T19:21:55+00:00,1800
M2,C02,2022-08-28T17:36:55+00:00,2022-08-28T18:06:55+00:00,1800
M2,C02,2022-08-29T16:19:54+00:00,2022-08-29T17:51:54+00:00,5520
M2,C02,2022-08-29T18:54:54+00:00,2022-08-29T19:24:54+00:00,1800
M2,C02,2022-08-29T19:24:54+00:00,2022-08-29T19:51:54+00:00,1620
M2,C02,2022-09-02T08:56:57+00:00,2022-09-02T09:21:55+00:00,1498
M2,C02,2022-09-03T08:56:57+00:00,2022-09-03T09:21:54+00:00,1497
M2,C02,2022-09-06T20:51:54+00:00,2022-09-06T21:21:54+00:00,1800
M2,C02,2022-09-07T16:24:55+00:00,2022-09-07T16:51:55+00:00,1620
M2,C02,2022-09-08T15:54:55+00:00,2022-10-13T16:24:55+00:00,3025800
M2,C02,2022-10-13T20:24:55+00:00,2022-10-13T20:51:55+00:00,1620
M2,C02,2022-10-17T02:12:55+00:00,2022-10-17T02:51:55+00:00,2340
M2,C02,2022-10-18T15:24:55+00:00,2022-10-18T15:51:55+00:00,1620
M2,C02,2022-10-31T21:24:55+00:00,2022-10-31T21:51:55+00:00,1620
M2,C02,2022-11-07T19:49:54+00:00,2022-11-08T01:35:54+00:00,20760
M2,C02,2022-11-15T20:24:55+00:00,2022-11-15T20:51:55+00:00,1620
M2,C02,2022-11-16T16:51:55+00:00,2023-01-04T18:36:55+00:00,4239900
M2,C02,2023-01-11T20:51:55+00:00,2023-01-11T21:24:55+00:00,1980
M2,C02,2023-01-11T21:54:55+00:00,2023-01-11T22:24:55+00:00,1800
M2,C02,2023-01-12T00:54:55+00:00,2023-01-12T01:21:55+00:00,1620
M2,C02,2023-01-23T06:36:55+00:00,2023-01-23T07:06:55+00:00,1800
M2,C02,2023-01-24T01:36:55+00:00,2023-01-24T02:06:55+00:00,1800
M2,C02,2023-01-24T02:36:55+00:00,2023-01-24T03:06:55+00:00,1800
M2,C02,2023-01-24T08:06:55+00:00,2023-01-24T08:36:55+00:00,1800
M2,C02,2023-01-24T18:21:55+00:00,2023-01-24T18:54:55+00:00,1980
M2,C02,2023-01-24T19:24:55+00:00,2023-01-24T19:51:55+00:00,1620
M2,C02,2023-01-26T04:06:55+00:00,2023-01-26T04:36:55+00:00,1800
M2,C02,2023-01-27T02:36:55+00:00,2023-01-27T03:06:55+00:00,1800
M2,C02,2023-01-27T07:36:55+00:00,2023-01-27T08:06:55+00:00,1800
M2,C02,2023-01-28T02:36:56+00:00,2023-01-28T03:06:56+00:00,1800
M2,C02,2023-01-28T05:06:56+00:00,2023-01-28T05:36:56+00:00,1800
M2,C02,2023-01-29T08:36:56+00:00,2023-01-29T09:06:56+00:00,1800
M2,C02,2023-01-29T10:06:56+00:00,2023-01-29T10:36:56+00:00,1800
M2,C02,2023-01-29T11:36:56+00:00,2023-01-29T12:06:56+00:00,1800
M2,C02,2023-01-30T07:36:54+00:00,2023-01-30T08:06:54+00:00,1800
M2,C02,2023-01-30T12:36:55+00:00,2023-01-30T13:06:55+00:00,1800
M2,C02,2023-01-31T10:36:55+00:00,2023-01-31T11:06:55+00:00,1800
M2,C02,2023-02-02T10:36:55+00:00,2023-02-02T11:06:55+00:00,1800
M2,C02,2023-02-02T12:06:55+00:00,2023-02-02T12:36:55+00:00,1800
M2,C02,2023-02-03T04:36:55+00:00,2023-02-03T05:06:55+00:00,1800
M2,C02,2023-02-05T07:06:55+00:00,2023-02-05T07:36:55+00:00,1800
M2,C02,2023-02-05T08:06:55+00:00,2023-02-05T08:36:55+00:00,1800
M2,C02,2023-02-05T10:36:55+00:00,2023-02-05T11:06:55+00:00,1800
M2,C02,2023-02-06T07:06:56+00:00,2023-02-06T07:36:56+00:00,1800
M2,C02,2023-02-06T10:06:56+00:00,2023-02-06T10:36:56+00:00,1800
M2,C02,2023-02-06T10:36:56+00:00,2023-02-06T11:06:56+00:00,1800
M2,C02,2023-02-07T02:51:56+00:00,2023-02-07T03:21:56+00:00,1800
M2,C02,2023-02-07T05:21:56+00:00,2023-02-07T05:51:56+00:00,1800
M2,C02,2023-02-07T15:54:56+00:00,2023-02-07T16:24:56+00:00,1800
M2,C02,2023-02-07T16:54:56+00:00,2023-02-07T17:24:56+00:00,1800
M2,C02,2023-02-08T05:06:56+00:00,2023-02-08T05:36:56+00:00,1800
M2,C02,2023-02-08T09:06:56+00:00,2023-02-08T09:36:56+00:00,1800
M2,C02,2023-02-08T16:51:56+00:00,2023-02-08T17:21:56+00:00,1800
M2,C02,2023-02-08T17:51:56+00:00,2023-02-08T18:21:56+00:00,1800
M2,C02,2023-02-08T22:06:56+00:00,2023-02-08T22:36:56+00:00,1800
M2,C02,2023-02-09T04:06:56+00:00,2023-02-09T04:36:56+00:00,1800
M2,C02,2023-02-09T05:06:56+00:00,2023-02-09T05:36:56+00:00,1800
M2,C02,2023-02-09T08:36:56+00:00,2023-02-09T09:06:56+00:00,1800
M2,C02,2023-02-09T10:36:56+00:00,2023-02-09T11:06:56+00:00,1800
M2,C02,2023-02-09T13:06:56+00:00,2023-02-09T13:36:56+00:00,1800
M2,C02,2023-02-09T19:36:54+00:00,2023-02-09T20:21:54+00:00,2700
M2,C02,2023-02-12T12:06:55+00:00,2023-02-12T12:36:55+00:00,1800
M2,C02,2023-02-13T08:51:55+00:00,2023-02-13T09:21:55+00:00,1800
M2,C02,2023-02-13T12:36:55+00:00,2023-02-13T13:06:55+00:00,1800
M2,C02,2023-02-13T13:36:55+00:00,2023-02-13T14:06:55+00:00,1800
M2,C02,2023-02-13T19:06:55+00:00,2023-02-13T19:36:55+00:00,1800
M2,C02,2023-02-14T03:36:55+00:00,2023-02-14T04:06:55+00:00,1800
M2,C02,2023-02-14T06:06:55+00:00,2023-02-14T06:36:55+00:00,1800
M2,C02,2023-02-14T12:06:55+00:00,2023-02-14T12:36:55+00:00,1800
M2,C02,2023-02-14T12:36:55+00:00,2023-02-14T13:06:55+00:00,1800
M2,C02,2023-02-14T17:06:55+00:00,2023-02-14T17:36:55+00:00,1800
M2,C02,2023-02-15T01:51:55+00:00,2023-02-15T02:21:55+00:00,1800
M2,C02,2023-02-15T03:06:55+00:00,2023-02-15T03:36:55+00:00,1800
M2,C02,2023-02-15T04:36:55+00:00,2023-02-15T05:06:55+00:00,1800
M2,C02,2023-02-15T08:06:55+00:00,2023-02-15T08:36:55+00:00,1800
M2,C02,2023-02-15T08:36:55+00:00,2023-02-15T09:06:55+00:00,1800
M2,C02,2023-02-15T09:36:55+00:00,2023-02-15T10:06:55+00:00,1800
M2,C02,2023-02-15T10:06:55+00:00,2023-02-15T10:36:55+00:00,1800
M2,C02,2023-02-15T12:36:55+00:00,2023-02-15T13:06:55+00:00,1800
M2,C02,2023-02-15T13:36:55+00:00,2023-02-15T14:06:55+00:00,1800
M2,C02,2023-02-15T14:36:55+00:00,2023-02-15T15:06:55+00:00,1800
M2,C02,2023-02-15T16:36:55+00:00,2023-02-15T17:06:55+00:00,1800
M2,C02,2023-02-16T04:06:55+00:00,2023-02-16T04:36:55+00:00,1800
M2,C02,2023-02-16T07:06:55+00:00,2023-02-16T07:36:55+00:00,1800
M2,C02,2023-02-16T11:51:55+00:00,2023-02-16T12:21:55+00:00,1800
M2,C02,2023-02-16T14:51:55+00:00,2023-02-16T15:21:55+00:00,1800
M2,C02,2023-02-17T09:06:56+00:00,2023-02-17T09:36:56+00:00,1800
M2,C02,2023-02-17T11:51:56+00:00,2023-02-17T12:21:56+00:00,1800
M2,C02,2023-02-17T13:06:56+00:00,2023-02-17T13:36:56+00:00,1800
M2,C02,2023-02-17T17:06:56+00:00,2023-02-17T17:36:56+00:00,1800
M2,C02,2023-02-18T06:06:56+00:00,2023-02-18T06:36:56+00:00,1800
M2,C02,2023-02-18T08:36:56+00:00,2023-02-18T09:06:56+00:00,1800
M2,C02,2023-02-18T18:36:56+00:00,2023-02-18T19:06:56+00:00,1800
M2,C02,2023-02-19T01:36:56+00:00,2023-02-19T02:06:56+00:00,1800
M2,C02,2023-02-19T05:06:56+00:00,2023-02-19T05:36:56+00:00,1800
M2,C02,2023-02-19T07:06:56+00:00,2023-02-19T07:36:56+00:00,1800
M2,C02,2023-02-20T04:36:56+00:00,2023-02-20T05:06:56+00:00,1800
M2,C02,2023-02-20T07:06:56+00:00,2023-02-20T07:36:56+00:00,1800
M2,C02,2023-02-20T08:36:56+00:00,2023-02-20T09:06:56+00:00,1800
M2,C02,2023-02-20T11:06:56+00:00,2023-02-20T11:36:56+00:00,1800
M2,C02,2023-02-20T11:36:56+00:00,2023-02-20T12:06:56+00:00,1800
M2,C02,2023-02-20T12:06:56+00:00,2023-02-20T12:36:56+00:00,1800
M2,C02,2023-02-20T13:36:56+00:00,2023-02-20T14:06:56+00:00,1800
M2,C02,2023-02-20T14:06:56+00:00,2023-02-20T14:36:56+00:00,1800
M2,C02,2023-02-20T17:51:56+00:00,2023-02-20T18:21:56+00:00,1800
M2,C02,2023-02-20T19:06:56+00:00,2023-02-20T20:36:56+00:00,5400
M2,C02,2023-02-22T13:36:55+00:00,2023-02-22T14:06:55+00:00,1800
M2,C02,2023-02-24T21:21:55+00:00,2023-02-24T21:51:55+00:00,1800
M2,C02,2023-02-27T04:06:55+00:00,2023-02-27T04:51:55+00:00,2700
M2,C02,2023-02-27T06:06:55+00:00,2023-02-27T06:36:55+00:00,1800
M2,C02,2023-02-27T12:36:55+00:00,2023-02-27T13:06:55+00:00,1800
M2,C02,2023-02-27T19:24:55+00:00,2023-02-27T19:54:55+00:00,1800
M2,C02,2023-02-28T03:06:55+00:00,2023-02-28T03:36:55+00:00,1800
M2,C02,2023-02-28T04:51:55+00:00,2023-02-28T05:21:55+00:00,1800
M2,C02,2023-03-01T18:00:56+00:00,2023-03-01T18:36:56+00:00,2160
M2,C02,2023-03-02T01:36:56+00:00,2023-03-02T02:06:56+00:00,1800
M2,C02,2023-03-02T05:36:56+00:00,2023-03-02T06:06:56+00:00,1800
M2,C02,2023-03-02T21:06:56+00:00,2023-03-02T21:51:56+00:00,2700
M2,C02,2023-03-03T21:06:56+00:00,2023-03-03T21:51:56+00:00,2700
M2,C02,2023-03-04T04:06:56+00:00,2023-03-04T04:36:56+00:00,1800
M2,C02,2023-03-04T21:06:56+00:00,2023-03-04T21:51:56+00:00,2700
M2,C02,2023-03-05T07:36:56+00:00,2023-03-05T08:06:56+00:00,1800
M2,C02,2023-03-05T21:06:56+00:00,2023-03-05T21:51:56+00:00,2700
M2,C02,2023-03-06T15:36:56+00:00,2023-03-06T17:21:54+00:00,6298
M2,C02,2023-03-06T21:06:54+00:00,2023-03-06T21:51:54+00:00,2700
M2,C02,2023-03-07T09:06:54+00:00,2023-03-07T09:36:54+00:00,1800
M2,C02,2023-03-07T11:06:54+00:00,2023-03-07T11:36:55+00:00,1801
M2,C02,2023-03-07T12:36:55+00:00,2023-03-07T13:06:55+00:00,1800
M2,C02,2023-03-07T21:06:55+00:00,2023-03-07T21:54:55+00:00,2880
M2,C02,2023-03-08T02:36:55+00:00,2023-03-08T03:06:55+00:00,1800
M2,C02,2023-03-08T13:06:55+00:00,2023-03-08T13:36:55+00:00,1800
M2,C02,2023-03-08T16:26:55+00:00,2023-03-08T17:36:55+00:00,4200
M2,C02,2023-03-08T21:06:55+00:00,2023-03-08T21:52:25+00:00,2730
M2,C02,2023-03-09T01:37:25+00:00,2023-03-09T02:07:25+00:00,1800
M2,C02,2023-03-09T08:07:25+00:00,2023-03-09T08:37:25+00:00,1800
M2,C02,2023-03-09T21:07:25+00:00,2023-03-09T21:52:25+00:00,2700
M2,C02,2023-03-10T12:37:25+00:00,2023-03-10T13:07:25+00:00,1800
M2,C02,2023-03-10T15:22:25+00:00,2023-03-10T15:52:25+00:00,1800
M2,C02,2023-03-10T21:07:25+00:00,2023-03-10T21:52:25+00:00,2700
M2,C02,2023-03-11T11:37:25+00:00,2023-03-11T12:07:25+00:00,1800
M2,C02,2023-03-11T12:07:25+00:00,2023-03-11T12:37:25+00:00,1800
M2,C02,2023-03-11T21:07:25+00:00,2023-03-11T21:52:25+00:00,2700
M2,C02,2023-03-12T08:37:25+00:00,2023-03-12T09:07:25+00:00,1800
M2,C02,2023-03-12T21:07:25+00:00,2023-03-12T21:37:25+00:00,1800
M2,C02,2023-03-13T04:07:25+00:00,2023-03-13T04:37:25+00:00,1800
M2,C02,2023-03-13T19:54:25+00:00,2023-03-13T20:22:25+00:00,1680
M2,C02,2023-03-13T21:07:26+00:00,2023-03-13T21:52:26+00:00,2700
M2,C02,2023-03-14T03:07:26+00:00,2023-03-14T03:37:26+00:00,1800
M2,C02,2023-03-14T12:07:26+00:00,2023-03-14T12:37:26+00:00,1800
M2,C02,2023-03-14T21:07:26+00:00,2023-03-14T21:37:26+00:00,1800
M2,C02,2023-03-15T08:07:26+00:00,2023-03-15T08:37:26+00:00,1800
M2,C02,2023-03-15T19:54:26+00:00,2023-03-15T20:22:26+00:00,1680
M2,C02,2023-03-16T02:37:26+00:00,2023-03-16T03:07:26+00:00,1800
M2,C02,2023-03-16T09:07:26+00:00,2023-03-16T09:37:26+00:00,1800
M2,C02,2023-03-16T12:52:26+00:00,2023-03-16T13:24:26+00:00,1920
M2,C02,2023-03-17T08:07:26+00:00,2023-03-17T08:37:26+00:00,1800
M2,C02,2023-03-17T21:07:26+00:00,2023-03-17T21:37:26+00:00,1800
M2,C02,2023-03-18T13:07:26+00:00,2023-03-18T13:37:26+00:00,1800
M2,C02,2023-03-19T07:37:26+00:00,2023-03-19T08:07:26+00:00,1800
M2,C02,2023-03-20T16:54:55+00:00,2023-03-20T17:24:55+00:00,1800
M2,C02,2023-03-20T18:54:55+00:00,2023-03-20T19:24:55+00:00,1800
M2,C02,2023-03-21T06:06:55+00:00,2023-03-21T06:36:55+00:00,1800
M2,C02,2023-03-21T07:36:55+00:00,2023-03-21T08:06:55+00:00,1800
M2,C02,2023-03-22T06:36:55+00:00,2023-03-22T07:06:55+00:00,1800
M2,C02,2023-03-23T03:06:55+00:00,2023-03-23T03:36:55+00:00,1800
M2,C02,2023-03-23T06:36:55+00:00,2023-03-23T07:06:55+00:00,1800
M2,C02,2023-03-23T08:06:55+00:00,2023-03-23T08:36:55+00:00,1800
M2,C02,2023-03-24T05:06:55+00:00,2023-03-24T05:36:55+00:00,1800
M2,C02,2023-03-24T10:36:55+00:00,2023-03-24T11:06:55+00:00,1800
M2,C02,2023-03-24T12:36:55+00:00,2023-03-24T13:06:55+00:00,1800
M2,C02,2023-03-25T08:36:55+00:00,2023-03-25T09:06:55+00:00,1800
M2,C02,2023-03-26T00:36:55+00:00,2023-03-26T01:06:55+00:00,1800
M2,C02,2023-03-26T11:36:55+00:00,2023-03-26T12:06:55+00:00,1800
M2,C02,2023-03-27T03:06:55+00:00,2023-03-27T03:36:55+00:00,1800
M2,C02,2023-03-27T11:36:56+00:00,2023-03-27T12:06:56+00:00,1800
M2,C02,2023-03-27T12:06:56+00:00,2023-03-27T12:36:56+00:00,1800
M2,C02,2023-03-28T02:36:56+00:00,2023-03-28T03:06:56+00:00,1800
M2,C02,2023-03-28T03:36:56+00:00,2023-03-28T04:06:56+00:00,1800
M2,C02,2023-03-29T03:06:56+00:00,2023-03-29T03:36:56+00:00,1800
M2,C02,2023-03-31T15:21:56+00:00,2023-04-10T06:36:56+00:00,832500
M2,C02,2023-04-10T08:58:58+00:00,2023-04-10T09:21:56+00:00,1378
M2,C02,2023-04-11T08:54:57+00:00,2023-04-11T09:24:56+00:00,1799
M2,C02,2023-04-11T18:24:56+00:00,2023-04-11T19:06:54+00:00,2518
M2,C02,2023-04-11T20:06:54+00:00,2023-04-11T20:37:54+00:00,1860
M2,C02,2023-04-17T22:36:54+00:00,2023-04-18T19:51:55+00:00,76501
M2,C02,2023-05-02T12:09:55+00:00,2023-05-02T14:51:55+00:00,9720
M2,C02,2023-05-02T15:36:55+00:00,2023-05-02T16:06:55+00:00,1800
M2,C02,2023-05-08T20:54:56+00:00,2023-05-08T21:21:56+00:00,1620
M2,C02,2023-05-10T11:51:56+00:00,2023-05-10T12:21:56+00:00,1800
M2,C02,2023-05-14T05:36:54+00:00,2023-05-14T06:06:54+00:00,1800
M2,C02,2023-05-20T11:51:56+00:00,2023-05-20T12:21:56+00:00,1800
M2,C02,2023-05-23T06:51:56+00:00,2023-05-23T07:21:56+00:00,1800
M2,C02,2023-05-31T15:24:55+00:00,2023-05-31T15:52:55+00:00,1680
M2,C02,2023-06-05T11:51:56+00:00,2023-06-05T12:24:56+00:00,1980
M2,C02,2023-06-16T16:24:56+00:00,2023-06-16T16:51:56+00:00,1620
M2,C02,2023-06-17T13:21:56+00:00,2023-06-21T21:21:57+00:00,374401
M2,C02,2023-06-25T13:06:55+00:00,2023-06-25T14:21:55+00:00,4500
M2,C02,2023-06-28T21:21:55+00:00,2023-06-28T21:51:55+00:00,1800
M2,C02,2023-07-01T20:24:56+00:00,2023-07-01T20:54:56+00:00,1800
M2,C02,2023-07-04T04:06:57+00:00,2023-07-04T04:37:57+00:00,1860
M2,C02,2023-07-04T06:06:57+00:00,2023-07-04T06:37:57+00:00,1860
M2,C02,2023-07-04T07:24:57+00:00,2023-07-04T07:54:57+00:00,1800
M2,C02,2023-07-05T17:06:57+00:00,2023-07-05T17:37:57+00:00,1860
M2,C02,2023-07-06T18:37:57+00:00,2023-07-06T19:06:57+00:00,1740
M2,C02,2023-07-06T23:24:57+00:00,2023-07-06T23:54:57+00:00,1800
M2,C02,2023-07-08T17:51:54+00:00,2023-07-08T18:21:54+00:00,1800
M2,C02,2023-07-08T19:21:54+00:00,2023-07-08T19:51:54+00:00,1800
M2,C02,2023-07-08T22:06:54+00:00,2023-07-08T22:36:54+00:00,1800
M2,C02,2023-07-09T18:36:55+00:00,2023-07-09T19:06:55+00:00,1800
M2,C02,2023-07-09T19:06:55+00:00,2023-07-09T19:36:55+00:00,1800
M2,C02,2023-07-11T12:21:55+00:00,2023-07-11T12:54:55+00:00,1980
M2,C02,2023-07-11T21:06:55+00:00,2023-07-11T21:51:55+00:00,2700
M2,C02,2023-07-13T00:21:55+00:00,2023-07-13T00:51:55+00:00,1800
M2,C02,2023-07-14T16:51:56+00:00,2023-07-14T17:21:56+00:00,1800
M2,C02,2023-07-14T17:21:56+00:00,2023-07-14T17:51:56+00:00,1800
M2,C02,2023-07-17T21:36:56+00:00,2023-07-17T22:06:56+00:00,1800
M2,C02,2023-07-24T21:24:55+00:00,2023-07-24T22:06:55+00:00,2520
M2,C02,2023-07-25T18:24:55+00:00,2023-07-25T18:51:55+00:00,1620
M2,C02,2023-07-26T12:51:55+00:00,2023-07-26T13:24:55+00:00,1980
M2,C02,2023-07-27T16:21:55+00:00,2023-07-27T16:51:55+00:00,1800
M2,C02,2023-07-27T17:36:55+00:00,2023-07-27T18:51:55+00:00,4500
M2,C02,2023-08-01T12:21:56+00:00,2023-08-01T12:54:56+00:00,1980
M2,C02,2023-08-01T14:24:56+00:00,2023-08-01T14:54:56+00:00,1800
M2,C02,2023-08-01T15:06:56+00:00,2023-08-01T15:37:56+00:00,1860
M2,C02,2023-08-01T15:54:56+00:00,2023-08-01T16:24:56+00:00,1800
M2,C02,2023-08-01T16:24:56+00:00,2023-08-01T16:54:56+00:00,1800
M2,C02,2023-08-01T17:06:56+00:00,2023-08-01T17:37:56+00:00,1860
M2,C02,2023-08-01T17:37:56+00:00,2023-08-01T18:06:56+00:00,1740
M2,C02,2023-08-04T14:46:57+00:00,2023-08-04T16:06:57+00:00,4800
M2,C02,2023-08-05T09:06:57+00:00,2023-08-05T09:51:57+00:00,2700
M2,C02,2023-08-14T12:21:56+00:00,2023-08-14T12:54:56+00:00,1980
M2,C02,2023-08-14T20:53:56+00:00,2023-08-14T21:23:56+00:00,1800
M2,C02,2023-08-16T01:24:56+00:00,2023-08-16T01:51:56+00:00,1620
M2,C02,2023-08-16T14:21:56+00:00,2023-08-16T14:54:56+00:00,1980
M2,C02,2023-08-20T12:06:55+00:00,2023-08-20T12:36:55+00:00,1800
M2,C02,2023-08-20T18:36:55+00:00,2023-08-23T00:21:55+00:00,193500
M2,C02,2023-08-31T08:59:01+00:00,2023-08-31T09:21:56+00:00,1375
M2,C02,2023-09-14T09:21:56+00:00,2023-09-14T23:51:56+00:00,52200
M2,C02,2023-09-15T08:06:56+00:00,2023-09-15T08:36:56+00:00,1800
M2,C02,2023-09-15T08:51:56+00:00,2023-09-27T01:36:56+00:00,1010700
M2,C02,2023-09-27T20:36:56+00:00,2023-09-27T21:21:56+00:00,2700
M2,C02,2023-09-27T22:36:56+00:00,2023-09-27T23:06:56+00:00,1800
M2,C02,2023-09-28T20:36:56+00:00,2023-09-28T21:21:56+00:00,2700
M2,C02,2023-09-29T20:36:56+00:00,2023-09-29T21:21:56+00:00,2700
M2,C02,2023-09-30T20:36:54+00:00,2023-09-30T21:21:54+00:00,2700
M2,C02,2023-10-01T15:21:55+00:00,2023-10-04T22:51:55+00:00,286200
M2,C02,2023-10-05T20:36:55+00:00,2023-10-05T21:21:55+00:00,2700
M2,C02,2023-10-06T13:06:55+00:00,2023-10-06T13:36:55+00:00,1800
M2,C02,2023-10-06T20:36:55+00:00,2023-10-06T21:21:55+00:00,2700
M2,C02,2023-10-07T20:36:55+00:00,2023-10-07T21:21:55+00:00,2700
M2,C02,2023-10-08T20:36:55+00:00,2023-10-08T21:21:55+00:00,2700
M2,C02,2023-10-09T20:36:56+00:00,2023-10-09T21:21:56+00:00,2700
M2,C02,2023-10-10T20:36:56+00:00,2023-10-10T21:21:56+00:00,2700
M2,C02,2023-10-11T20:36:56+00:00,2023-10-11T21:21:56+00:00,2700
M2,C02,2023-10-12T16:24:56+00:00,2023-10-12T16:51:56+00:00,1620
M2,C02,2023-10-12T20:36:56+00:00,2023-10-12T21:21:56+00:00,2700
M2,C02,2023-10-13T20:36:56+00:00,2023-10-13T21:21:56+00:00,2700
M2,C02,2023-10-14T20:36:54+00:00,2023-10-14T21:21:54+00:00,2700
M2,C02,2023-10-15T20:36:55+00:00,2023-10-15T21:21:55+00:00,2700
M2,C02,2023-10-16T20:36:55+00:00,2023-10-16T21:21:55+00:00,2700
M2,C02,2023-10-17T15:12:55+00:00,2023-10-17T15:36:55+00:00,1440
M2,C02,2023-10-17T20:36:55+00:00,2023-10-17T21:21:55+00:00,2700
M2,C02,2023-10-18T20:36:55+00:00,2023-10-18T21:21:55+00:00,2700
M2,C02,2023-10-19T16:21:55+00:00,2023-10-19T16:54:55+00:00,1980
M2,C02,2023-10-19T17:24:55+00:00,2023-10-19T17:51:55+00:00,1620
M2,C02,2023-10-25T13:06:56+00:00,2023-10-25T22:51:56+00:00,35100
M2,C02,2023-10-26T08:51:56+00:00,2023-10-26T14:51:56+00:00,21600
M2,C02,2023-10-30T18:21:55+00:00,2023-10-30T18:54:55+00:00,1980
M2,C02,2023-10-31T20:36:55+00:00,2023-10-31T21:21:55+00:00,2700
M2,C02,2023-11-01T21:36:55+00:00,2023-11-01T22:06:55+00:00,1800
M2,C02,2023-11-02T20:36:55+00:00,2023-11-02T21:21:55+00:00,2700
M2,C02,2023-11-02T23:06:55+00:00,2023-11-02T23:36:55+00:00,1800
M2,C02,2023-11-04T20:51:56+00:00,2023-11-04T21:21:56+00:00,1800
M2,C02,2023-11-06T20:37:56+00:00,2023-11-06T21:06:56+00:00,1740
M2,C02,2023-11-07T20:36:56+00:00,2023-11-07T21:06:56+00:00,1800
M2,C02,2023-11-08T13:21:56+00:00,2023-11-08T13:54:56+00:00,1980
M2,C02,2023-11-08T20:37:56+00:00,2023-11-08T21:06:56+00:00,1740
M2,C02,2023-11-08T21:54:56+00:00,2023-11-08T22:21:56+00:00,1620
M2,C02,2023-11-12T21:36:55+00:00,2023-11-12T22:06:55+00:00,1800
M2,C02,2023-11-16T00:21:55+00:00,2023-11-16T00:51:55+00:00,1800
M2,C02,2023-11-16T01:06:55+00:00,2023-11-16T01:51:55+00:00,2700
M2,C02,2023-11-16T01:51:55+00:00,2023-11-16T02:21:55+00:00,1800
M2,C02,2023-11-28T21:24:55+00:00,2023-11-28T21:51:55+00:00,1620
M2,C02,2023-11-30T13:51:55+00:00,2023-11-30T14:24:55+00:00,1980
M2,C02,2023-12-04T17:36:56+00:00,2023-12-04T18:51:56+00:00,4500
M2,C02,2023-12-07T15:39:56+00:00,2023-12-07T16:21:56+00:00,2520
M2,C02,2023-12-11T14:54:57+00:00,2023-12-11T15:24:56+00:00,1799
M2,C02,2023-12-14T17:21:55+00:00,2023-12-14T17:51:55+00:00,1800
M2,C02,2023-12-16T10:51:55+00:00,2023-12-19T03:21:56+00:00,232201
M2,C02,2023-12-21T02:51:56+00:00,2023-12-21T03:21:56+00:00,1800
M2,C02,2023-12-21T07:21:56+00:00,2023-12-21T07:51:56+00:00,1800
M2,C02,2023-12-22T07:21:56+00:00,2023-12-22T07:51:56+00:00,1800
M2,C02,2023-12-22T07:51:56+00:00,2023-12-22T08:21:56+00:00,1800
M2,C02,2023-12-25T21:06:57+00:00,2023-12-25T21:36:57+00:00,1800
M2,C02,2024-01-12T23:51:55+00:00,2024-01-16T18:51:56+00:00,327601
M2,C02,2024-01-22T17:13:54+00:00,2024-01-22T17:51:54+00:00,2280
M2,C02,2024-01-22T18:56:54+00:00,2024-01-22T19:36:54+00:00,2400
M2,C02,2024-01-26T02:06:55+00:00,2024-01-26T02:36:55+00:00,1800
M2,C02,2024-02-12T21:06:56+00:00,2024-02-12T21:36:56+00:00,1800
M2,C02,2024-02-15T12:59:56+00:00,2024-02-15T15:54:56+00:00,10500
M2,C02,2024-02-15T21:06:56+00:00,2024-02-15T21:36:56+00:00,1800
M2,C02,2024-02-17T21:06:56+00:00,2024-02-17T21:51:56+00:00,2700
M2,C02,2024-02-18T21:06:57+00:00,2024-02-18T21:36:57+00:00,1800
M2,C02,2024-02-19T21:06:54+00:00,2024-02-19T21:51:54+00:00,2700
M2,C02,2024-02-21T03:51:55+00:00,2024-02-21T04:36:55+00:00,2700
M2,C02,2024-02-21T21:06:55+00:00,2024-02-21T21:36:55+00:00,1800
M2,C02,2024-02-23T21:06:55+00:00,2024-02-23T21:51:55+00:00,2700
M2,C02,2024-02-24T21:06:55+00:00,2024-02-24T21:51:55+00:00,2700
M2,C02,2024-02-25T21:06:55+00:00,2024-02-25T21:51:55+00:00,2700
M2,C02,2024-02-25T23:07:55+00:00,2024-02-26T00:06:55+00:00,3540
M2,C02,2024-02-26T21:06:56+00:00,2024-02-26T21:51:56+00:00,2700
M2,C02,2024-02-27T21:06:56+00:00,2024-02-27T21:51:56+00:00,2700
M2,C02,2024-02-28T21:06:56+00:00,2024-02-28T21:51:56+00:00,2700
M2,C02,2024-02-29T00:54:56+00:00,2024-02-29T01:24:56+00:00,1800
M2,C02,2024-02-29T01:54:56+00:00,2024-02-29T02:24:56+00:00,1800
M2,C02,2024-02-29T02:54:56+00:00,2024-02-29T03:24:56+00:00,1800
M2,C02,2024-02-29T03:54:56+00:00,2024-02-29T04:24:56+00:00,1800
M2,C02,2024-02-29T05:54:56+00:00,2024-02-29T06:24:56+00:00,1800
M2,C02,2024-02-29T06:54:56+00:00,2024-02-29T07:24:56+00:00,1800
M2,C02,2024-02-29T09:54:56+00:00,2024-02-29T10:24:56+00:00,1800
M2,C02,2024-02-29T12:54:56+00:00,2024-02-29T13:24:56+00:00,1800
M2,C02,2024-02-29T17:54:56+00:00,2024-02-29T18:24:56+00:00,1800
M2,C02,2024-02-29T21:06:56+00:00,2024-02-29T21:51:56+00:00,2700
M2,C02,2024-03-01T21:06:56+00:00,2024-03-01T21:51:56+00:00,2700
M2,C02,2024-03-02T21:06:56+00:00,2024-03-02T21:51:56+00:00,2700
M2,C02,2024-03-03T21:06:57+00:00,2024-03-03T21:51:57+00:00,2700
M2,C02,2024-03-04T21:06:54+00:00,2024-03-04T21:51:54+00:00,2700
M2,C02,2024-03-05T21:06:55+00:00,2024-03-05T21:54:55+00:00,2880
M2,C02,2024-03-06T16:54:55+00:00,2024-03-06T17:24:55+00:00,1800
M2,C02,2024-03-06T21:06:55+00:00,2024-03-06T21:54:55+00:00,2880
M2,C02,2024-03-08T16:37:55+00:00,2024-03-08T17:06:55+00:00,1740
M2,C02,2024-03-10T21:06:55+00:00,2024-03-10T21:36:55+00:00,1800
M2,C02,2024-03-11T21:06:56+00:00,2024-03-11T21:37:56+00:00,1860
M2,C02,2024-03-14T21:21:56+00:00,2024-03-14T21:51:56+00:00,1800
M2,C02,2024-03-17T21:21:57+00:00,2024-03-17T21:51:57+00:00,1800
M2,C02,2024-03-18T21:06:54+00:00,2024-03-18T21:36:54+00:00,1800
M2,C02,2024-03-21T21:06:55+00:00,2024-03-21T21:36:55+00:00,1800
M2,C02,2024-03-25T12:54:55+00:00,2024-03-25T13:24:55+00:00,1800
M2,C02,2024-03-25T20:51:55+00:00,2024-03-25T21:21:55+00:00,1800
M2,C02,2024-03-26T21:06:56+00:00,2024-03-26T21:36:56+00:00,1800
M2,C02,2024-03-28T15:29:56+00:00,2024-03-28T16:36:56+00:00,4020
M2,C02,2024-04-09T08:58:58+00:00,2024-04-09T09:21:55+00:00,1377
M2,C02,2024-04-10T08:58:58+00:00,2024-04-10T09:21:56+00:00,1378
M2,C02,2024-04-23T22:08:55+00:00,2024-04-24T00:06:55+00:00,7080
M2,C02,2024-04-25T18:54:56+00:00,2024-04-25T19:23:56+00:00,1740
M2,C02,2024-04-29T14:53:56+00:00,2024-04-29T15:23:56+00:00,1800
M2,C02,2024-04-29T18:54:54+00:00,2024-04-29T19:24:54+00:00,1800
M2,C02,2024-05-07T16:56:56+00:00,2024-05-07T17:21:56+00:00,1500
M2,C02,2024-05-19T17:21:55+00:00,2024-05-19T17:51:55+00:00,1800
M2,C02,2024-05-19T18:51:55+00:00,2024-05-19T19:21:55+00:00,1800
M2,C02,2024-05-23T14:21:56+00:00,2024-05-23T14:51:56+00:00,1800
M2,C02,2024-05-23T15:06:56+00:00,2024-05-23T15:36:56+00:00,1800
M2,C02,2024-05-23T19:21:56+00:00,2024-05-23T19:51:56+00:00,1800
M2,C02,2024-05-24T01:06:56+00:00,2024-05-24T01:36:56+00:00,1800
M2,C02,2024-05-24T15:21:56+00:00,2024-05-24T15:51:56+00:00,1800
M2,C02,2024-05-25T15:36:57+00:00,2024-05-25T16:06:57+00:00,1800
M2,C02,2024-05-25T19:21:57+00:00,2024-05-25T19:51:57+00:00,1800
M2,C02,2024-05-29T22:51:55+00:00,2024-05-29T23:21:55+00:00,1800
M2,C02,2024-05-30T00:06:55+00:00,2024-05-30T00:36:55+00:00,1800
M2,C02,2024-05-31T00:06:55+00:00,2024-05-31T00:36:55+00:00,1800
M2,C02,2024-06-03T15:54:56+00:00,2024-06-03T16:37:56+00:00,2580
M2,C02,2024-06-03T19:51:56+00:00,2024-06-03T20:21:56+00:00,1800
M2,C02,2024-06-05T13:54:56+00:00,2024-06-05T14:23:56+00:00,1740
M2,C02,2024-06-05T14:54:56+00:00,2024-06-05T15:24:56+00:00,1800
M2,C02,2024-06-06T23:54:57+00:00,2024-06-07T00:23:57+00:00,1740
M2,C02,2024-06-07T04:54:57+00:00,2024-06-07T05:24:57+00:00,1800
M2,C02,2024-06-07T06:54:57+00:00,2024-06-07T07:23:57+00:00,1740
M2,C02,2024-06-07T10:54:57+00:00,2024-06-07T11:24:57+00:00,1800
M2,C02,2024-06-07T18:51:57+00:00,2024-06-07T19:21:57+00:00,1800
M2,C02,2024-06-08T17:59:57+00:00,2024-06-09T14:37:27+00:00,74250
M2,C02,2024-06-09T18:37:27+00:00,2024-06-09T19:07:27+00:00,1800
M2,C02,2024-06-12T21:24:55+00:00,2024-06-12T21:54:55+00:00,1800
M2,C02,2024-06-15T11:50:56+00:00,2024-06-15T12:21:56+00:00,1860
M2,C02,2024-06-16T16:51:56+00:00,2024-06-16T17:21:56+00:00,1800
M2,C02,2024-06-16T19:06:56+00:00,2024-06-16T19:36:56+00:00,1800
M2,C02,2024-06-16T21:36:56+00:00,2024-06-16T22:06:56+00:00,1800
M2,C02,2024-06-16T22:51:56+00:00,2024-06-16T23:21:56+00:00,1800
M2,C02,2024-06-17T00:36:56+00:00,2024-06-17T01:06:56+00:00,1800
M2,C02,2024-06-19T01:36:57+00:00,2024-06-19T02:06:57+00:00,1800
M2,C02,2024-06-20T20:37:57+00:00,2024-06-20T21:06:57+00:00,1740
M2,C02,2024-06-23T19:51:58+00:00,2024-06-23T20:21:58+00:00,1800
M2,C02,2024-06-24T17:06:54+00:00,2024-06-24T17:36:54+00:00,1800
M2,C02,2024-06-25T20:56:55+00:00,2024-06-26T01:37:25+00:00,16830
M2,C02,2024-06-28T00:07:25+00:00,2024-06-28T00:37:25+00:00,1800
M2,C02,2024-06-28T16:52:25+00:00,2024-06-28T17:22:25+00:00,1800
M2,C02,2024-06-30T00:53:26+00:00,2024-06-30T02:52:26+00:00,7140
M2,C02,2024-06-30T21:07:26+00:00,2024-06-30T21:37:26+00:00,1800
M2,C02,2024-07-02T13:02:26+00:00,2024-07-02T13:37:26+00:00,2100
M2,C02,2024-07-06T19:37:27+00:00,2024-07-06T20:07:27+00:00,1800
M2,C02,2024-07-06T20:07:27+00:00,2024-07-06T20:37:28+00:00,1801
M2,C02,2024-07-07T18:37:28+00:00,2024-07-07T19:07:28+00:00,1800
M2,C02,2024-07-22T18:58:54+00:00,2024-07-22T19:24:54+00:00,1560
M2,C02,2024-07-24T14:06:55+00:00,2024-07-24T14:36:55+00:00,1800
M2,C02,2024-07-29T14:21:56+00:00,2024-07-29T14:54:56+00:00,1980
M2,C02,2024-07-30T09:54:56+00:00,2024-07-30T10:37:56+00:00,2580
M2,C02,2024-07-30T17:37:56+00:00,2024-07-30T19:24:56+00:00,6420
M2,C02,2024-08-08T06:51:55+00:00,2024-08-08T08:06:55+00:00,4500
M2,C02,2024-08-12T11:06:56+00:00,2024-08-12T11:36:56+00:00,1800
M2,C02,2024-08-16T21:21:56+00:00,2024-08-16T21:51:56+00:00,1800
M2,C02,2024-08-23T19:51:55+00:00,2024-08-23T20:21:55+00:00,1800
M2,C02,2024-09-01T08:58:02+00:00,2024-09-01T09:21:56+00:00,1434
M2,C02,2024-09-01T20:06:56+00:00,2024-09-01T20:36:56+00:00,1800
M2,C02,2024-09-02T08:56:59+00:00,2024-09-02T09:21:56+00:00,1497
M2,C02,2024-09-03T04:36:54+00:00,2024-09-03T19:36:55+00:00,54001
M2,C02,2024-09-04T08:57:57+00:00,2024-09-04T09:21:55+00:00,1438
M2,C02,2024-09-04T17:51:55+00:00,2024-09-05T01:21:55+00:00,27000
M2,C02,2024-09-08T03:51:55+00:00,2024-09-08T04:21:55+00:00,1800
M2,C02,2024-09-08T20:51:55+00:00,2024-09-08T21:36:55+00:00,2700
M2,C02,2024-09-09T05:21:55+00:00,2024-09-09T05:51:55+00:00,1800
M2,C02,2024-09-09T08:42:55+00:00,2024-09-09T09:06:55+00:00,1440
M2,C02,2024-09-09T15:49:55+00:00,2024-09-09T17:36:55+00:00,6420
M2,C02,2024-09-09T17:53:55+00:00,2024-09-09T18:23:55+00:00,1800
M2,C02,2024-09-09T20:37:55+00:00,2024-09-09T21:24:55+00:00,2820
M2,C02,2024-09-09T22:36:55+00:00,2024-09-09T23:06:55+00:00,1800
M2,C02,2024-09-10T18:21:56+00:00,2024-09-10T18:51:56+00:00,1800
M2,C02,2024-09-10T20:36:56+00:00,2024-09-10T21:36:56+00:00,3600
M2,C02,2024-09-11T05:21:56+00:00,2024-09-11T05:51:56+00:00,1800
M2,C02,2024-09-11T20:36:56+00:00,2024-09-11T21:21:56+00:00,2700
M2,C02,2024-09-11T22:36:56+00:00,2024-09-11T23:06:56+00:00,1800
M2,C02,2024-09-12T01:21:56+00:00,2024-09-12T01:51:56+00:00,1800
M2,C02,2024-09-12T18:36:56+00:00,2024-09-12T19:06:56+00:00,1800
M2,C02,2024-09-12T20:36:56+00:00,2024-09-12T21:21:56+00:00,2700
M2,C02,2024-09-13T08:36:56+00:00,2024-09-13T09:06:56+00:00,1800
M2,C02,2024-09-13T09:21:56+00:00,2024-09-13T09:51:56+00:00,1800
M2,C02,2024-09-13T17:36:56+00:00,2024-09-13T18:06:56+00:00,1800
M2,C02,2024-09-13T18:36:56+00:00,2024-09-13T19:21:56+00:00,2700
M2,C02,2024-09-13T20:51:56+00:00,2024-09-13T21:21:56+00:00,1800
M2,C02,2024-09-13T22:36:56+00:00,2024-09-13T23:06:56+00:00,1800
M2,C02,2024-09-14T20:36:56+00:00,2024-09-14T21:36:56+00:00,3600
M2,C02,2024-09-15T20:36:56+00:00,2024-09-15T21:21:56+00:00,2700
M2,C02,2024-09-15T22:06:56+00:00,2024-09-15T22:36:56+00:00,1800
M2,C02,2024-09-16T20:36:54+00:00,2024-09-16T21:21:54+00:00,2700
M2,C02,2024-09-17T20:36:55+00:00,2024-09-17T21:21:55+00:00,2700
M2,C02,2024-09-18T20:36:55+00:00,2024-09-18T21:21:55+00:00,2700
M2,C02,2024-09-19T20:06:55+00:00,2024-09-19T20:36:55+00:00,1800
M2,C02,2024-09-19T20:36:55+00:00,2024-09-19T21:21:55+00:00,2700
M2,C02,2024-09-19T21:21:55+00:00,2024-09-19T21:51:55+00:00,1800
M2,C02,2024-09-20T20:37:55+00:00,2024-09-20T21:24:55+00:00,2820
M2,C02,2024-09-21T06:06:55+00:00,2024-09-21T06:37:55+00:00,1860
M2,C02,2024-09-21T18:54:55+00:00,2024-09-21T19:24:55+00:00,1800
M2,C02,2024-09-21T20:37:55+00:00,2024-09-21T21:24:55+00:00,2820
M2,C02,2024-09-22T13:54:55+00:00,2024-09-22T14:24:55+00:00,1800
M2,C02,2024-09-22T20:37:55+00:00,2024-09-22T21:37:55+00:00,3600
M2,C02,2024-09-23T06:37:55+00:00,2024-09-23T07:06:55+00:00,1740
M2,C02,2024-09-23T07:24:55+00:00,2024-09-23T07:54:55+00:00,1800
M2,C02,2024-09-23T07:54:55+00:00,2024-09-23T08:24:55+00:00,1800
M2,C02,2024-09-23T18:54:55+00:00,2024-09-23T19:24:55+00:00,1800
M2,C02,2024-09-23T20:37:55+00:00,2024-09-23T21:37:55+00:00,3600
M2,C02,2024-09-24T20:24:56+00:00,2024-09-24T21:36:56+00:00,4320
M2,C02,2024-09-25T20:36:56+00:00,2024-09-25T21:21:56+00:00,2700
M2,C02,2024-09-26T20:36:56+00:00,2024-09-26T21:21:56+00:00,2700
M2,C02,2024-09-27T20:21:56+00:00,2024-09-27T21:36:56+00:00,4500
M2,C02,2024-09-28T20:36:56+00:00,2024-09-28T21:36:56+00:00,3600
M2,C02,2024-09-29T20:36:56+00:00,2024-09-29T21:21:56+00:00,2700
M2,C02,2024-09-30T20:36:54+00:00,2024-09-30T21:21:54+00:00,2700
M2,C02,2024-10-01T20:21:55+00:00,2024-10-01T21:21:55+00:00,3600
M2,C02,2024-10-02T12:00:55+00:00,2024-10-02T15:36:55+00:00,12960
M2,C02,2024-10-02T17:37:55+00:00,2024-10-02T18:06:55+00:00,1740
M2,C02,2024-10-02T20:24:55+00:00,2024-10-02T21:51:55+00:00,5220
M2,C02,2024-10-03T20:24:55+00:00,2024-10-03T21:51:55+00:00,5220
M2,C02,2024-10-03T21:51:55+00:00,2024-10-03T22:21:55+00:00,1800
M2,C02,2024-10-04T20:21:55+00:00,2024-10-04T21:51:55+00:00,5400
M2,C02,2024-10-05T20:36:55+00:00,2024-10-05T21:21:55+00:00,2700
M2,C02,2024-10-06T00:51:55+00:00,2024-10-06T01:21:55+00:00,1800
M2,C02,2024-10-06T18:51:55+00:00,2024-10-06T19:36:55+00:00,2700
M2,C02,2024-10-06T20:36:55+00:00,2024-10-06T21:51:55+00:00,4500
M2,C02,2024-10-07T01:21:55+00:00,2024-10-07T01:51:55+00:00,1800
M2,C02,2024-10-07T19:51:56+00:00,2024-10-07T20:21:56+00:00,1800
M2,C02,2024-10-07T20:21:56+00:00,2024-10-07T21:51:56+00:00,5400
M2,C02,2024-10-07T21:51:56+00:00,2024-10-07T22:21:56+00:00,1800
M2,C02,2024-10-08T11:59:56+00:00,2024-10-08T22:07:26+00:00,36450
M2,C02,2024-10-09T20:36:53+00:00,2024-10-09T21:36:53+00:00,3600
M2,C02,2024-10-10T20:36:53+00:00,2024-10-10T21:21:53+00:00,2700
M2,C02,2024-10-10T23:06:53+00:00,2024-10-10T23:36:53+00:00,1800
M2,C02,2024-10-11T09:51:53+00:00,2024-10-11T10:21:53+00:00,1800
M2,C02,2024-10-11T20:36:53+00:00,2024-10-11T21:21:53+00:00,2700
M2,C02,2024-10-12T08:21:53+00:00,2024-10-12T19:36:53+00:00,40500
M2,C02,2024-10-12T19:36:53+00:00,2024-10-22T09:36:56+00:00,828003
M2,C02,2024-10-22T20:36:56+00:00,2024-10-22T21:36:56+00:00,3600
M2,C02,2024-10-23T08:36:56+00:00,2024-10-23T09:06:56+00:00,1800
M2,C02,2024-10-23T20:36:56+00:00,2024-10-23T21:21:56+00:00,2700
M2,C02,2024-10-24T19:21:56+00:00,2024-10-24T19:51:56+00:00,1800
M2,C02,2024-10-24T20:21:56+00:00,2024-10-24T21:21:56+00:00,3600
M2,C02,2024-10-25T20:36:56+00:00,2024-10-25T21:21:56+00:00,2700
M2,C02,2024-10-26T20:21:56+00:00,2024-10-26T21:51:56+00:00,5400
M2,C02,2024-10-27T20:36:57+00:00,2024-10-27T21:21:57+00:00,2700
M2,C02,2024-10-27T22:06:57+00:00,2024-10-27T22:51:57+00:00,2700
M2,C02,2024-10-28T04:21:57+00:00,2024-10-28T04:51:57+00:00,1800
M2,C02,2024-10-28T07:51:57+00:00,2024-10-28T08:21:57+00:00,1800
M2,C02,2024-10-28T20:36:54+00:00,2024-10-28T21:36:54+00:00,3600
M2,C02,2024-10-29T20:36:55+00:00,2024-10-29T21:36:55+00:00,3600
M2,C02,2024-10-29T22:21:55+00:00,2024-10-29T22:51:55+00:00,1800
M2,C02,2024-10-30T20:36:55+00:00,2024-10-30T21:21:55+00:00,2700
M2,C02,2024-10-31T20:36:55+00:00,2024-10-31T21:36:55+00:00,3600
M2,C02,2024-11-01T20:36:55+00:00,2024-11-01T21:21:55+00:00,2700
M2,C02,2024-11-02T20:36:55+00:00,2024-11-02T21:21:55+00:00,2700
M2,C02,2024-11-05T19:21:56+00:00,2024-11-05T19:51:56+00:00,1800
M2,C02,2024-11-05T20:21:56+00:00,2024-11-05T21:21:56+00:00,3600
M2,C02,2024-11-06T18:51:56+00:00,2024-11-06T19:21:56+00:00,1800
M2,C02,2024-11-06T20:36:56+00:00,2024-11-06T21:36:56+00:00,3600
M2,C02,2024-11-06T22:06:56+00:00,2024-11-06T22:36:56+00:00,1800
M2,C02,2024-11-06T22:36:56+00:00,2024-11-06T23:21:56+00:00,2700
M2,C02,2024-11-06T23:21:56+00:00,2024-11-06T23:51:56+00:00,1800
M2,C02,2024-11-07T20:06:56+00:00,2024-11-07T21:06:56+00:00,3600
M2,C02,2024-11-08T08:21:56+00:00,2024-11-08T08:51:56+00:00,1800
M2,C02,2024-11-09T20:36:56+00:00,2024-11-09T21:21:56+00:00,2700
M2,C02,2024-11-10T01:36:56+00:00,2024-11-10T02:06:56+00:00,1800
M2,C02,2024-11-10T02:06:56+00:00,2024-11-10T02:36:56+00:00,1800
M2,C02,2024-11-10T20:36:57+00:00,2024-11-10T21:06:57+00:00,1800
M2,C02,2024-11-11T01:51:57+00:00,2024-11-11T02:21:57+00:00,1800
M2,C02,2024-11-12T07:51:54+00:00,2024-11-12T08:36:54+00:00,2700
M2,C02,2024-11-12T12:06:55+00:00,2024-11-12T12:36:55+00:00,1800
M2,C02,2024-11-12T15:54:55+00:00,2024-11-12T16:23:55+00:00,1740
M2,C02,2024-11-12T20:37:55+00:00,2024-11-12T21:06:55+00:00,1740
M2,C02,2024-11-13T11:06:55+00:00,2024-11-13T11:36:55+00:00,1800
M2,C02,2024-11-13T20:37:55+00:00,2024-11-13T21:06:55+00:00,1740
M2,C02,2024-11-14T02:06:55+00:00,2024-11-14T02:37:55+00:00,1860
M2,C02,2024-11-14T03:06:55+00:00,2024-11-14T03:37:55+00:00,1860
M2,C02,2024-11-14T04:54:55+00:00,2024-11-14T05:24:55+00:00,1800
M2,C02,2024-11-14T11:54:55+00:00,2024-11-14T12:24:55+00:00,1800
M2,C02,2024-11-15T08:21:55+00:00,2024-11-15T08:51:55+00:00,1800
M2,C02,2024-11-18T17:24:56+00:00,2024-11-18T17:54:56+00:00,1800
M2,C02,2024-11-26T15:37:55+00:00,2024-11-26T17:06:55+00:00,5340
M2,C02,2024-12-02T01:51:55+00:00,2024-12-02T02:21:55+00:00,1800
M2,C02,2024-12-02T02:36:55+00:00,2024-12-02T03:06:55+00:00,1800
M2,C02,2024-12-03T01:06:56+00:00,2024-12-03T01:36:56+00:00,1800
M2,C02,2024-12-04T07:36:56+00:00,2024-12-04T08:06:56+00:00,1800
M2,C02,2024-12-04T09:06:56+00:00,2024-12-04T09:36:56+00:00,1800
M2,C02,2024-12-06T09:52:56+00:00,2024-12-06T11:51:56+00:00,7140
M2,C02,2024-12-09T07:21:57+00:00,2024-12-09T07:51:57+00:00,1800
M2,C02,2024-12-09T21:51:54+00:00,2024-12-09T22:21:54+00:00,1800
M2,C02,2024-12-09T23:06:54+00:00,2024-12-09T23:36:54+00:00,1800
M2,C02,2024-12-10T06:21:54+00:00,2024-12-10T06:51:54+00:00,1800
M2,C02,2024-12-12T05:06:55+00:00,2024-12-12T09:36:55+00:00,16200
M2,C02,2024-12-12T10:36:55+00:00,2024-12-12T12:51:55+00:00,8100
M2,C02,2024-12-12T12:51:55+00:00,2024-12-20T20:51:56+00:00,720001
M2,C02,2024-12-23T23:51:54+00:00,2024-12-24T00:21:54+00:00,1800
M2,C02,2025-01-03T08:27:56+00:00,2025-01-03T08:51:56+00:00,1440
M2,C02,2025-01-03T11:16:56+00:00,2025-01-03T12:36:56+00:00,4800
M2,C02,2025-01-16T12:02:56+00:00,2025-01-16T15:06:56+00:00,11040
M2,C02,2025-01-25T19:36:55+00:00,2025-01-25T20:06:55+00:00,1800
M2,C02,2025-01-31T18:51:56+00:00,2025-01-31T19:21:56+00:00,1800
M2,C02,2025-02-01T17:51:56+00:00,2025-02-01T18:21:56+00:00,1800
M2,C02,2025-02-02T13:06:57+00:00,2025-02-02T13:36:57+00:00,1800
M2,C02,2025-02-02T21:06:57+00:00,2025-02-02T21:36:57+00:00,1800
M2,C02,2025-02-03T21:21:54+00:00,2025-02-03T21:51:54+00:00,1800
M2,C02,2025-02-04T09:36:54+00:00,2025-02-04T10:06:55+00:00,1801
M2,C02,2025-02-04T21:21:55+00:00,2025-02-04T21:51:55+00:00,1800
M2,C02,2025-02-05T15:36:55+00:00,2025-02-05T16:06:55+00:00,1800
M2,C02,2025-02-05T18:36:55+00:00,2025-02-05T19:21:55+00:00,2700
M2,C02,2025-02-05T19:21:55+00:00,2025-02-05T19:51:55+00:00,1800
M2,C02,2025-02-05T21:21:55+00:00,2025-02-05T21:51:55+00:00,1800
M2,C02,2025-02-06T05:36:55+00:00,2025-02-06T06:06:55+00:00,1800
M2,C02,2025-02-06T14:51:55+00:00,2025-02-06T15:21:55+00:00,1800
M2,C02,2025-02-06T21:06:55+00:00,2025-02-06T21:36:55+00:00,1800
M2,C02,2025-02-06T21:36:55+00:00,2025-02-06T22:06:55+00:00,1800
M2,C02,2025-02-09T20:51:55+00:00,2025-02-23T19:21:55+00:00,1204200
M2,C02,2025-02-23T21:06:55+00:00,2025-02-23T21:51:55+00:00,2700
M2,C02,2025-02-24T20:51:56+00:00,2025-02-24T21:51:56+00:00,3600
M2,C02,2025-02-25T09:21:56+00:00,2025-02-25T09:51:56+00:00,1800
M2,C02,2025-02-25T10:21:56+00:00,2025-02-25T10:51:56+00:00,1800
M2,C02,2025-02-25T21:06:56+00:00,2025-02-25T22:06:56+00:00,3600
M2,C02,2025-02-26T20:51:56+00:00,2025-02-26T21:51:56+00:00,3600
M2,C02,2025-02-27T03:51:56+00:00,2025-02-27T04:21:56+00:00,1800
M2,C02,2025-02-27T20:51:56+00:00,2025-02-27T22:21:56+00:00,5400
M2,C02,2025-02-28T21:06:56+00:00,2025-02-28T21:51:56+00:00,2700
M2,C02,2025-03-01T19:36:56+00:00,2025-03-01T20:06:56+00:00,1800
M2,C02,2025-03-01T21:06:56+00:00,2025-03-01T21:51:56+00:00,2700
M2,C02,2025-03-02T21:06:57+00:00,2025-03-02T21:51:57+00:00,2700
M2,C02,2025-03-03T01:36:57+00:00,2025-03-03T02:06:57+00:00,1800
M2,C02,2025-03-03T16:06:54+00:00,2025-03-03T16:36:54+00:00,1800
M2,C02,2025-03-03T21:06:54+00:00,2025-03-03T21:51:54+00:00,2700
M2,C02,2025-03-04T21:06:55+00:00,2025-03-04T21:51:55+00:00,2700
M2,C02,2025-03-05T21:06:55+00:00,2025-03-05T21:51:55+00:00,2700
M2,C02,2025-03-07T21:06:55+00:00,2025-03-07T21:51:55+00:00,2700
M2,C02,2025-03-08T21:06:55+00:00,2025-03-08T21:51:55+00:00,2700
M2,C02,2025-03-09T21:06:55+00:00,2025-03-09T21:36:55+00:00,1800
M2,C02,2025-03-10T21:21:56+00:00,2025-03-10T21:51:56+00:00,1800
M2,C02,2025-03-11T21:06:56+00:00,2025-03-11T21:36:56+00:00,1800
M2,C02,2025-03-12T19:06:56+00:00,2025-03-17T23:51:54+00:00,449098
M2,C02,2025-03-18T20:36:55+00:00,2025-03-18T21:51:55+00:00,4500
M2,C02,2025-03-19T20:51:55+00:00,2025-03-19T21:51:55+00:00,3600
M2,C02,2025-03-20T20:54:55+00:00,2025-03-20T21:54:55+00:00,3600
M2,C02,2025-03-21T20:36:55+00:00,2025-03-21T21:51:55+00:00,4500
M2,C02,2025-03-22T20:36:55+00:00,2025-03-22T21:51:55+00:00,4500
M2,C02,2025-03-23T20:36:55+00:00,2025-03-23T21:51:55+00:00,4500
M2,C02,2025-03-24T20:51:56+00:00,2025-03-24T21:21:56+00:00,1800
M2,C02,2025-03-24T21:21:56+00:00,2025-03-24T21:51:56+00:00,1800
M2,C02,2025-03-25T20:36:56+00:00,2025-03-25T21:21:56+00:00,2700
M2,C02,2025-03-26T20:51:56+00:00,2025-03-26T21:36:56+00:00,2700
M2,C02,2025-03-28T19:06:56+00:00,2025-03-28T19:36:56+00:00,1800
M2,C02,2025-03-28T22:06:56+00:00,2025-03-28T22:36:56+00:00,1800
M2,C02,2025-03-31T16:36:54+00:00,2025-03-31T17:21:54+00:00,2700
M2,C02,2025-03-31T17:21:54+00:00,2025-03-31T17:51:54+00:00,1800
M2,C02,2025-03-31T19:06:54+00:00,2025-03-31T19:36:54+00:00,1800
M2,C02,2025-03-31T20:36:54+00:00,2025-03-31T21:36:54+00:00,3600
M2,C02,2025-03-31T23:21:54+00:00,2025-03-31T23:51:54+00:00,1800
M2,C02,2025-04-03T17:06:55+00:00,2025-04-03T17:36:55+00:00,1800
M2,C02,2025-04-03T18:21:55+00:00,2025-04-03T18:51:55+00:00,1800
M2,C02,2025-04-08T18:19:56+00:00,2025-04-08T18:53:56+00:00,2040
M2,C02,2025-04-09T08:58:58+00:00,2025-04-09T09:21:56+00:00,1378
M2,C02,2025-04-10T08:58:58+00:00,2025-04-10T09:21:56+00:00,1378
M2,C02,2025-04-10T21:24:56+00:00,2025-04-10T21:51:56+00:00,1620
M2,C02,2025-04-11T08:58:58+00:00,2025-04-11T09:21:56+00:00,1378
M2,C02,2025-04-24T18:21:55+00:00,2025-04-24T18:51:55+00:00,1800
M2,C02,2025-04-25T17:36:55+00:00,2025-04-25T18:06:55+00:00,1800
M2,C02,2025-04-25T19:06:55+00:00,2025-04-25T19:36:55+00:00,1800
M2,C02,2025-04-26T16:21:56+00:00,2025-04-26T16:51:56+00:00,1800
M2,C02,2025-04-26T16:51:56+00:00,2025-04-26T17:21:56+00:00,1800
M2,C02,2025-04-26T22:36:56+00:00,2025-04-26T23:06:56+00:00,1800
M2,C02,2025-05-03T23:51:55+00:00,2025-05-04T00:21:55+00:00,1800
M2,C02,2025-05-04T01:06:55+00:00,2025-05-04T01:36:55+00:00,1800
M2,C02,2025-05-04T12:06:55+00:00,2025-05-04T12:36:55+00:00,1800
M2,C02,2025-05-04T16:06:55+00:00,2025-05-04T16:36:55+00:00,1800
M2,C02,2025-05-04T17:21:55+00:00,2025-05-04T18:06:55+00:00,2700
M2,C02,2025-05-04T18:06:55+00:00,2025-05-04T18:36:55+00:00,1800
M2,C02,2025-05-04T18:36:55+00:00,2025-05-04T19:06:55+00:00,1800
M2,C02,2025-05-04T20:21:55+00:00,2025-05-04T20:51:55+00:00,1800
M2,C02,2025-05-04T21:21:55+00:00,2025-05-04T21:51:55+00:00,1800
M2,C02,2025-05-04T23:36:55+00:00,2025-05-05T00:06:55+00:00,1800
M2,C02,2025-05-05T16:06:54+00:00,2025-05-05T16:51:54+00:00,2700
M2,C02,2025-05-05T16:51:54+00:00,2025-05-05T17:21:54+00:00,1800
M2,C02,2025-05-05T19:21:54+00:00,2025-05-05T19:51:54+00:00,1800
M2,C02,2025-05-05T21:21:54+00:00,2025-05-05T21:51:54+00:00,1800
M2,C02,2025-05-12T16:51:54+00:00,2025-05-12T17:21:54+00:00,1800
M2,C02,2025-05-12T20:06:54+00:00,2025-05-12T20:51:54+00:00,2700
M2,C02,2025-05-12T21:21:54+00:00,2025-05-12T21:51:54+00:00,1800
M2,C02,2025-05-13T20:51:55+00:00,2025-05-13T21:21:55+00:00,1800
M2,C02,2025-05-13T21:21:55+00:00,2025-05-13T21:51:55+00:00,1800
M2,C02,2025-05-13T23:21:55+00:00,2025-05-13T23:51:55+00:00,1800
M2,C02,2025-05-14T00:06:55+00:00,2025-05-14T00:51:55+00:00,2700
M2,C02,2025-05-14T15:36:55+00:00,2025-10-07T01:51:56+00:00,12564901
M2,C02,2025-10-07T01:51:56+00:00,2025-10-07T05:06:56+00:00,11700
M2,C02,2025-10-07T05:06:56+00:00,2025-10-07T10:21:56+00:00,18900
M2,C02,2025-10-07T10:21:56+00:00,2025-10-07T13:06:56+00:00,9900
M2,C02,2025-10-07T13:06:56+00:00,2025-10-08T05:06:56+00:00,57600
M2,C02,2025-10-08T05:06:56+00:00,2025-10-08T09:51:56+00:00,17100
M2,C02,2025-10-08T09:51:56+00:00,2025-10-09T14:36:56+00:00,103500
M2,C02,2025-10-09T14:36:56+00:00,2025-10-10T02:36:56+00:00,43200
M2,C02,2025-10-10T02:36:56+00:00,2025-10-12T11:36:57+00:00,205201
M2,C02,2025-10-12T11:36:57+00:00,2025-10-13T03:21:57+00:00,56700
M2,C02,2025-10-13T03:21:57+00:00,2025-10-13T13:51:57+00:00,37800
M2,C02,2025-10-13T13:51:57+00:00,2025-10-13T15:06:56+00:00,4499
M2,C02,2025-10-13T15:06:56+00:00,2025-10-13T19:36:54+00:00,16198
M2,C02,2025-10-13T19:36:54+00:00,2025-10-14T03:21:54+00:00,27900
M2,C02,2025-10-14T03:21:54+00:00,2025-10-14T09:21:55+00:00,21601
M2,C02,2025-10-14T09:21:55+00:00,2025-10-14T13:51:55+00:00,16200
M2,C02,2025-10-14T14:06:55+00:00,2025-10-15T01:21:55+00:00,40500
M2,C02,2025-10-15T01:21:55+00:00,2025-10-15T03:21:55+00:00,7200
M2,C02,2025-10-15T03:21:55+00:00,2025-10-15T04:06:55+00:00,2700
M2,C02,2025-10-15T04:06:55+00:00,2025-10-15T04:36:55+00:00,1800
M2,C02,2025-10-15T04:36:55+00:00,2025-10-15T09:51:55+00:00,18900
M2,C02,2025-10-15T09:51:55+00:00,2025-10-15T11:36:55+00:00,6300
M2,C02,2025-10-15T11:36:55+00:00,2025-10-15T12:21:55+00:00,2700
M2,C02,2025-10-15T12:21:55+00:00,2025-10-15T15:36:55+00:00,11700
M2,C02,2025-10-15T15:51:55+00:00,2025-10-16T00:51:55+00:00,32400
M2,C02,2025-10-16T00:51:55+00:00,2025-10-16T15:06:55+00:00,51300
M2,C02,2025-10-16T15:06:55+00:00,2025-10-16T23:51:55+00:00,31500
M2,C02,2025-10-16T23:51:55+00:00,2025-10-17T05:36:55+00:00,20700
M2,C02,2025-10-17T05:36:55+00:00,2025-10-17T09:51:55+00:00,15300
M2,C02,2025-10-17T09:51:55+00:00,2025-10-17T22:06:55+00:00,44100
M2,C02,2025-10-17T22:06:55+00:00,2025-10-18T01:06:55+00:00,10800
M2,C02,2025-10-18T01:06:55+00:00,2025-10-18T11:06:55+00:00,36000
M2,C02,2025-10-18T11:06:55+00:00,2025-10-19T02:36:55+00:00,55800
M2,C02,2025-10-19T02:36:55+00:00,2025-10-19T04:36:55+00:00,7200
M2,C02,2025-10-19T04:36:55+00:00,2025-10-19T09:51:55+00:00,18900
M2,C02,2025-10-19T09:51:55+00:00,2025-10-19T14:21:55+00:00,16200
M2,C02,2025-10-19T14:21:55+00:00,2025-10-19T15:36:55+00:00,4500
M2,C02,2025-10-19T15:36:55+00:00,2025-10-19T23:06:55+00:00,27000
M2,C02,2025-10-19T23:06:55+00:00,2025-10-20T20:06:56+00:00,75601
M2,C02,2025-10-20T20:06:56+00:00,2025-10-21T00:36:56+00:00,16200
M2,C02,2025-10-21T00:36:56+00:00,2025-10-21T01:51:56+00:00,4500
M2,C02,2025-10-21T01:51:56+00:00,2025-10-21T03:21:56+00:00,5400
M2,C02,2025-10-21T03:21:56+00:00,2025-10-21T12:36:56+00:00,33300
M2,C02,2025-10-21T12:36:56+00:00,2025-10-21T22:06:56+00:00,34200
M2,C02,2025-10-21T22:06:56+00:00,2025-10-22T00:06:56+00:00,7200
M2,C02,2025-10-22T00:06:56+00:00,2025-10-22T05:06:56+00:00,18000
M2,C02,2025-10-22T05:06:56+00:00,2025-10-22T07:21:56+00:00,8100
M2,C02,2025-10-22T07:21:56+00:00,2025-10-22T13:51:56+00:00,23400
M2,C02,2025-10-22T13:51:56+00:00,2025-10-22T22:21:56+00:00,30600
M2,C02,2025-10-22T22:21:56+00:00,2025-10-23T02:36:56+00:00,15300
M2,C02,2025-10-23T02:36:56+00:00,2025-10-23T17:36:56+00:00,54000
M2,C02,2025-10-23T17:36:56+00:00,2025-10-23T18:51:56+00:00,4500
M2,C02,2025-10-23T18:51:56+00:00,2025-10-24T02:36:56+00:00,27900
M2,C02,2025-10-24T02:36:56+00:00,2025-10-24T10:36:56+00:00,28800
M2,C02,2025-10-24T10:36:56+00:00,2025-10-24T11:06:56+00:00,1800
M2,C02,2025-10-24T11:06:56+00:00,2025-10-24T19:06:56+00:00,28800
M2,C02,2025-10-24T19:06:56+00:00,2025-10-24T22:06:56+00:00,10800
M2,C02,2025-10-24T22:06:56+00:00,2025-10-25T02:36:56+00:00,16200
M2,C02,2025-10-25T02:36:56+00:00,2025-10-25T05:36:56+00:00,10800
M2,C02,2025-10-25T05:36:56+00:00,2025-10-25T14:21:56+00:00,31500
M2,C02,2025-10-25T14:21:56+00:00,2025-10-25T20:06:56+00:00,20700
M2,C02,2025-10-25T20:06:56+00:00,2025-10-26T01:06:56+00:00,18000
M2,C02,2025-10-26T01:06:56+00:00,2025-10-26T08:36:56+00:00,27000
M2,C02,2025-10-26T08:51:56+00:00,2025-10-26T12:51:56+00:00,14400
M2,C02,2025-10-26T12:51:56+00:00,2025-10-26T13:51:57+00:00,3601
M2,C02,2025-10-26T13:51:57+00:00,2025-10-26T18:36:57+00:00,17100
M2,C02,2025-10-26T18:36:57+00:00,2025-10-26T22:51:57+00:00,15300
M2,C02,2025-10-26T22:51:57+00:00,2025-10-27T03:36:57+00:00,17100
M2,C02,2025-10-27T03:36:57+00:00,2025-10-27T06:51:57+00:00,11700
M2,C02,2025-10-27T07:06:57+00:00,2025-10-27T11:21:57+00:00,15300
M2,C02,2025-10-27T11:21:57+00:00,2025-10-27T14:21:57+00:00,10800
M2,C02,2025-10-27T14:21:57+00:00,2025-10-27T19:06:54+00:00,17097
M2,C02,2025-10-27T19:06:54+00:00,2025-10-27T23:36:54+00:00,16200
M2,C02,2025-10-27T23:36:54+00:00,2025-10-28T01:51:54+00:00,8100
M2,C02,2025-10-28T01:51:54+00:00,2025-10-28T11:36:55+00:00,35101
M2,C02,2025-10-28T11:36:55+00:00,2025-10-28T12:06:55+00:00,1800
M2,C02,2025-10-28T12:06:55+00:00,2025-10-28T14:06:55+00:00,7200
M2,C02,2025-10-28T14:06:55+00:00,2025-10-28T16:51:55+00:00,9900
M2,C02,2025-10-28T16:51:55+00:00,2025-10-28T19:36:55+00:00,9900
M2,C02,2025-10-28T19:36:55+00:00,2025-10-28T20:06:55+00:00,1800
M2,C02,2025-10-28T20:06:55+00:00,2025-10-29T04:36:55+00:00,30600
M2,C02,2025-10-29T04:36:55+00:00,2025-10-29T07:51:55+00:00,11700
M2,C02,2025-10-29T07:51:55+00:00,2025-10-29T10:21:55+00:00,9000
M2,C02,2025-10-29T10:21:55+00:00,2025-10-29T13:23:55+00:00,10920
M2,C02,2025-10-29T13:23:55+00:00,2025-10-29T15:23:55+00:00,7200
M2,C02,2025-10-29T15:23:55+00:00,2025-10-30T09:06:55+00:00,63780
M2,C02,2025-10-30T09:06:55+00:00,2025-10-30T10:21:55+00:00,4500
M2,C02,2025-10-30T10:21:55+00:00,2025-10-31T13:36:55+00:00,98100
M2,C02,2025-10-31T13:36:55+00:00,2025-11-01T01:51:55+00:00,44100
M2,C02,2025-11-01T01:51:55+00:00,2025-11-01T14:36:55+00:00,45900
M2,C02,2025-11-01T14:36:55+00:00,2025-11-02T15:36:55+00:00,90000
M2,C02,2025-11-02T15:36:55+00:00,2025-11-03T01:36:55+00:00,36000
M2,C02,2025-11-03T01:36:55+00:00,2025-11-03T04:21:55+00:00,9900
M2,C02,2025-11-03T04:21:55+00:00,2025-11-03T10:21:56+00:00,21601
M2,C02,2025-11-03T10:21:56+00:00,2025-11-03T15:53:56+00:00,19920
M2,C02,2025-11-03T15:53:56+00:00,2025-11-04T06:21:56+00:00,52080
M2,C02,2025-11-04T06:21:56+00:00,2025-11-04T07:21:56+00:00,3600
M2,C02,2025-11-04T07:21:56+00:00,2025-11-04T10:06:56+00:00,9900
M2,C02,2025-11-04T10:06:56+00:00,2025-11-04T15:06:56+00:00,18000
M2,C02,2025-11-04T15:06:56+00:00,2025-11-04T16:51:56+00:00,6300
M2,C02,2025-11-04T16:51:56+00:00,2025-11-05T03:21:56+00:00,37800
M2,C02,2025-11-05T03:21:56+00:00,2025-11-05T06:06:56+00:00,9900
M2,C02,2025-11-05T06:06:56+00:00,2025-11-05T09:21:56+00:00,11700
M2,C02,2025-11-05T09:21:56+00:00,2025-11-05T09:51:56+00:00,1800
M2,C02,2025-11-05T09:51:56+00:00,2025-11-05T13:21:56+00:00,12600
M2,C02,2025-11-05T13:21:56+00:00,2025-11-05T15:51:56+00:00,9000
M2,C02,2025-11-05T15:51:56+00:00,2025-11-06T03:51:56+00:00,43200
M2,C02,2025-11-06T03:51:56+00:00,2025-11-06T10:51:56+00:00,25200
M2,C02,2025-11-06T10:51:56+00:00,2025-11-06T13:21:56+00:00,9000
M2,C02,2025-11-06T13:21:56+00:00,2025-11-06T14:06:56+00:00,2700
M2,C02,2025-11-06T14:06:56+00:00,2025-11-06T16:06:56+00:00,7200
M2,C02,2025-11-06T16:06:56+00:00,2025-11-07T11:36:56+00:00,70200
M2,C02,2025-11-07T11:36:56+00:00,2025-11-07T15:36:56+00:00,14400
M2,C02,2025-11-07T15:36:56+00:00,2025-11-08T08:51:56+00:00,62100
M2,C02,2025-11-08T08:51:56+00:00,2025-11-08T09:21:56+00:00,1800
M2,C02,2025-11-08T09:21:56+00:00,2025-11-08T13:36:56+00:00,15300
M2,C02,2025-11-08T13:36:56+00:00,2025-11-09T05:36:56+00:00,57600
M2,C02,2025-11-09T05:36:56+00:00,2025-11-09T12:36:57+00:00,25201
M2,C02,2025-11-09T12:36:57+00:00,2025-11-10T02:21:57+00:00,49500
M2,C02,2025-11-10T02:21:57+00:00,2025-11-10T12:06:57+00:00,35100
M2,C02,2025-11-10T12:06:57+00:00,2025-11-10T13:21:57+00:00,4500
M2,C02,2025-11-10T13:21:57+00:00,2025-11-10T16:21:54+00:00,10797
M2,C02,2025-11-10T16:21:54+00:00,2025-11-11T14:06:55+00:00,78301
M2,C02,2025-11-11T14:06:55+00:00,2025-11-12T00:51:55+00:00,38700
M2,C02,2025-11-12T00:51:55+00:00,2025-11-12T07:06:55+00:00,22500
M2,C02,2025-11-12T07:06:55+00:00,2025-11-12T08:06:55+00:00,3600
M2,C02,2025-11-12T08:06:55+00:00,2025-11-13T02:51:55+00:00,67500
M2,C02,2025-11-13T02:51:55+00:00,2025-11-13T05:36:55+00:00,9900
M2,C02,2025-11-13T05:36:55+00:00,2025-11-13T10:36:55+00:00,18000
M2,C02,2025-11-13T10:36:55+00:00,2025-11-13T11:51:55+00:00,4500
M2,C02,2025-11-13T11:51:55+00:00,2025-11-13T12:36:55+00:00,2700
M2,C02,2025-11-13T12:36:55+00:00,2025-11-14T04:21:55+00:00,56700
M2,C02,2025-11-14T04:21:55+00:00,2025-11-14T08:06:55+00:00,13500
M2,C02,2025-11-14T08:06:55+00:00,2025-11-14T14:51:55+00:00,24300
M2,C02,2025-11-14T14:51:55+00:00,2025-11-14T21:51:55+00:00,25200
M2,C02,2025-11-14T21:51:55+00:00,2025-11-15T12:51:55+00:00,54000
M2,C02,2025-11-15T12:51:55+00:00,2025-11-15T18:36:55+00:00,20700
M2,C02,2025-11-15T18:36:55+00:00,2025-11-15T22:51:55+00:00,15300
M2,C02,2025-11-15T22:51:55+00:00,2025-11-16T03:06:55+00:00,15300
M2,C02,2025-11-16T03:06:55+00:00,2025-11-16T03:51:55+00:00,2700
M2,C02,2025-11-16T04:06:55+00:00,2025-11-16T11:21:55+00:00,26100
M2,C02,2025-11-16T11:21:55+00:00,2025-11-16T12:06:55+00:00,2700
M2,C02,2025-11-16T12:06:55+00:00,2025-11-16T16:36:55+00:00,16200
M2,C02,2025-11-16T16:36:55+00:00,2025-11-16T18:06:55+00:00,5400
M2,C02,2025-11-16T18:06:55+00:00,2025-11-17T04:21:55+00:00,36900
M2,C02,2025-11-17T04:21:55+00:00,2025-11-17T09:21:55+00:00,18000
M2,C02,2025-11-17T09:21:55+00:00,2025-11-17T13:06:56+00:00,13501
M2,C02,2025-11-17T13:06:56+00:00,2025-11-17T14:06:56+00:00,3600
M2,C02,2025-11-17T14:06:56+00:00,2025-11-17T16:21:56+00:00,8100
M2,C02,2025-11-17T16:21:56+00:00,2025-11-17T17:51:56+00:00,5400
M2,C02,2025-11-17T17:51:56+00:00,2025-11-17T19:06:56+00:00,4500
M2,C02,2025-11-17T19:06:56+00:00,2025-11-17T20:51:56+00:00,6300
M2,C02,2025-11-17T20:51:56+00:00,2025-11-18T01:21:56+00:00,16200
M2,C02,2025-11-18T01:21:56+00:00,2025-11-18T10:51:56+00:00,34200
M2,C02,2025-11-18T10:51:56+00:00,2025-11-18T14:36:56+00:00,13500
M2,C02,2025-11-18T14:36:56+00:00,2025-11-18T23:06:56+00:00,30600
M2,C02,2025-11-18T23:06:56+00:00,2025-11-19T03:51:56+00:00,17100
M2,C02,2025-11-19T04:06:56+00:00,2025-11-19T13:06:56+00:00,32400
M2,C02,2025-11-19T13:06:56+00:00,2025-11-19T18:51:56+00:00,20700
M2,C02,2025-11-19T18:51:56+00:00,2025-11-19T22:21:56+00:00,12600
M2,C02,2025-11-19T22:21:56+00:00,2025-11-20T05:21:56+00:00,25200
M2,C02,2025-11-20T05:21:56+00:00,2025-11-20T11:36:56+00:00,22500
M2,C02,2025-11-20T11:36:56+00:00,2025-11-20T16:36:56+00:00,18000
M2,C02,2025-11-20T16:36:56+00:00,2025-11-20T17:36:56+00:00,3600
M2,C02,2025-11-20T17:36:56+00:00,2025-11-20T22:23:56+00:00,17220
M2,C02,2025-11-20T22:23:56+00:00,2025-11-20T23:23:56+00:00,3600
M2,C02,2025-11-20T23:23:56+00:00,2025-11-21T01:36:56+00:00,7980
M2,C02,2025-11-21T01:36:56+00:00,2025-11-21T16:21:56+00:00,53100
M2,C02,2025-11-21T16:21:56+00:00,2025-11-21T18:21:56+00:00,7200
M2,C02,2025-11-21T18:21:56+00:00,2025-11-22T00:06:56+00:00,20700
M2,C02,2025-11-22T00:06:56+00:00,2025-11-22T01:06:56+00:00,3600
M2,C02,2025-11-22T01:06:56+00:00,2025-11-22T04:51:56+00:00,13500
M2,C02,2025-11-22T04:51:56+00:00,2025-11-22T09:06:56+00:00,15300
M2,C02,2025-11-22T09:06:56+00:00,2025-11-22T19:51:56+00:00,38700
M2,C02,2025-11-22T19:51:56+00:00,2025-11-23T00:34:56+00:00,16980
M2,C02,2025-11-23T00:34:56+00:00,2025-11-23T01:06:56+00:00,1920
M2,C02,2025-11-23T01:06:56+00:00,2025-11-23T05:36:56+00:00,16200
M2,C02,2025-11-23T05:36:56+00:00,2025-11-23T08:21:56+00:00,9900
M2,C02,2025-11-23T08:21:56+00:00,2025-11-23T10:51:57+00:00,9001
M2,C02,2025-11-23T10:51:57+00:00,2025-11-23T11:51:57+00:00,3600
M2,C02,2025-11-23T11:51:57+00:00,2025-11-23T13:21:57+00:00,5400
M2,C02,2025-11-23T13:21:57+00:00,2025-11-23T14:06:57+00:00,2700
M2,C02,2025-11-23T14:06:57+00:00,2025-11-24T07:36:57+00:00,63000
M2,C02,2025-11-24T07:36:57+00:00,2025-11-24T10:36:57+00:00,10800
M2,C02,2025-11-24T10:36:57+00:00,2025-11-24T11:06:57+00:00,1800
M2,C02,2025-11-24T11:06:57+00:00,2025-11-25T00:36:54+00:00,48597
M2,C02,2025-11-25T00:36:54+00:00,2025-11-25T01:21:54+00:00,2700
M2,C02,2025-11-25T01:21:54+00:00,2025-11-25T06:06:54+00:00,17100
M2,C02,2025-11-25T06:06:54+00:00,2025-11-25T07:51:54+00:00,6300
M2,C02,2025-11-25T07:51:54+00:00,2025-11-25T10:06:55+00:00,8101
M2,C02,2025-11-25T10:06:55+00:00,2025-11-25T17:36:55+00:00,27000
M2,C02,2025-11-25T17:36:55+00:00,2025-11-25T18:05:55+00:00,1740
M2,C02,2025-11-25T18:05:55+00:00,2025-11-25T19:23:55+00:00,4680
M2,C02,2025-11-25T19:23:55+00:00,2025-11-26T01:06:55+00:00,20580
M2,C02,2025-11-26T01:06:55+00:00,2025-11-26T03:51:55+00:00,9900
M2,C02,2025-11-26T03:51:55+00:00,2025-11-26T07:21:55+00:00,12600
M2,C02,2025-11-26T07:21:55+00:00,2025-11-26T09:51:55+00:00,9000
M2,C02,2025-11-26T09:51:55+00:00,2025-11-26T10:51:55+00:00,3600
M2,C02,2025-11-26T11:06:55+00:00,2025-11-26T11:51:55+00:00,2700
M2,C02,2025-11-26T11:51:55+00:00,2025-11-26T12:51:55+00:00,3600
M2,C02,2025-11-26T12:51:55+00:00,2025-11-26T13:51:55+00:00,3600
M2,C02,2025-11-26T13:51:55+00:00,2025-11-26T17:51:55+00:00,14400
M2,C02,2025-11-26T17:51:55+00:00,2025-11-26T20:21:55+00:00,9000
M2,C02,2025-11-26T20:21:55+00:00,2025-11-27T07:06:55+00:00,38700
M2,C02,2025-11-27T07:06:55+00:00,2025-11-27T07:51:55+00:00,2700
M2,C02,2025-11-27T07:51:55+00:00,2025-11-27T17:36:55+00:00,35100
M2,C02,2025-11-27T17:36:55+00:00,2025-11-28T00:36:55+00:00,25200
M2,C02,2025-11-28T00:36:55+00:00,2025-11-28T16:06:55+00:00,55800
M2,C02,2025-11-28T16:06:55+00:00,2025-11-28T19:36:55+00:00,12600
M2,C02,2025-11-28T19:36:55+00:00,2025-11-29T00:21:55+00:00,17100
M2,C02,2025-11-29T00:21:55+00:00,2025-11-29T02:21:55+00:00,7200
M2,C02,2025-11-29T02:21:55+00:00,2025-11-29T08:51:55+00:00,23400
M2,C02,2025-11-29T08:51:55+00:00,2025-11-29T14:06:55+00:00,18900
M2,C02,2025-11-29T14:06:55+00:00,2025-11-29T20:06:55+00:00,21600
M2,C02,2025-11-29T20:06:55+00:00,2025-11-29T21:21:55+00:00,4500
M2,C02,2025-11-29T21:21:55+00:00,2025-11-30T03:51:55+00:00,23400
M2,C02,2025-11-30T03:51:55+00:00,2025-11-30T04:21:55+00:00,1800
M2,C02,2025-11-30T04:21:55+00:00,2025-11-30T04:51:55+00:00,1800
M2,C02,2025-11-30T04:51:55+00:00,2025-11-30T06:51:55+00:00,7200
M2,C02,2025-11-30T06:51:55+00:00,2025-11-30T12:06:55+00:00,18900
M2,C02,2025-11-30T12:06:55+00:00,2025-11-30T19:21:55+00:00,26100
M2,C02,2025-11-30T19:21:55+00:00,2025-11-30T20:21:55+00:00,3600
M2,C02,2025-11-30T20:21:55+00:00,2025-11-30T21:21:55+00:00,3600
M2,C02,2025-11-30T21:21:55+00:00,2025-11-30T22:21:55+00:00,3600
M2,C02,2025-11-30T22:21:55+00:00,2025-11-30T23:21:55+00:00,3600
M2,C02,2025-11-30T23:21:55+00:00,2025-12-01T00:21:55+00:00,3600
M2,C02,2025-12-01T00:21:55+00:00,2025-12-01T03:21:55+00:00,10800
M2,C02,2025-12-01T03:21:55+00:00,2025-12-01T13:51:56+00:00,37801
M2,C02,2025-12-01T13:51:56+00:00,2025-12-01T16:06:56+00:00,8100
M2,C02,2025-12-01T16:06:56+00:00,2025-12-01T21:21:56+00:00,18900
M2,C02,2025-12-01T21:21:56+00:00,2025-12-01T22:51:56+00:00,5400
M2,C02,2025-12-01T22:51:56+00:00,2025-12-02T06:06:56+00:00,26100
M2,C02,2025-12-02T06:06:56+00:00,2025-12-02T12:06:56+00:00,21600
M2,C02,2025-12-02T12:06:56+00:00,2025-12-02T19:23:56+00:00,26220
M2,C02,2025-12-02T19:23:56+00:00,2025-12-03T02:21:56+00:00,25080
M2,C02,2025-12-03T02:21:56+00:00,2025-12-03T16:23:56+00:00,50520
M2,C02,2025-12-03T16:23:56+00:00,2025-12-03T16:53:56+00:00,1800
M2,C02,2025-12-03T16:53:56+00:00,2025-12-04T00:36:56+00:00,27780
M2,C02,2025-12-04T00:36:56+00:00,2025-12-04T07:51:56+00:00,26100
M2,C02,2025-12-04T07:51:56+00:00,2025-12-04T09:51:56+00:00,7200
M2,C02,2025-12-04T09:51:56+00:00,2025-12-04T14:21:56+00:00,16200
M2,C02,2025-12-04T14:21:56+00:00,2025-12-04T18:21:56+00:00,14400
M2,C02,2025-12-04T18:36:56+00:00,2025-12-04T21:51:56+00:00,11700
M2,C02,2025-12-04T21:51:56+00:00,2025-12-04T23:21:56+00:00,5400
M2,C02,2025-12-04T23:21:56+00:00,2025-12-05T01:36:56+00:00,8100
M2,C02,2025-12-05T01:36:56+00:00,2025-12-05T14:06:56+00:00,45000
M2,C02,2025-12-05T14:06:56+00:00,2025-12-05T23:51:56+00:00,35100
M2,C02,2025-12-05T23:51:56+00:00,2025-12-06T02:21:56+00:00,9000
M2,C02,2025-12-06T02:36:56+00:00,2025-12-06T05:21:56+00:00,9900
M2,C02,2025-12-06T05:21:56+00:00,2025-12-06T07:51:56+00:00,9000
M2,C02,2025-12-06T07:51:56+00:00,2025-12-06T10:36:56+00:00,9900
M2,C02,2025-12-06T10:36:56+00:00,2025-12-06T12:51:56+00:00,8100
M2,C02,2025-12-06T12:51:56+00:00,2025-12-07T01:06:56+00:00,44100
M2,C02,2025-12-07T01:06:56+00:00,2025-12-07T11:06:57+00:00,36001
M2,C02,2025-12-07T11:06:57+00:00,2025-12-07T16:06:57+00:00,18000
M2,C02,2025-12-07T16:06:57+00:00,2025-12-08T01:51:57+00:00,35100
M2,C02,2025-12-08T01:51:57+00:00,2025-12-08T05:51:57+00:00,14400
M2,C02,2025-12-08T05:51:57+00:00,2025-12-08T06:36:57+00:00,2700
M2,C02,2025-12-08T06:36:57+00:00,2025-12-09T05:36:57+00:00,82800
M2,C02,2025-12-09T05:36:57+00:00,2025-12-09T14:05:57+00:00,30540
M2,C02,2025-12-09T14:05:57+00:00,2025-12-10T04:06:54+00:00,50457
M2,C02,2025-12-10T04:06:54+00:00,2025-12-10T06:21:54+00:00,8100
M2,C02,2025-12-10T06:21:54+00:00,2025-12-11T02:51:55+00:00,73801
M2,C02,2025-12-11T02:51:55+00:00,2025-12-11T08:21:55+00:00,19800
M2,C02,2025-12-11T08:21:55+00:00,2025-12-11T16:21:55+00:00,28800
M2,C02,2025-12-11T16:21:55+00:00,2025-12-12T02:21:55+00:00,36000
M2,C02,2025-12-12T02:21:55+00:00,2025-12-12T08:21:55+00:00,21600
M2,C02,2025-12-12T08:21:55+00:00,2025-12-12T09:36:55+00:00,4500
M2,C02,2025-12-12T09:36:55+00:00,2025-12-12T14:21:55+00:00,17100
M2,C02,2025-12-12T14:21:55+00:00,2025-12-13T08:21:55+00:00,64800
M2,C02,2025-12-13T08:21:55+00:00,2025-12-13T11:36:55+00:00,11700
M2,C02,2025-12-13T11:36:55+00:00,2025-12-14T00:21:55+00:00,45900
M2,C02,2025-12-14T00:21:55+00:00,2025-12-14T02:51:55+00:00,9000
M2,C02,2025-12-14T02:51:55+00:00,2025-12-14T05:51:55+00:00,10800
M2,C02,2025-12-14T05:51:55+00:00,2025-12-14T09:36:55+00:00,13500
M2,C02,2025-12-14T09:36:55+00:00,2025-12-14T13:06:55+00:00,12600
M2,C02,2025-12-14T13:06:55+00:00,2025-12-14T15:51:55+00:00,9900
M2,C02,2025-12-14T15:51:55+00:00,2025-12-15T04:51:55+00:00,46800
M2,C02,2025-12-15T04:51:55+00:00,2025-12-15T11:36:55+00:00,24300
M2,C02,2025-12-15T11:36:55+00:00,2025-12-15T14:23:55+00:00,10020
M2,C02,2025-12-15T14:23:55+00:00,2025-12-15T15:36:55+00:00,4380
M2,C02,2025-12-15T15:36:55+00:00,2025-12-16T00:36:55+00:00,32400
M2,C02,2025-12-16T00:51:55+00:00,2025-12-16T11:21:56+00:00,37801
M2,C02,2025-12-16T11:21:56+00:00,2025-12-17T01:06:56+00:00,49500
M2,C02,2025-12-17T01:06:56+00:00,2025-12-17T15:21:56+00:00,51300
M2,C02,2025-12-17T15:21:56+00:00,2025-12-18T01:06:56+00:00,35100
M2,C02,2025-12-18T01:06:56+00:00,2025-12-18T10:51:56+00:00,35100
M2,C02,2025-12-18T10:51:56+00:00,2025-12-18T16:05:56+00:00,18840
M2,C02,2025-12-18T16:05:56+00:00,2025-12-18T17:05:56+00:00,3600
M2,C02,2025-12-18T17:05:56+00:00,2025-12-19T10:06:56+00:00,61260
M2,C02,2025-12-19T10:06:56+00:00,2025-12-19T10:36:56+00:00,1800
M2,C02,2025-12-19T10:36:56+00:00,2025-12-19T17:21:56+00:00,24300
M2,C02,2025-12-19T17:21:56+00:00,2025-12-20T00:51:56+00:00,27000
M2,C02,2025-12-20T00:51:56+00:00,2025-12-20T03:21:56+00:00,9000
M2,C02,2025-12-20T03:21:56+00:00,2025-12-20T04:21:56+00:00,3600
M2,C02,2025-12-20T04:21:56+00:00,2025-12-20T07:36:56+00:00,11700
M2,C02,2025-12-20T07:36:56+00:00,2025-12-20T09:06:56+00:00,5400
M2,C02,2025-12-20T09:06:56+00:00,2025-12-20T11:36:56+00:00,9000
M2,C02,2025-12-20T11:36:56+00:00,2025-12-20T12:51:56+00:00,4500
M2,C02,2025-12-20T12:51:56+00:00,2025-12-21T01:21:56+00:00,45000
M2,C02,2025-12-21T01:21:56+00:00,2025-12-21T12:21:56+00:00,39600
M2,C02,2025-12-21T12:21:56+00:00,2025-12-21T15:36:56+00:00,11700
M2,C02,2025-12-21T15:36:56+00:00,2025-12-21T17:36:56+00:00,7200
M2,C02,2025-12-21T17:36:56+00:00,2025-12-22T05:06:56+00:00,41400
M2,C02,2025-12-22T05:06:56+00:00,2025-12-22T07:36:56+00:00,9000
M2,C02,2025-12-22T07:36:56+00:00,2025-12-23T05:51:54+00:00,80098
M2,C02,2025-12-23T05:51:54+00:00,2025-12-23T14:06:55+00:00,29701
M2,C02,2025-12-23T14:06:55+00:00,2025-12-23T14:36:55+00:00,1800
M2,C02,2025-12-23T14:36:55+00:00,2025-12-23T15:06:55+00:00,1800
M2,C02,2025-12-23T15:06:55+00:00,2025-12-23T21:51:55+00:00,24300
M2,C02,2025-12-23T21:51:55+00:00,2025-12-24T00:51:55+00:00,10800
M2,C02,2025-12-24T00:51:55+00:00,2025-12-24T07:36:55+00:00,24300
M2,C02,2025-12-24T07:36:55+00:00,2025-12-24T10:51:55+00:00,11700
M2,C02,2025-12-24T10:51:55+00:00,2025-12-24T12:21:55+00:00,5400
M2,C02,2025-12-24T12:36:55+00:00,2025-12-24T14:06:55+00:00,5400
M2,C02,2025-12-24T14:06:55+00:00,2025-12-25T07:51:55+00:00,63900
M2,C02,2025-12-25T07:51:55+00:00,2025-12-25T15:36:55+00:00,27900
M2,C02,2025-12-25T15:36:55+00:00,2025-12-26T01:51:55+00:00,36900
M2,C02,2025-12-26T01:51:55+00:00,2025-12-26T14:51:55+00:00,46800
M2,C02,2025-12-26T14:51:55+00:00,2025-12-26T22:36:55+00:00,27900
M2,C02,2025-12-26T22:36:55+00:00,2025-12-27T02:51:55+00:00,15300
M2,C02,2025-12-27T02:51:55+00:00,2025-12-27T04:51:55+00:00,7200
M2,C02,2025-12-27T04:51:55+00:00,2025-12-27T06:06:55+00:00,4500
M2,C02,2025-12-27T06:06:55+00:00,2025-12-27T12:21:55+00:00,22500
M2,C02,2025-12-27T12:21:55+00:00,2025-12-27T15:06:55+00:00,9900
M2,C02,2025-12-27T15:06:55+00:00,2025-12-27T16:36:55+00:00,5400
M2,C02,2025-12-27T16:36:55+00:00,2025-12-28T03:06:55+00:00,37800
M2,C02,2025-12-28T03:06:55+00:00,2025-12-28T07:36:55+00:00,16200
M2,C02,2025-12-28T07:36:55+00:00,2025-12-28T10:36:55+00:00,10800
M2,C02,2025-12-28T10:36:55+00:00,2025-12-29T02:36:55+00:00,57600
M2,C02,2025-12-29T02:36:55+00:00,2025-12-29T04:36:55+00:00,7200
M2,C02,2025-12-29T04:36:55+00:00,2025-12-29T12:06:56+00:00,27001
M2,C02,2025-12-29T12:06:56+00:00,2025-12-29T12:51:56+00:00,2700
M2,C02,2025-12-29T12:51:56+00:00,2025-12-29T17:06:56+00:00,15300
M2,C02,2025-12-29T17:06:56+00:00,2025-12-30T07:36:56+00:00,52200
M2,C02,2025-12-30T07:36:56+00:00,2025-12-30T16:06:56+00:00,30600
M2,C02,2025-12-30T16:06:56+00:00,2025-12-31T21:36:56+00:00,106200
M2,C02,2025-12-31T21:36:56+00:00,2025-12-31T22:51:56+00:00,4500
M2,C02,2025-12-31T22:51:56+00:00,2026-01-01T02:21:56+00:00,12600
M2,C02,2026-01-01T02:21:56+00:00,2026-01-01T08:36:56+00:00,22500
M2,C02,2026-01-01T08:36:56+00:00,2026-01-01T11:21:56+00:00,9900
M2,C02,2026-01-01T11:21:56+00:00,2026-01-02T03:21:56+00:00,57600
M2,C02,2026-01-02T03:21:56+00:00,2026-01-03T17:06:56+00:00,135900
M2,C02,2026-01-03T17:06:56+00:00,2026-01-04T07:36:56+00:00,52200
M2,C02,2026-01-04T07:36:56+00:00,2026-01-04T08:21:56+00:00,2700
M2,C02,2026-01-04T08:21:56+00:00,2026-01-04T09:36:56+00:00,4500
M2,C02,2026-01-04T09:36:56+00:00,2026-01-04T13:21:57+00:00,13501
M2,C02,2026-01-04T13:21:57+00:00,2026-01-04T14:51:57+00:00,5400
M2,C02,2026-01-04T14:51:57+00:00,2026-01-05T12:21:57+00:00,77400
M2,C02,2026-01-05T12:21:57+00:00,2026-01-05T15:53:56+00:00,12719
M2,C02,2026-01-05T15:53:56+00:00,2026-01-06T03:21:54+00:00,41278
M2,C02,2026-01-06T03:21:54+00:00,2026-01-06T04:06:54+00:00,2700
M2,C02,2026-01-06T04:06:54+00:00,2026-01-06T06:21:54+00:00,8100
M2,C02,2026-01-06T06:21:54+00:00,2026-01-06T07:06:54+00:00,2700
M2,C02,2026-01-06T07:06:54+00:00,2026-01-06T16:05:55+00:00,32341
M2,C02,2026-01-06T16:05:55+00:00,2026-01-07T02:06:55+00:00,36060
M2,C02,2026-01-07T02:06:55+00:00,2026-01-07T03:06:55+00:00,3600
M2,C02,2026-01-07T03:06:55+00:00,2026-01-07T05:21:55+00:00,8100
M2,C02,2026-01-07T05:21:55+00:00,2026-01-07T11:51:55+00:00,23400
M2,C02,2026-01-07T11:51:55+00:00,2026-01-08T02:21:55+00:00,52200
M2,C02,2026-01-08T02:21:55+00:00,2026-01-08T08:36:55+00:00,22500
M2,C02,2026-01-08T08:36:55+00:00,2026-01-08T15:21:55+00:00,24300
M2,C02,2026-01-08T15:21:55+00:00,2026-01-08T22:21:55+00:00,25200
M2,C02,2026-01-08T22:21:55+00:00,2026-01-08T23:51:55+00:00,5400
M2,C02,2026-01-08T23:51:55+00:00,2026-01-10T01:21:55+00:00,91800
M2,C02,2026-01-10T01:21:55+00:00,2026-01-10T03:06:55+00:00,6300
M2,C02,2026-01-10T03:06:55+00:00,2026-01-10T04:51:55+00:00,6300
M2,C02,2026-01-10T04:51:55+00:00,2026-01-10T05:51:55+00:00,3600
M2,C02,2026-01-10T05:51:55+00:00,2026-01-10T10:36:55+00:00,17100
M2,C02,2026-01-10T10:36:55+00:00,2026-01-11T04:36:55+00:00,64800
M2,C02,2026-01-11T04:36:55+00:00,2026-01-11T07:36:55+00:00,10800
M2,C02,2026-01-11T07:51:55+00:00,2026-01-11T11:06:55+00:00,11700
M2,C02,2026-01-11T11:06:55+00:00,2026-01-11T15:06:55+00:00,14400
M2,C02,2026-01-11T15:06:55+00:00,2026-01-13T02:21:56+00:00,126901
M2,C02,2026-01-13T02:36:56+00:00,2026-01-13T07:21:56+00:00,17100
M2,C02,2026-01-13T07:21:56+00:00,2026-01-14T05:36:56+00:00,80100
M2,C02,2026-01-14T05:36:56+00:00,2026-01-14T07:21:56+00:00,6300
M2,C02,2026-01-14T07:21:56+00:00,2026-01-15T04:36:56+00:00,76500
M2,C02,2026-01-15T04:36:56+00:00,2026-01-15T11:36:56+00:00,25200
M2,C02,2026-01-15T11:36:56+00:00,2026-01-15T14:06:56+00:00,9000
M2,C02,2026-01-15T14:06:56+00:00,2026-01-16T05:21:56+00:00,54900
M2,C02,2026-01-16T05:21:56+00:00,2026-01-16T06:06:56+00:00,2700
M2,C02,2026-01-16T06:06:56+00:00,2026-01-16T07:06:56+00:00,3600
M2,C02,2026-01-16T07:06:56+00:00,2026-01-17T10:36:56+00:00,99000
M2,C02,2026-01-17T10:36:56+00:00,2026-01-17T11:51:56+00:00,4500
M2,C02,2026-01-17T11:51:56+00:00,2026-01-18T04:21:56+00:00,59400
M2,C02,2026-01-18T04:21:56+00:00,2026-01-18T12:51:57+00:00,30601
M2,C02,2026-01-18T12:51:57+00:00,2026-01-19T08:51:57+00:00,72000
M2,C02,2026-01-19T08:51:57+00:00,2026-01-19T13:36:57+00:00,17100
M2,C02,2026-01-19T13:36:57+00:00,2026-01-20T09:36:55+00:00,71998
M2,C02,2026-01-20T09:36:55+00:00,2026-01-20T15:36:55+00:00,21600
M2,C02,2026-01-20T15:36:55+00:00,2026-01-21T08:51:55+00:00,62100
M2,C02,2026-01-21T08:51:55+00:00,2026-01-22T12:51:55+00:00,100800
M2,C02,2026-01-22T12:51:55+00:00,2026-01-23T08:06:55+00:00,69300
M2,C02,2026-01-23T08:06:55+00:00,2026-01-24T08:51:55+00:00,89100
M2,C02,2026-01-24T08:51:55+00:00,2026-01-24T10:51:55+00:00,7200
M2,C02,2026-01-24T10:51:55+00:00,2026-01-25T03:21:55+00:00,59400
M2,C02,2026-01-25T03:21:55+00:00,2026-01-25T12:36:55+00:00,33300
M2,C02,2026-01-25T12:36:55+00:00,2026-01-26T06:36:55+00:00,64800
M2,C02,2026-01-26T06:36:55+00:00,2026-01-26T10:06:56+00:00,12601
M2,C02,2026-01-26T10:06:56+00:00,2026-01-26T13:51:56+00:00,13500
M2,C02,2026-01-26T13:51:56+00:00,2026-01-29T15:23:56+00:00,264720
M2,C02,2026-01-29T15:23:56+00:00,2026-01-30T12:21:56+00:00,75480
M2,C02,2026-01-30T12:36:56+00:00,2026-02-04T14:06:55+00:00,437399
M2,C02,2026-02-04T14:06:55+00:00,2026-02-07T12:36:55+00:00,253800
M2,C02,2026-02-07T12:36:55+00:00,2026-02-07T13:36:55+00:00,3600
M2,C02,2026-02-07T13:51:55+00:00,2026-02-07T14:36:55+00:00,2700
M2,C02,2026-02-07T14:36:55+00:00,2026-02-09T08:36:56+00:00,151201
M2,C02,2026-02-09T08:36:56+00:00,2026-02-09T09:21:56+00:00,2700
M2,C02,2026-02-09T09:21:56+00:00,2026-02-10T15:21:56+00:00,108000
M2,C02,2026-02-10T15:21:56+00:00,2026-02-11T12:36:56+00:00,76500
M2,C02,2026-02-11T12:36:56+00:00,2026-02-11T14:51:56+00:00,8100
M2,C02,2026-02-11T14:51:56+00:00,2026-02-11T15:21:56+00:00,1800
M2,C02,2026-02-11T15:21:56+00:00,2026-02-11T16:21:56+00:00,3600
M2,C02,2026-02-11T16:21:56+00:00,2026-02-14T05:06:56+00:00,218700
M2,C02,2026-02-14T05:06:56+00:00,2026-02-14T14:21:56+00:00,33300
M2,C02,2026-02-14T14:21:56+00:00,2026-02-15T09:51:57+00:00,70201
M2,C02,2026-02-15T09:51:57+00:00,2026-02-16T16:06:54+00:00,108897
M2,C02,2026-02-16T16:06:54+00:00,2026-02-17T04:36:54+00:00,45000
M2,C02,2026-02-17T04:36:54+00:00,2026-02-17T07:21:54+00:00,9900
M2,C02,2026-02-17T07:21:54+00:00,2026-02-18T02:21:55+00:00,68401
M2,C02,2026-02-18T02:21:55+00:00,2026-02-18T16:06:55+00:00,49500
M2,C02,2026-02-18T16:06:55+00:00,2026-02-20T00:06:55+00:00,115200
M2,C02,2026-02-20T00:06:55+00:00,2026-02-20T09:36:55+00:00,34200
M2,C02,2026-02-20T09:36:55+00:00,2026-02-20T12:21:55+00:00,9900
M2,C02,2026-02-20T12:21:55+00:00,2026-02-20T12:51:55+00:00,1800
M2,C02,2026-02-20T12:51:55+00:00,2026-02-21T02:21:55+00:00,48600
M2,C02,2026-02-21T02:21:55+00:00,2026-02-21T04:36:55+00:00,8100
M2,C02,2026-02-21T04:36:55+00:00,2026-02-21T08:21:55+00:00,13500
M2,C02,2026-02-21T08:21:55+00:00,2026-02-21T10:21:55+00:00,7200
M2,C02,2026-02-21T10:21:55+00:00,2026-02-22T04:51:55+00:00,66600
M2,C02,2026-02-22T04:51:55+00:00,2026-02-22T10:06:55+00:00,18900
M2,C02,2026-02-22T10:06:55+00:00,2026-02-22T10:36:55+00:00,1800
M2,C02,2026-02-22T10:36:55+00:00,2026-02-22T14:21:55+00:00,13500
M2,C02,2026-02-22T14:36:55+00:00,2026-02-23T14:36:56+00:00,86401
M2,C02,2026-02-23T14:36:56+00:00,2026-02-25T10:06:56+00:00,156600
M2,C02,2026-02-25T10:06:56+00:00,2026-02-27T04:36:56+00:00,153000
M2,C02,2026-02-27T04:36:56+00:00,2026-03-06T12:51:55+00:00,634499
M2,C02,2026-03-06T12:51:55+00:00,2026-03-07T12:21:55+00:00,84600
M2,C07,2022-08-10T18:51:55+00:00,2022-08-10T19:21:55+00:00,1800
M2,C07,2022-08-13T22:23:54+00:00,2022-08-13T22:51:54+00:00,1680
M2,C07,2022-08-13T23:14:54+00:00,2022-08-13T23:51:54+00:00,2220
M2,C07,2022-08-14T22:56:55+00:00,2022-08-14T23:21:55+00:00,1500
M2,C07,2022-08-15T00:25:55+00:00,2022-08-15T00:51:55+00:00,1560
M2,C07,2022-08-15T21:20:55+00:00,2022-08-15T21:51:55+00:00,1860
M2,C07,2022-08-17T00:45:55+00:00,2022-08-17T01:21:55+00:00,2160
M2,C07,2022-08-24T13:24:55+00:00,2022-08-24T13:51:55+00:00,1620
M2,C07,2022-08-25T11:51:55+00:00,2022-08-25T12:24:55+00:00,1980
M2,C07,2022-08-25T18:54:54+00:00,2022-08-25T19:24:54+00:00,1800
M2,C07,2022-08-26T18:51:55+00:00,2022-08-26T19:21:55+00:00,1800
M2,C07,2022-08-29T16:19:54+00:00,2022-08-29T17:51:54+00:00,5520
M2,C07,2022-08-29T18:54:54+00:00,2022-08-29T19:24:54+00:00,1800
M2,C07,2022-08-29T19:24:54+00:00,2022-08-29T19:51:54+00:00,1620
M2,C07,2022-09-02T08:56:57+00:00,2022-09-02T09:21:55+00:00,1498
M2,C07,2022-09-03T08:56:57+00:00,2022-09-03T09:21:54+00:00,1497
M2,C07,2022-09-06T20:51:54+00:00,2022-09-06T21:21:54+00:00,1800
M2,C07,2022-09-07T16:24:55+00:00,2022-09-07T16:51:55+00:00,1620
M2,C07,2022-09-08T15:54:55+00:00,2022-10-13T16:24:55+00:00,3025800
M2,C07,2022-10-13T20:24:55+00:00,2022-10-13T20:51:55+00:00,1620
M2,C07,2022-10-17T02:14:55+00:00,2022-10-17T02:51:55+00:00,2220
M2,C07,2022-10-18T15:24:55+00:00,2022-10-18T15:51:55+00:00,1620
M2,C07,2022-10-31T21:24:55+00:00,2022-10-31T21:51:55+00:00,1620
M2,C07,2022-11-07T19:49:54+00:00,2022-11-08T01:35:54+00:00,20760
M2,C07,2022-11-15T20:24:55+00:00,2022-11-15T20:51:55+00:00,1620
M2,C07,2022-11-16T16:51:55+00:00,2023-01-04T18:36:55+00:00,4239900
M2,C07,2023-01-11T20:51:55+00:00,2023-01-11T21:24:55+00:00,1980
M2,C07,2023-01-11T23:54:55+00:00,2023-01-12T00:23:55+00:00,1740
M2,C07,2023-01-23T06:06:55+00:00,2023-01-23T06:36:55+00:00,1800
M2,C07,2023-01-23T13:36:55+00:00,2023-01-23T14:06:55+00:00,1800
M2,C07,2023-01-24T07:36:55+00:00,2023-01-24T08:06:55+00:00,1800
M2,C07,2023-01-24T11:06:55+00:00,2023-01-24T11:36:55+00:00,1800
M2,C07,2023-01-24T11:36:55+00:00,2023-01-24T12:06:55+00:00,1800
M2,C07,2023-01-24T12:36:55+00:00,2023-01-24T13:06:55+00:00,1800
M2,C07,2023-01-24T18:21:55+00:00,2023-01-24T18:54:55+00:00,1980
M2,C07,2023-01-24T19:23:55+00:00,2023-01-24T19:51:55+00:00,1680
M2,C07,2023-01-26T08:06:55+00:00,2023-01-26T08:36:55+00:00,1800
M2,C07,2023-01-26T11:06:55+00:00,2023-01-26T11:36:55+00:00,1800
M2,C07,2023-01-27T06:06:55+00:00,2023-01-27T06:36:55+00:00,1800
M2,C07,2023-01-27T06:36:55+00:00,2023-01-27T07:06:55+00:00,1800
M2,C07,2023-01-27T07:36:55+00:00,2023-01-27T08:06:55+00:00,1800
M2,C07,2023-01-28T02:36:56+00:00,2023-01-28T03:06:56+00:00,1800
M2,C07,2023-01-28T11:06:56+00:00,2023-01-28T11:36:56+00:00,1800
M2,C07,2023-01-29T04:06:56+00:00,2023-01-29T04:36:56+00:00,1800
M2,C07,2023-01-29T11:06:56+00:00,2023-01-29T11:36:56+00:00,1800
M2,C07,2023-01-29T13:06:56+00:00,2023-01-29T13:36:56+00:00,1800
M2,C07,2023-01-30T05:36:54+00:00,2023-01-30T06:06:54+00:00,1800
M2,C07,2023-01-30T08:36:54+00:00,2023-01-30T09:06:54+00:00,1800
M2,C07,2023-01-30T10:06:54+00:00,2023-01-30T10:36:55+00:00,1801
M2,C07,2023-01-30T12:06:55+00:00,2023-01-30T12:36:55+00:00,1800
M2,C07,2023-01-30T13:06:55+00:00,2023-01-30T13:36:55+00:00,1800
M2,C07,2023-01-31T08:36:55+00:00,2023-01-31T09:06:55+00:00,1800
M2,C07,2023-01-31T10:36:55+00:00,2023-01-31T11:06:55+00:00,1800
M2,C07,2023-01-31T12:06:55+00:00,2023-01-31T12:36:55+00:00,1800
M2,C07,2023-02-01T04:36:55+00:00,2023-02-01T05:06:55+00:00,1800
M2,C07,2023-02-01T13:06:55+00:00,2023-02-01T13:36:55+00:00,1800
M2,C07,2023-02-01T13:36:55+00:00,2023-02-01T14:06:55+00:00,1800
M2,C07,2023-02-02T10:36:55+00:00,2023-02-02T11:06:55+00:00,1800
M2,C07,2023-02-05T05:36:55+00:00,2023-02-05T06:06:55+00:00,1800
M2,C07,2023-02-05T09:36:55+00:00,2023-02-05T10:06:55+00:00,1800
M2,C07,2023-02-06T04:06:56+00:00,2023-02-06T04:36:56+00:00,1800
M2,C07,2023-02-06T04:36:56+00:00,2023-02-06T05:06:56+00:00,1800
M2,C07,2023-02-06T05:36:56+00:00,2023-02-06T06:06:56+00:00,1800
M2,C07,2023-02-06T08:06:56+00:00,2023-02-06T08:36:56+00:00,1800
M2,C07,2023-02-06T18:06:56+00:00,2023-02-06T18:36:56+00:00,1800
M2,C07,2023-02-07T08:36:56+00:00,2023-02-07T09:21:56+00:00,2700
M2,C07,2023-02-07T09:36:56+00:00,2023-02-07T10:06:56+00:00,1800
M2,C07,2023-02-07T12:06:56+00:00,2023-02-07T12:36:56+00:00,1800
M2,C07,2023-02-07T13:54:56+00:00,2023-02-07T14:24:56+00:00,1800
M2,C07,2023-02-07T15:54:56+00:00,2023-02-07T16:23:56+00:00,1740
M2,C07,2023-02-07T16:54:56+00:00,2023-02-07T17:24:56+00:00,1800
M2,C07,2023-02-07T22:36:56+00:00,2023-02-07T23:04:56+00:00,1680
M2,C07,2023-02-08T05:21:56+00:00,2023-02-08T05:51:56+00:00,1800
M2,C07,2023-02-08T07:36:56+00:00,2023-02-08T08:06:56+00:00,1800
M2,C07,2023-02-08T09:06:56+00:00,2023-02-08T09:36:56+00:00,1800
M2,C07,2023-02-08T09:36:56+00:00,2023-02-08T10:06:56+00:00,1800
M2,C07,2023-02-08T11:06:56+00:00,2023-02-08T11:36:56+00:00,1800
M2,C07,2023-02-08T12:36:56+00:00,2023-02-08T13:06:56+00:00,1800
M2,C07,2023-02-08T14:36:56+00:00,2023-02-08T15:06:56+00:00,1800
M2,C07,2023-02-09T04:06:56+00:00,2023-02-09T04:36:56+00:00,1800
M2,C07,2023-02-09T10:06:56+00:00,2023-02-09T10:36:56+00:00,1800
M2,C07,2023-02-09T11:36:56+00:00,2023-02-09T12:06:56+00:00,1800
M2,C07,2023-02-09T18:36:54+00:00,2023-02-09T18:59:54+00:00,1380
M2,C07,2023-02-10T05:36:54+00:00,2023-02-10T06:06:54+00:00,1800
M2,C07,2023-02-10T10:06:55+00:00,2023-02-10T10:36:55+00:00,1800
M2,C07,2023-02-11T03:06:55+00:00,2023-02-11T03:36:55+00:00,1800
M2,C07,2023-02-11T06:06:55+00:00,2023-02-11T06:36:55+00:00,1800
M2,C07,2023-02-13T06:06:55+00:00,2023-02-13T06:36:55+00:00,1800
M2,C07,2023-02-13T07:36:55+00:00,2023-02-13T08:06:55+00:00,1800
M2,C07,2023-02-13T08:06:55+00:00,2023-02-13T08:36:55+00:00,1800
M2,C07,2023-02-13T11:06:55+00:00,2023-02-13T11:36:55+00:00,1800
M2,C07,2023-02-13T12:06:55+00:00,2023-02-13T12:36:55+00:00,1800
M2,C07,2023-02-13T15:21:55+00:00,2023-02-13T15:51:55+00:00,1800
M2,C07,2023-02-13T17:06:55+00:00,2023-02-13T17:36:55+00:00,1800
M2,C07,2023-02-14T11:06:55+00:00,2023-02-14T11:36:55+00:00,1800
M2,C07,2023-02-14T11:51:55+00:00,2023-02-14T12:36:55+00:00,2700
M2,C07,2023-02-14T12:36:55+00:00,2023-02-14T13:06:55+00:00,1800
M2,C07,2023-02-14T13:36:55+00:00,2023-02-14T14:06:55+00:00,1800
M2,C07,2023-02-14T19:06:55+00:00,2023-02-14T19:36:55+00:00,1800
M2,C07,2023-02-15T03:06:55+00:00,2023-02-15T03:36:55+00:00,1800
M2,C07,2023-02-15T04:36:55+00:00,2023-02-15T05:06:55+00:00,1800
M2,C07,2023-02-15T06:36:55+00:00,2023-02-15T07:06:55+00:00,1800
M2,C07,2023-02-15T09:06:55+00:00,2023-02-15T09:36:55+00:00,1800
M2,C07,2023-02-15T10:06:55+00:00,2023-02-15T10:36:55+00:00,1800
M2,C07,2023-02-15T11:06:55+00:00,2023-02-15T11:36:55+00:00,1800
M2,C07,2023-02-15T13:36:55+00:00,2023-02-15T14:06:55+00:00,1800
M2,C07,2023-02-16T04:06:55+00:00,2023-02-16T04:36:55+00:00,1800
M2,C07,2023-02-16T09:36:55+00:00,2023-02-16T10:06:55+00:00,1800
M2,C07,2023-02-16T11:36:55+00:00,2023-02-16T12:06:55+00:00,1800
M2,C07,2023-02-16T13:06:55+00:00,2023-02-16T13:36:55+00:00,1800
M2,C07,2023-02-16T13:36:55+00:00,2023-02-16T14:06:55+00:00,1800
M2,C07,2023-02-16T17:51:55+00:00,2023-02-16T18:21:55+00:00,1800
M2,C07,2023-02-17T07:36:56+00:00,2023-02-17T08:06:56+00:00,1800
M2,C07,2023-02-17T08:36:56+00:00,2023-02-17T09:06:56+00:00,1800
M2,C07,2023-02-17T11:51:56+00:00,2023-02-17T12:21:56+00:00,1800
M2,C07,2023-02-17T12:36:56+00:00,2023-02-17T13:06:56+00:00,1800
M2,C07,2023-02-17T13:06:56+00:00,2023-02-17T13:36:56+00:00,1800
M2,C07,2023-02-17T16:06:56+00:00,2023-02-17T16:36:56+00:00,1800
M2,C07,2023-02-17T16:36:56+00:00,2023-02-17T17:06:56+00:00,1800
M2,C07,2023-02-18T05:36:56+00:00,2023-02-18T06:06:56+00:00,1800
M2,C07,2023-02-18T10:06:56+00:00,2023-02-18T10:36:56+00:00,1800
M2,C07,2023-02-19T03:36:56+00:00,2023-02-19T04:06:56+00:00,1800
M2,C07,2023-02-19T05:06:56+00:00,2023-02-19T05:36:56+00:00,1800
M2,C07,2023-02-19T15:06:56+00:00,2023-02-19T15:36:56+00:00,1800
M2,C07,2023-02-20T04:36:56+00:00,2023-02-20T05:06:56+00:00,1800
M2,C07,2023-02-20T05:06:56+00:00,2023-02-20T05:36:56+00:00,1800
M2,C07,2023-02-20T06:06:56+00:00,2023-02-20T06:36:56+00:00,1800
M2,C07,2023-02-20T08:06:56+00:00,2023-02-20T08:36:56+00:00,1800
M2,C07,2023-02-20T10:06:56+00:00,2023-02-20T10:36:56+00:00,1800
M2,C07,2023-02-20T10:36:56+00:00,2023-02-20T11:06:56+00:00,1800
M2,C07,2023-02-20T11:06:56+00:00,2023-02-20T11:36:56+00:00,1800
M2,C07,2023-02-20T17:06:56+00:00,2023-02-20T17:36:56+00:00,1800
M2,C07,2023-02-20T19:06:56+00:00,2023-02-20T20:36:56+00:00,5400
M2,C07,2023-02-22T14:06:55+00:00,2023-02-22T14:36:55+00:00,1800
M2,C07,2023-02-24T08:06:55+00:00,2023-02-24T08:36:55+00:00,1800
M2,C07,2023-02-25T13:06:55+00:00,2023-02-25T13:36:55+00:00,1800
M2,C07,2023-02-27T07:36:55+00:00,2023-02-27T08:06:55+00:00,1800
M2,C07,2023-02-27T12:36:55+00:00,2023-02-27T13:06:55+00:00,1800
M2,C07,2023-02-27T15:36:55+00:00,2023-02-27T16:06:55+00:00,1800
M2,C07,2023-02-27T17:21:55+00:00,2023-02-27T17:54:55+00:00,1980
M2,C07,2023-02-27T19:06:55+00:00,2023-02-27T19:54:55+00:00,2880
M2,C07,2023-02-28T04:36:55+00:00,2023-02-28T05:06:55+00:00,1800
M2,C07,2023-02-28T11:06:55+00:00,2023-02-28T11:36:55+00:00,1800
M2,C07,2023-02-28T16:21:55+00:00,2023-02-28T16:51:55+00:00,1800
M2,C07,2023-02-28T21:06:55+00:00,2023-02-28T21:36:55+00:00,1800
M2,C07,2023-03-01T03:06:56+00:00,2023-03-01T03:36:56+00:00,1800
M2,C07,2023-03-01T04:06:56+00:00,2023-03-01T04:36:56+00:00,1800
M2,C07,2023-03-01T13:06:56+00:00,2023-03-01T13:36:56+00:00,1800
M2,C07,2023-03-01T17:59:56+00:00,2023-03-01T18:36:56+00:00,2220
M2,C07,2023-03-02T03:06:56+00:00,2023-03-02T03:36:56+00:00,1800
M2,C07,2023-03-02T04:06:56+00:00,2023-03-02T04:36:56+00:00,1800
M2,C07,2023-03-02T21:06:56+00:00,2023-03-02T21:51:56+00:00,2700
M2,C07,2023-03-03T21:06:56+00:00,2023-03-03T21:51:56+00:00,2700
M2,C07,2023-03-04T21:06:56+00:00,2023-03-04T21:51:56+00:00,2700
M2,C07,2023-03-05T21:06:56+00:00,2023-03-05T21:51:56+00:00,2700
M2,C07,2023-03-06T06:36:56+00:00,2023-03-06T07:06:56+00:00,1800
M2,C07,2023-03-06T10:06:56+00:00,2023-03-06T10:36:56+00:00,1800
M2,C07,2023-03-06T13:36:56+00:00,2023-03-06T14:06:56+00:00,1800
M2,C07,2023-03-06T15:36:56+00:00,2023-03-06T17:21:54+00:00,6298
M2,C07,2023-03-06T21:06:54+00:00,2023-03-06T21:51:54+00:00,2700
M2,C07,2023-03-07T09:06:54+00:00,2023-03-07T09:36:54+00:00,1800
M2,C07,2023-03-07T12:36:55+00:00,2023-03-07T13:06:55+00:00,1800
M2,C07,2023-03-07T21:06:55+00:00,2023-03-07T21:54:55+00:00,2880
M2,C07,2023-03-08T11:06:55+00:00,2023-03-08T11:36:55+00:00,1800
M2,C07,2023-03-08T16:26:55+00:00,2023-03-08T17:36:55+00:00,4200
M2,C07,2023-03-08T21:06:55+00:00,2023-03-08T21:52:25+00:00,2730
M2,C07,2023-03-09T06:07:25+00:00,2023-03-09T06:37:25+00:00,1800
M2,C07,2023-03-09T12:07:25+00:00,2023-03-09T12:37:25+00:00,1800
M2,C07,2023-03-09T21:07:25+00:00,2023-03-09T21:52:25+00:00,2700
M2,C07,2023-03-10T04:07:25+00:00,2023-03-10T04:37:25+00:00,1800
M2,C07,2023-03-10T21:07:25+00:00,2023-03-10T21:52:25+00:00,2700
M2,C07,2023-03-11T08:37:25+00:00,2023-03-11T09:07:25+00:00,1800
M2,C07,2023-03-11T21:07:25+00:00,2023-03-11T21:52:25+00:00,2700
M2,C07,2023-03-12T05:07:25+00:00,2023-03-12T05:37:25+00:00,1800
M2,C07,2023-03-12T21:07:25+00:00,2023-03-12T21:37:25+00:00,1800
M2,C07,2023-03-13T12:37:25+00:00,2023-03-13T13:07:25+00:00,1800
M2,C07,2023-03-13T19:54:25+00:00,2023-03-13T20:22:25+00:00,1680
M2,C07,2023-03-13T21:07:26+00:00,2023-03-13T21:37:26+00:00,1800
M2,C07,2023-03-14T21:07:26+00:00,2023-03-14T21:37:26+00:00,1800
M2,C07,2023-03-15T06:07:26+00:00,2023-03-15T06:37:26+00:00,1800
M2,C07,2023-03-15T08:07:26+00:00,2023-03-15T08:37:26+00:00,1800
M2,C07,2023-03-15T12:37:26+00:00,2023-03-15T13:07:26+00:00,1800
M2,C07,2023-03-15T19:54:26+00:00,2023-03-15T20:22:26+00:00,1680
M2,C07,2023-03-16T10:37:26+00:00,2023-03-16T11:07:26+00:00,1800
M2,C07,2023-03-16T12:52:26+00:00,2023-03-16T13:24:26+00:00,1920
M2,C07,2023-03-17T05:37:26+00:00,2023-03-17T06:07:26+00:00,1800
M2,C07,2023-03-17T07:37:26+00:00,2023-03-17T08:07:26+00:00,1800
M2,C07,2023-03-17T08:07:26+00:00,2023-03-17T08:37:26+00:00,1800
M2,C07,2023-03-17T12:07:26+00:00,2023-03-17T12:37:26+00:00,1800
M2,C07,2023-03-18T08:37:26+00:00,2023-03-18T09:07:26+00:00,1800
M2,C07,2023-03-18T13:07:26+00:00,2023-03-18T13:37:26+00:00,1800
M2,C07,2023-03-19T05:37:26+00:00,2023-03-19T06:07:26+00:00,1800
M2,C07,2023-03-19T10:07:26+00:00,2023-03-19T10:37:26+00:00,1800
M2,C07,2023-03-19T11:07:26+00:00,2023-03-19T11:37:26+00:00,1800
M2,C07,2023-03-20T03:06:54+00:00,2023-03-20T03:36:54+00:00,1800
M2,C07,2023-03-20T14:54:55+00:00,2023-03-20T15:24:55+00:00,1800
M2,C07,2023-03-20T16:54:55+00:00,2023-03-20T17:24:55+00:00,1800
M2,C07,2023-03-21T07:36:55+00:00,2023-03-21T08:06:55+00:00,1800
M2,C07,2023-03-21T08:36:55+00:00,2023-03-21T09:06:55+00:00,1800
M2,C07,2023-03-21T20:51:55+00:00,2023-03-21T21:21:55+00:00,1800
M2,C07,2023-03-24T09:06:55+00:00,2023-03-24T09:36:55+00:00,1800
M2,C07,2023-03-24T10:36:55+00:00,2023-03-24T11:06:55+00:00,1800
M2,C07,2023-03-24T11:36:55+00:00,2023-03-24T12:06:55+00:00,1800
M2,C07,2023-03-26T10:36:55+00:00,2023-03-26T11:06:55+00:00,1800
M2,C07,2023-03-27T07:36:55+00:00,2023-03-27T08:06:55+00:00,1800
M2,C07,2023-03-28T07:36:56+00:00,2023-03-28T08:06:56+00:00,1800
M2,C07,2023-03-28T10:36:56+00:00,2023-03-28T11:06:56+00:00,1800
M2,C07,2023-03-29T06:36:56+00:00,2023-03-29T07:06:56+00:00,1800
M2,C07,2023-03-29T16:06:56+00:00,2023-03-29T16:36:56+00:00,1800
M2,C07,2023-03-30T14:06:56+00:00,2023-03-30T14:36:56+00:00,1800
M2,C07,2023-03-31T05:36:56+00:00,2023-03-31T06:06:56+00:00,1800
M2,C07,2023-03-31T10:36:56+00:00,2023-03-31T11:06:56+00:00,1800
M2,C07,2023-03-31T15:21:56+00:00,2023-04-10T06:36:56+00:00,832500
M2,C07,2023-04-10T08:58:58+00:00,2023-04-10T09:21:56+00:00,1378
M2,C07,2023-04-11T00:54:56+00:00,2023-04-11T01:23:56+00:00,1740
M2,C07,2023-04-11T08:54:57+00:00,2023-04-11T09:24:56+00:00,1799
M2,C07,2023-04-11T18:24:56+00:00,2023-04-11T19:06:54+00:00,2518
M2,C07,2023-04-11T20:06:54+00:00,2023-04-11T20:37:54+00:00,1860
M2,C07,2023-04-17T22:36:54+00:00,2023-04-18T19:51:55+00:00,76501
M2,C07,2023-04-21T16:51:55+00:00,2023-04-21T17:21:55+00:00,1800
M2,C07,2023-05-02T12:09:55+00:00,2023-05-02T14:51:55+00:00,9720
M2,C07,2023-05-04T13:21:55+00:00,2023-05-04T13:51:55+00:00,1800
M2,C07,2023-05-08T20:54:56+00:00,2023-05-08T21:21:56+00:00,1620
M2,C07,2023-05-10T14:54:56+00:00,2023-05-10T15:24:56+00:00,1800
M2,C07,2023-05-31T15:24:55+00:00,2023-05-31T15:53:55+00:00,1740
M2,C07,2023-06-05T11:51:56+00:00,2023-06-05T12:24:56+00:00,1980
M2,C07,2023-06-05T17:54:56+00:00,2023-06-05T18:24:56+00:00,1800
M2,C07,2023-06-05T19:54:56+00:00,2023-06-05T20:24:56+00:00,1800
M2,C07,2023-06-06T12:54:56+00:00,2023-06-06T13:24:56+00:00,1800
M2,C07,2023-06-06T20:24:56+00:00,2023-06-06T20:54:56+00:00,1800
M2,C07,2023-06-12T06:21:55+00:00,2023-06-12T06:51:55+00:00,1800
M2,C07,2023-06-12T07:36:55+00:00,2023-06-12T08:06:55+00:00,1800
M2,C07,2023-06-16T11:51:56+00:00,2023-06-16T12:24:56+00:00,1980
M2,C07,2023-06-16T16:24:56+00:00,2023-06-16T16:51:56+00:00,1620
M2,C07,2023-06-17T13:21:56+00:00,2023-06-21T21:21:57+00:00,374401
M2,C07,2023-06-25T13:06:55+00:00,2023-06-25T14:21:55+00:00,4500
M2,C07,2023-06-28T21:21:55+00:00,2023-06-28T21:51:55+00:00,1800
M2,C07,2023-07-02T00:54:56+00:00,2023-07-02T01:24:56+00:00,1800
M2,C07,2023-07-04T20:37:57+00:00,2023-07-04T21:06:57+00:00,1740
M2,C07,2023-07-06T01:54:57+00:00,2023-07-06T02:24:57+00:00,1800
M2,C07,2023-07-06T04:54:57+00:00,2023-07-06T05:24:57+00:00,1800
M2,C07,2023-07-06T22:37:57+00:00,2023-07-06T23:06:57+00:00,1740
M2,C07,2023-07-07T04:54:57+00:00,2023-07-07T05:24:57+00:00,1800
M2,C07,2023-07-07T06:54:57+00:00,2023-07-07T07:24:57+00:00,1800
M2,C07,2023-07-07T17:51:54+00:00,2023-07-07T18:21:54+00:00,1800
M2,C07,2023-07-08T07:51:55+00:00,2023-07-08T08:21:55+00:00,1800
M2,C07,2023-07-08T23:51:54+00:00,2023-07-09T00:21:54+00:00,1800
M2,C07,2023-07-11T12:21:55+00:00,2023-07-11T12:54:55+00:00,1980
M2,C07,2023-07-11T21:24:55+00:00,2023-07-11T21:51:55+00:00,1620
M2,C07,2023-07-11T22:06:55+00:00,2023-07-11T22:36:55+00:00,1800
M2,C07,2023-07-14T02:36:55+00:00,2023-07-14T03:06:55+00:00,1800
M2,C07,2023-07-17T16:06:56+00:00,2023-07-17T16:36:56+00:00,1800
M2,C07,2023-07-18T16:51:56+00:00,2023-07-18T17:21:56+00:00,1800
M2,C07,2023-07-20T13:06:57+00:00,2023-07-20T13:36:57+00:00,1800
M2,C07,2023-07-21T16:21:57+00:00,2023-07-21T16:51:57+00:00,1800
M2,C07,2023-07-24T21:24:55+00:00,2023-07-24T21:51:55+00:00,1620
M2,C07,2023-07-25T18:24:55+00:00,2023-07-25T18:51:55+00:00,1620
M2,C07,2023-07-26T12:51:55+00:00,2023-07-26T13:24:55+00:00,1980
M2,C07,2023-07-27T16:21:55+00:00,2023-07-27T16:51:55+00:00,1800
M2,C07,2023-07-27T17:36:55+00:00,2023-07-27T18:51:55+00:00,4500
M2,C07,2023-08-01T12:21:56+00:00,2023-08-01T12:54:56+00:00,1980
M2,C07,2023-08-01T14:24:56+00:00,2023-08-01T14:54:56+00:00,1800
M2,C07,2023-08-01T16:24:56+00:00,2023-08-01T16:54:56+00:00,1800
M2,C07,2023-08-01T19:06:56+00:00,2023-08-01T19:36:56+00:00,1800
M2,C07,2023-08-04T14:46:57+00:00,2023-08-04T16:06:57+00:00,4800
M2,C07,2023-08-05T08:36:57+00:00,2023-08-05T09:06:57+00:00,1800
M2,C07,2023-08-05T09:06:57+00:00,2023-08-05T09:36:57+00:00,1800
M2,C07,2023-08-14T12:21:56+00:00,2023-08-14T12:54:56+00:00,1980
M2,C07,2023-08-14T20:53:56+00:00,2023-08-14T21:23:56+00:00,1800
M2,C07,2023-08-16T01:24:56+00:00,2023-08-16T01:51:56+00:00,1620
M2,C07,2023-08-16T14:21:56+00:00,2023-08-16T14:54:56+00:00,1980
M2,C07,2023-08-20T10:36:54+00:00,2023-08-20T11:21:55+00:00,2701
M2,C07,2023-08-20T12:36:55+00:00,2023-08-20T13:21:55+00:00,2700
M2,C07,2023-08-20T13:21:55+00:00,2023-08-20T13:51:55+00:00,1800
M2,C07,2023-08-20T18:36:55+00:00,2023-08-23T00:21:55+00:00,193500
M2,C07,2023-08-31T08:59:01+00:00,2023-08-31T09:21:56+00:00,1375
M2,C07,2023-09-14T09:21:56+00:00,2023-09-14T23:51:56+00:00,52200
M2,C07,2023-09-15T08:21:56+00:00,2023-09-27T01:36:56+00:00,1012500
M2,C07,2023-09-27T20:36:56+00:00,2023-09-27T21:21:56+00:00,2700
M2,C07,2023-09-27T22:36:56+00:00,2023-09-27T23:06:56+00:00,1800
M2,C07,2023-09-28T20:36:56+00:00,2023-09-28T21:21:56+00:00,2700
M2,C07,2023-09-29T20:36:56+00:00,2023-09-29T21:21:56+00:00,2700
M2,C07,2023-09-30T20:36:54+00:00,2023-09-30T21:21:54+00:00,2700
M2,C07,2023-10-01T15:21:55+00:00,2023-10-01T15:51:55+00:00,1800
M2,C07,2023-10-01T15:51:55+00:00,2023-10-04T22:51:55+00:00,284400
M2,C07,2023-10-05T20:36:55+00:00,2023-10-05T21:21:55+00:00,2700
M2,C07,2023-10-06T20:36:55+00:00,2023-10-06T21:36:55+00:00,3600
M2,C07,2023-10-07T20:36:55+00:00,2023-10-07T21:21:55+00:00,2700
M2,C07,2023-10-08T20:36:55+00:00,2023-10-08T21:21:55+00:00,2700
M2,C07,2023-10-09T20:36:56+00:00,2023-10-09T21:21:56+00:00,2700
M2,C07,2023-10-10T20:36:56+00:00,2023-10-10T21:21:56+00:00,2700
M2,C07,2023-10-11T20:36:56+00:00,2023-10-11T21:21:56+00:00,2700
M2,C07,2023-10-12T16:24:56+00:00,2023-10-12T16:51:56+00:00,1620
M2,C07,2023-10-12T20:36:56+00:00,2023-10-12T21:21:56+00:00,2700
M2,C07,2023-10-13T20:36:56+00:00,2023-10-13T21:21:56+00:00,2700
M2,C07,2023-10-14T20:36:54+00:00,2023-10-14T21:21:54+00:00,2700
M2,C07,2023-10-15T20:36:55+00:00,2023-10-15T21:21:55+00:00,2700
M2,C07,2023-10-16T20:36:55+00:00,2023-10-16T21:21:55+00:00,2700
M2,C07,2023-10-17T14:57:55+00:00,2023-10-17T16:06:55+00:00,4140
M2,C07,2023-10-18T20:36:55+00:00,2023-10-18T21:21:55+00:00,2700
M2,C07,2023-10-19T16:21:55+00:00,2023-10-19T16:54:55+00:00,1980
M2,C07,2023-10-19T17:24:55+00:00,2023-10-19T17:51:55+00:00,1620
M2,C07,2023-10-19T20:36:55+00:00,2023-10-19T21:06:55+00:00,1800
M2,C07,2023-10-20T20:36:55+00:00,2023-10-20T21:06:55+00:00,1800
M2,C07,2023-10-21T20:51:56+00:00,2023-10-21T21:21:56+00:00,1800
M2,C07,2023-10-25T13:21:56+00:00,2023-10-25T22:51:56+00:00,34200
M2,C07,2023-10-26T08:51:56+00:00,2023-10-26T14:51:56+00:00,21600
M2,C07,2023-10-29T20:36:55+00:00,2023-10-29T21:06:55+00:00,1800
M2,C07,2023-10-30T18:21:55+00:00,2023-10-30T18:54:55+00:00,1980
M2,C07,2023-10-31T20:51:55+00:00,2023-10-31T21:36:55+00:00,2700
M2,C07,2023-11-01T20:36:55+00:00,2023-11-01T21:21:55+00:00,2700
M2,C07,2023-11-02T20:36:55+00:00,2023-11-02T21:21:55+00:00,2700
M2,C07,2023-11-03T20:21:55+00:00,2023-11-03T21:21:55+00:00,3600
M2,C07,2023-11-04T20:36:56+00:00,2023-11-04T21:36:56+00:00,3600
M2,C07,2023-11-05T20:36:56+00:00,2023-11-05T21:06:56+00:00,1800
M2,C07,2023-11-06T20:37:56+00:00,2023-11-06T21:06:56+00:00,1740
M2,C07,2023-11-08T13:21:56+00:00,2023-11-08T13:54:56+00:00,1980
M2,C07,2023-11-08T21:54:56+00:00,2023-11-08T22:21:56+00:00,1620
M2,C07,2023-11-09T17:36:56+00:00,2023-11-09T18:06:56+00:00,1800
M2,C07,2023-11-14T20:51:55+00:00,2023-11-14T21:21:55+00:00,1800
M2,C07,2023-11-15T21:06:55+00:00,2023-11-15T21:36:55+00:00,1800
M2,C07,2023-11-16T01:06:55+00:00,2023-11-16T01:51:55+00:00,2700
M2,C07,2023-11-28T21:24:55+00:00,2023-11-28T21:51:55+00:00,1620
M2,C07,2023-11-30T13:51:55+00:00,2023-11-30T14:24:55+00:00,1980
M2,C07,2023-12-04T17:36:56+00:00,2023-12-04T18:51:56+00:00,4500
M2,C07,2023-12-07T15:39:56+00:00,2023-12-07T16:21:56+00:00,2520
M2,C07,2023-12-11T14:53:57+00:00,2023-12-11T15:24:56+00:00,1859
M2,C07,2023-12-14T17:21:55+00:00,2023-12-14T17:51:55+00:00,1800
M2,C07,2023-12-16T09:25:55+00:00,2023-12-19T03:21:56+00:00,237361
M2,C07,2023-12-21T02:51:56+00:00,2023-12-21T03:21:56+00:00,1800
M2,C07,2023-12-22T05:36:56+00:00,2023-12-22T06:06:56+00:00,1800
M2,C07,2023-12-22T07:21:56+00:00,2023-12-22T07:51:56+00:00,1800
M2,C07,2024-01-12T23:36:55+00:00,2024-01-16T18:51:56+00:00,328501
M2,C07,2024-01-22T16:29:54+00:00,2024-01-22T19:36:54+00:00,11220
M2,C07,2024-01-26T02:06:55+00:00,2024-01-26T02:36:55+00:00,1800
M2,C07,2024-02-05T21:21:54+00:00,2024-02-05T21:51:54+00:00,1800
M2,C07,2024-02-12T17:54:56+00:00,2024-02-12T18:21:56+00:00,1620
M2,C07,2024-02-12T21:06:56+00:00,2024-02-12T21:36:56+00:00,1800
M2,C07,2024-02-14T13:54:56+00:00,2024-02-14T14:24:56+00:00,1800
M2,C07,2024-02-14T21:21:56+00:00,2024-02-14T21:51:56+00:00,1800
M2,C07,2024-02-15T12:59:56+00:00,2024-02-15T15:54:56+00:00,10500
M2,C07,2024-02-15T15:54:56+00:00,2024-02-15T16:24:56+00:00,1800
M2,C07,2024-02-15T16:54:56+00:00,2024-02-15T17:24:56+00:00,1800
M2,C07,2024-02-15T21:06:56+00:00,2024-02-15T21:51:56+00:00,2700
M2,C07,2024-02-16T21:21:56+00:00,2024-02-16T21:51:56+00:00,1800
M2,C07,2024-02-17T21:06:56+00:00,2024-02-17T21:51:56+00:00,2700
M2,C07,2024-02-18T21:21:57+00:00,2024-02-18T21:51:57+00:00,1800
M2,C07,2024-02-19T21:06:54+00:00,2024-02-19T21:51:54+00:00,2700
M2,C07,2024-02-23T21:06:55+00:00,2024-02-23T21:36:55+00:00,1800
M2,C07,2024-02-24T21:06:55+00:00,2024-02-24T21:51:55+00:00,2700
M2,C07,2024-02-25T21:06:55+00:00,2024-02-25T21:51:55+00:00,2700
M2,C07,2024-02-25T23:04:55+00:00,2024-02-26T00:06:55+00:00,3720
M2,C07,2024-02-26T21:06:56+00:00,2024-02-26T21:51:56+00:00,2700
M2,C07,2024-02-27T21:06:56+00:00,2024-02-27T21:51:56+00:00,2700
M2,C07,2024-02-28T21:06:56+00:00,2024-02-28T21:51:56+00:00,2700
M2,C07,2024-02-29T01:54:56+00:00,2024-02-29T02:24:56+00:00,1800
M2,C07,2024-02-29T03:54:56+00:00,2024-02-29T04:24:56+00:00,1800
M2,C07,2024-02-29T05:54:56+00:00,2024-02-29T06:23:56+00:00,1740
M2,C07,2024-02-29T08:54:56+00:00,2024-02-29T09:23:56+00:00,1740
M2,C07,2024-02-29T09:54:56+00:00,2024-02-29T10:23:56+00:00,1740
M2,C07,2024-02-29T11:54:56+00:00,2024-02-29T12:23:56+00:00,1740
M2,C07,2024-02-29T12:54:56+00:00,2024-02-29T13:24:56+00:00,1800
M2,C07,2024-02-29T14:54:56+00:00,2024-02-29T15:23:56+00:00,1740
M2,C07,2024-02-29T15:54:56+00:00,2024-02-29T16:23:56+00:00,1740
M2,C07,2024-02-29T17:54:56+00:00,2024-02-29T18:23:56+00:00,1740
M2,C07,2024-02-29T19:54:56+00:00,2024-02-29T20:24:56+00:00,1800
M2,C07,2024-02-29T21:06:56+00:00,2024-02-29T21:51:56+00:00,2700
M2,C07,2024-03-01T21:06:56+00:00,2024-03-01T21:51:56+00:00,2700
M2,C07,2024-03-02T21:06:56+00:00,2024-03-02T21:51:56+00:00,2700
M2,C07,2024-03-03T21:06:57+00:00,2024-03-03T21:51:57+00:00,2700
M2,C07,2024-03-04T21:06:54+00:00,2024-03-04T21:51:54+00:00,2700
M2,C07,2024-03-05T23:54:55+00:00,2024-03-06T00:23:55+00:00,1740
M2,C07,2024-03-06T01:54:55+00:00,2024-03-06T02:23:55+00:00,1740
M2,C07,2024-03-06T04:54:55+00:00,2024-03-06T05:23:55+00:00,1740
M2,C07,2024-03-06T05:54:55+00:00,2024-03-06T06:23:55+00:00,1740
M2,C07,2024-03-06T07:54:55+00:00,2024-03-06T08:24:55+00:00,1800
M2,C07,2024-03-06T09:54:55+00:00,2024-03-06T10:23:55+00:00,1740
M2,C07,2024-03-06T11:54:55+00:00,2024-03-06T12:24:55+00:00,1800
M2,C07,2024-03-06T15:54:55+00:00,2024-03-06T16:23:55+00:00,1740
M2,C07,2024-03-06T17:54:55+00:00,2024-03-06T18:24:55+00:00,1800
M2,C07,2024-03-06T19:54:55+00:00,2024-03-06T20:24:55+00:00,1800
M2,C07,2024-03-06T21:06:55+00:00,2024-03-06T21:53:55+00:00,2820
M2,C07,2024-03-06T23:54:55+00:00,2024-03-07T00:23:55+00:00,1740
M2,C07,2024-03-07T02:54:55+00:00,2024-03-07T03:23:55+00:00,1740
M2,C07,2024-03-07T04:54:55+00:00,2024-03-07T05:23:55+00:00,1740
M2,C07,2024-03-07T12:54:55+00:00,2024-03-07T13:23:55+00:00,1740
M2,C07,2024-03-07T19:54:55+00:00,2024-03-07T20:23:55+00:00,1740
M2,C07,2024-03-08T01:54:55+00:00,2024-03-08T02:24:55+00:00,1800
M2,C07,2024-03-08T07:54:55+00:00,2024-03-08T08:24:55+00:00,1800
M2,C07,2024-03-08T08:54:55+00:00,2024-03-08T09:24:55+00:00,1800
M2,C07,2024-03-08T09:54:55+00:00,2024-03-08T10:24:55+00:00,1800
M2,C07,2024-03-08T11:54:55+00:00,2024-03-08T12:23:55+00:00,1740
M2,C07,2024-03-08T13:54:55+00:00,2024-03-08T14:23:55+00:00,1740
M2,C07,2024-03-08T16:36:55+00:00,2024-03-08T17:06:55+00:00,1800
M2,C07,2024-03-10T21:06:55+00:00,2024-03-10T21:51:55+00:00,2700
M2,C07,2024-03-12T21:06:56+00:00,2024-03-12T21:36:56+00:00,1800
M2,C07,2024-03-15T21:21:56+00:00,2024-03-15T21:51:56+00:00,1800
M2,C07,2024-03-17T21:06:57+00:00,2024-03-17T21:51:57+00:00,2700
M2,C07,2024-03-18T20:51:54+00:00,2024-03-18T21:36:54+00:00,2700
M2,C07,2024-03-22T21:06:55+00:00,2024-03-22T21:36:55+00:00,1800
M2,C07,2024-03-23T21:06:55+00:00,2024-03-23T21:36:55+00:00,1800
M2,C07,2024-03-25T12:54:55+00:00,2024-03-25T13:24:55+00:00,1800
M2,C07,2024-03-25T21:06:55+00:00,2024-03-25T21:36:55+00:00,1800
M2,C07,2024-03-26T21:06:56+00:00,2024-03-26T21:36:56+00:00,1800
M2,C07,2024-03-28T15:29:56+00:00,2024-03-28T16:36:56+00:00,4020
M2,C07,2024-04-09T08:58:58+00:00,2024-04-09T09:21:55+00:00,1377
M2,C07,2024-04-10T08:58:58+00:00,2024-04-10T09:21:56+00:00,1378
M2,C07,2024-04-12T20:21:56+00:00,2024-04-12T20:51:56+00:00,1800
M2,C07,2024-04-23T22:09:55+00:00,2024-04-24T00:06:55+00:00,7020
M2,C07,2024-04-29T14:53:56+00:00,2024-04-29T15:23:56+00:00,1800
M2,C07,2024-04-29T16:54:54+00:00,2024-04-29T17:23:54+00:00,1740
M2,C07,2024-05-07T16:56:56+00:00,2024-05-07T17:21:56+00:00,1500
M2,C07,2024-05-07T21:36:56+00:00,2024-05-07T22:06:56+00:00,1800
M2,C07,2024-05-23T01:36:56+00:00,2024-05-23T02:06:56+00:00,1800
M2,C07,2024-05-25T22:21:57+00:00,2024-05-25T23:06:57+00:00,2700
M2,C07,2024-05-30T20:06:55+00:00,2024-05-30T20:36:55+00:00,1800
M2,C07,2024-05-30T21:36:55+00:00,2024-05-30T22:06:55+00:00,1800
M2,C07,2024-06-03T15:54:56+00:00,2024-06-03T16:46:56+00:00,3120
M2,C07,2024-06-03T18:36:56+00:00,2024-06-03T19:06:56+00:00,1800
M2,C07,2024-06-05T12:54:56+00:00,2024-06-05T13:24:56+00:00,1800
M2,C07,2024-06-05T13:54:56+00:00,2024-06-05T14:23:56+00:00,1740
M2,C07,2024-06-05T22:54:57+00:00,2024-06-05T23:24:57+00:00,1800
M2,C07,2024-06-05T23:54:57+00:00,2024-06-06T00:23:57+00:00,1740
M2,C07,2024-06-06T00:54:57+00:00,2024-06-06T01:23:57+00:00,1740
M2,C07,2024-06-06T08:54:57+00:00,2024-06-06T09:23:57+00:00,1740
M2,C07,2024-06-06T10:54:57+00:00,2024-06-06T11:23:57+00:00,1740
M2,C07,2024-06-06T12:54:57+00:00,2024-06-06T13:23:57+00:00,1740
M2,C07,2024-06-06T15:54:57+00:00,2024-06-06T16:24:57+00:00,1800
M2,C07,2024-06-06T21:54:57+00:00,2024-06-06T22:24:57+00:00,1800
M2,C07,2024-06-06T23:54:57+00:00,2024-06-07T00:23:57+00:00,1740
M2,C07,2024-06-07T14:54:57+00:00,2024-06-07T15:23:57+00:00,1740
M2,C07,2024-06-07T15:54:57+00:00,2024-06-07T16:24:57+00:00,1800
M2,C07,2024-06-07T18:51:57+00:00,2024-06-07T19:21:57+00:00,1800
M2,C07,2024-06-08T17:59:57+00:00,2024-06-09T14:37:27+00:00,74250
M2,C07,2024-06-10T17:54:54+00:00,2024-06-10T18:24:54+00:00,1800
M2,C07,2024-06-12T21:24:55+00:00,2024-06-12T21:54:55+00:00,1800
M2,C07,2024-06-16T16:21:56+00:00,2024-06-16T16:51:56+00:00,1800
M2,C07,2024-06-16T17:36:56+00:00,2024-06-16T18:06:56+00:00,1800
M2,C07,2024-06-17T00:36:56+00:00,2024-06-17T01:21:56+00:00,2700
M2,C07,2024-06-17T15:54:56+00:00,2024-06-17T16:23:56+00:00,1740
M2,C07,2024-06-18T12:54:56+00:00,2024-06-18T13:24:56+00:00,1800
M2,C07,2024-06-18T13:54:56+00:00,2024-06-18T14:23:56+00:00,1740
M2,C07,2024-06-19T21:51:57+00:00,2024-06-19T22:21:57+00:00,1800
M2,C07,2024-06-20T18:54:57+00:00,2024-06-20T19:23:57+00:00,1740
M2,C07,2024-06-20T20:37:57+00:00,2024-06-20T21:06:57+00:00,1740
M2,C07,2024-06-25T20:56:55+00:00,2024-06-26T01:37:25+00:00,16830
M2,C07,2024-06-30T00:53:26+00:00,2024-06-30T02:52:26+00:00,7140
M2,C07,2024-07-02T13:02:26+00:00,2024-07-02T13:37:26+00:00,2100
M2,C07,2024-07-02T19:22:26+00:00,2024-07-02T19:52:26+00:00,1800
M2,C07,2024-07-02T20:07:26+00:00,2024-07-02T20:37:26+00:00,1800
M2,C07,2024-07-05T18:22:27+00:00,2024-07-05T18:52:27+00:00,1800
M2,C07,2024-07-06T00:37:27+00:00,2024-07-06T01:07:27+00:00,1800
M2,C07,2024-07-11T23:36:55+00:00,2024-07-12T00:06:55+00:00,1800
M2,C07,2024-07-13T21:21:56+00:00,2024-07-13T21:51:56+00:00,1800
M2,C07,2024-07-22T15:54:56+00:00,2024-07-22T16:24:54+00:00,1798
M2,C07,2024-07-22T18:58:54+00:00,2024-07-22T19:24:54+00:00,1560
M2,C07,2024-07-24T14:06:55+00:00,2024-07-24T14:36:55+00:00,1800
M2,C07,2024-07-29T14:21:56+00:00,2024-07-29T14:53:56+00:00,1920
M2,C07,2024-07-29T20:54:56+00:00,2024-07-29T21:23:56+00:00,1740
M2,C07,2024-07-30T09:54:56+00:00,2024-07-30T10:37:56+00:00,2580
M2,C07,2024-07-30T17:37:56+00:00,2024-07-30T19:24:56+00:00,6420
M2,C07,2024-07-30T23:54:56+00:00,2024-07-31T00:23:56+00:00,1740
M2,C07,2024-07-31T16:54:56+00:00,2024-07-31T17:24:56+00:00,1800
M2,C07,2024-08-08T06:51:55+00:00,2024-08-08T08:06:55+00:00,4500
M2,C07,2024-08-12T11:06:56+00:00,2024-08-12T11:36:56+00:00,1800
M2,C07,2024-08-14T19:06:56+00:00,2024-08-14T19:36:56+00:00,1800
M2,C07,2024-08-23T20:06:55+00:00,2024-08-23T20:36:55+00:00,1800
M2,C07,2024-09-01T08:58:02+00:00,2024-09-01T09:21:56+00:00,1434
M2,C07,2024-09-02T08:56:59+00:00,2024-09-02T09:21:56+00:00,1497
M2,C07,2024-09-02T20:51:54+00:00,2024-09-02T21:21:54+00:00,1800
M2,C07,2024-09-03T04:36:54+00:00,2024-09-03T19:36:55+00:00,54001
M2,C07,2024-09-04T08:57:57+00:00,2024-09-04T09:21:55+00:00,1438
M2,C07,2024-09-04T17:51:55+00:00,2024-09-05T01:21:55+00:00,27000
M2,C07,2024-09-05T17:36:55+00:00,2024-09-05T18:06:55+00:00,1800
M2,C07,2024-09-08T20:51:55+00:00,2024-09-08T21:21:55+00:00,1800
M2,C07,2024-09-09T15:48:55+00:00,2024-09-09T17:36:55+00:00,6480
M2,C07,2024-09-09T20:54:55+00:00,2024-09-09T21:36:55+00:00,2520
M2,C07,2024-09-10T03:06:55+00:00,2024-09-10T03:36:55+00:00,1800
M2,C07,2024-09-10T20:51:56+00:00,2024-09-10T21:21:56+00:00,1800
M2,C07,2024-09-11T18:21:56+00:00,2024-09-11T18:51:56+00:00,1800
M2,C07,2024-09-11T20:36:56+00:00,2024-09-11T21:36:56+00:00,3600
M2,C07,2024-09-12T20:36:56+00:00,2024-09-12T21:36:56+00:00,3600
M2,C07,2024-09-12T23:21:56+00:00,2024-09-12T23:51:56+00:00,1800
M2,C07,2024-09-13T04:21:56+00:00,2024-09-13T04:51:56+00:00,1800
M2,C07,2024-09-13T07:06:56+00:00,2024-09-13T08:06:56+00:00,3600
M2,C07,2024-09-13T10:51:56+00:00,2024-09-13T11:21:56+00:00,1800
M2,C07,2024-09-13T20:36:56+00:00,2024-09-13T21:51:56+00:00,4500
M2,C07,2024-09-14T00:36:56+00:00,2024-09-14T01:06:56+00:00,1800
M2,C07,2024-09-14T20:36:56+00:00,2024-09-14T21:51:56+00:00,4500
M2,C07,2024-09-15T20:51:56+00:00,2024-09-15T21:36:56+00:00,2700
M2,C07,2024-09-16T20:36:54+00:00,2024-09-16T21:21:54+00:00,2700
M2,C07,2024-09-16T22:21:54+00:00,2024-09-16T22:51:54+00:00,1800
M2,C07,2024-09-17T01:06:54+00:00,2024-09-17T01:36:54+00:00,1800
M2,C07,2024-09-17T20:06:55+00:00,2024-09-17T20:36:55+00:00,1800
M2,C07,2024-09-17T20:36:55+00:00,2024-09-17T21:21:55+00:00,2700
M2,C07,2024-09-18T20:36:55+00:00,2024-09-18T21:21:55+00:00,2700
M2,C07,2024-09-19T20:36:55+00:00,2024-09-19T21:36:55+00:00,3600
M2,C07,2024-09-20T20:37:55+00:00,2024-09-20T21:24:55+00:00,2820
M2,C07,2024-09-21T02:54:55+00:00,2024-09-21T03:24:55+00:00,1800
M2,C07,2024-09-21T06:06:55+00:00,2024-09-21T06:37:55+00:00,1860
M2,C07,2024-09-21T19:24:55+00:00,2024-09-21T19:54:55+00:00,1800
M2,C07,2024-09-21T20:37:55+00:00,2024-09-21T21:37:55+00:00,3600
M2,C07,2024-09-22T20:37:55+00:00,2024-09-22T21:24:55+00:00,2820
M2,C07,2024-09-23T00:54:55+00:00,2024-09-23T01:24:55+00:00,1800
M2,C07,2024-09-23T18:54:55+00:00,2024-09-23T19:24:55+00:00,1800
M2,C07,2024-09-23T20:37:55+00:00,2024-09-23T21:24:55+00:00,2820
M2,C07,2024-09-24T20:24:56+00:00,2024-09-24T21:36:56+00:00,4320
M2,C07,2024-09-25T20:36:56+00:00,2024-09-25T21:21:56+00:00,2700
M2,C07,2024-09-26T20:36:56+00:00,2024-09-26T21:21:56+00:00,2700
M2,C07,2024-09-27T20:06:56+00:00,2024-09-27T20:36:56+00:00,1800
M2,C07,2024-09-27T20:36:56+00:00,2024-09-27T21:36:56+00:00,3600
M2,C07,2024-09-28T20:36:56+00:00,2024-09-28T21:21:56+00:00,2700
M2,C07,2024-09-29T20:36:56+00:00,2024-09-29T21:36:56+00:00,3600
M2,C07,2024-09-30T20:36:54+00:00,2024-09-30T21:36:54+00:00,3600
M2,C07,2024-10-01T20:21:55+00:00,2024-10-01T21:36:55+00:00,4500
M2,C07,2024-10-02T12:00:55+00:00,2024-10-02T15:36:55+00:00,12960
M2,C07,2024-10-02T17:37:55+00:00,2024-10-02T18:03:55+00:00,1560
M2,C07,2024-10-02T18:24:55+00:00,2024-10-02T18:54:55+00:00,1800
M2,C07,2024-10-02T20:06:55+00:00,2024-10-02T21:36:55+00:00,5400
M2,C07,2024-10-03T20:06:55+00:00,2024-10-03T22:21:55+00:00,8100
M2,C07,2024-10-04T20:21:55+00:00,2024-10-04T21:36:55+00:00,4500
M2,C07,2024-10-04T21:51:55+00:00,2024-10-04T22:21:55+00:00,1800
M2,C07,2024-10-05T18:36:55+00:00,2024-10-05T19:06:55+00:00,1800
M2,C07,2024-10-05T20:36:55+00:00,2024-10-05T21:36:55+00:00,3600
M2,C07,2024-10-05T21:36:55+00:00,2024-10-05T22:06:55+00:00,1800
M2,C07,2024-10-06T19:36:55+00:00,2024-10-06T20:06:55+00:00,1800
M2,C07,2024-10-06T20:21:55+00:00,2024-10-06T21:36:55+00:00,4500
M2,C07,2024-10-07T19:36:56+00:00,2024-10-07T20:21:56+00:00,2700
M2,C07,2024-10-07T20:21:56+00:00,2024-10-07T21:51:56+00:00,5400
M2,C07,2024-10-08T11:59:56+00:00,2024-10-08T22:07:26+00:00,36450
M2,C07,2024-10-09T20:21:53+00:00,2024-10-09T21:21:53+00:00,3600
M2,C07,2024-10-09T22:06:53+00:00,2024-10-09T22:36:53+00:00,1800
M2,C07,2024-10-10T20:36:53+00:00,2024-10-10T21:36:53+00:00,3600
M2,C07,2024-10-11T10:06:53+00:00,2024-10-11T10:36:53+00:00,1800
M2,C07,2024-10-11T20:36:53+00:00,2024-10-11T21:36:53+00:00,3600
M2,C07,2024-10-12T08:21:53+00:00,2024-10-12T19:36:53+00:00,40500
M2,C07,2024-10-12T19:36:53+00:00,2024-10-22T09:36:56+00:00,828003
M2,C07,2024-10-22T20:36:56+00:00,2024-10-22T21:21:56+00:00,2700
M2,C07,2024-10-22T21:21:56+00:00,2024-10-22T21:51:56+00:00,1800
M2,C07,2024-10-22T22:06:56+00:00,2024-10-22T22:36:56+00:00,1800
M2,C07,2024-10-23T04:51:56+00:00,2024-10-23T05:21:56+00:00,1800
M2,C07,2024-10-23T17:51:56+00:00,2024-10-23T18:23:56+00:00,1920
M2,C07,2024-10-23T20:21:56+00:00,2024-10-23T21:21:56+00:00,3600
M2,C07,2024-10-23T21:21:56+00:00,2024-10-23T21:51:56+00:00,1800
M2,C07,2024-10-24T02:06:56+00:00,2024-10-24T02:36:56+00:00,1800
M2,C07,2024-10-24T20:21:56+00:00,2024-10-24T21:21:56+00:00,3600
M2,C07,2024-10-24T21:21:56+00:00,2024-10-24T21:51:56+00:00,1800
M2,C07,2024-10-25T20:36:56+00:00,2024-10-25T21:21:56+00:00,2700
M2,C07,2024-10-26T20:06:56+00:00,2024-10-26T20:36:56+00:00,1800
M2,C07,2024-10-26T20:36:56+00:00,2024-10-26T21:21:56+00:00,2700
M2,C07,2024-10-27T20:36:57+00:00,2024-10-27T21:21:57+00:00,2700
M2,C07,2024-10-27T21:36:57+00:00,2024-10-27T22:06:57+00:00,1800
M2,C07,2024-10-28T07:51:57+00:00,2024-10-28T08:21:57+00:00,1800
M2,C07,2024-10-28T08:51:57+00:00,2024-10-28T09:21:57+00:00,1800
M2,C07,2024-10-28T20:36:54+00:00,2024-10-28T21:36:54+00:00,3600
M2,C07,2024-10-29T20:36:55+00:00,2024-10-29T21:21:55+00:00,2700
M2,C07,2024-10-30T20:36:55+00:00,2024-10-30T21:21:55+00:00,2700
M2,C07,2024-10-31T20:36:55+00:00,2024-10-31T21:36:55+00:00,3600
M2,C07,2024-11-01T20:21:55+00:00,2024-11-01T21:21:55+00:00,3600
M2,C07,2024-11-02T21:21:55+00:00,2024-11-02T21:51:55+00:00,1800
M2,C07,2024-11-03T20:36:55+00:00,2024-11-03T21:06:55+00:00,1800
M2,C07,2024-11-05T19:06:56+00:00,2024-11-05T19:36:56+00:00,1800
M2,C07,2024-11-05T20:21:56+00:00,2024-11-05T21:21:56+00:00,3600
M2,C07,2024-11-06T20:21:56+00:00,2024-11-06T21:51:56+00:00,5400
M2,C07,2024-11-06T21:51:56+00:00,2024-11-06T22:21:56+00:00,1800
M2,C07,2024-11-06T22:36:56+00:00,2024-11-06T23:06:56+00:00,1800
M2,C07,2024-11-06T23:21:56+00:00,2024-11-06T23:51:56+00:00,1800
M2,C07,2024-11-07T00:51:56+00:00,2024-11-07T01:36:56+00:00,2700
M2,C07,2024-11-07T05:36:56+00:00,2024-11-07T06:06:56+00:00,1800
M2,C07,2024-11-07T18:51:56+00:00,2024-11-07T19:21:56+00:00,1800
M2,C07,2024-11-07T20:21:56+00:00,2024-11-07T20:51:56+00:00,1800
M2,C07,2024-11-07T20:51:56+00:00,2024-11-07T21:36:56+00:00,2700
M2,C07,2024-11-08T19:21:56+00:00,2024-11-08T19:51:56+00:00,1800
M2,C07,2024-11-08T20:36:56+00:00,2024-11-08T21:06:56+00:00,1800
M2,C07,2024-11-09T18:06:56+00:00,2024-11-09T18:36:56+00:00,1800
M2,C07,2024-11-09T20:36:56+00:00,2024-11-09T21:21:56+00:00,2700
M2,C07,2024-11-10T16:21:57+00:00,2024-11-10T16:51:57+00:00,1800
M2,C07,2024-11-10T17:51:57+00:00,2024-11-10T18:21:57+00:00,1800
M2,C07,2024-11-10T20:36:57+00:00,2024-11-10T21:21:57+00:00,2700
M2,C07,2024-11-11T21:36:54+00:00,2024-11-11T22:06:54+00:00,1800
M2,C07,2024-11-12T01:21:54+00:00,2024-11-12T01:51:54+00:00,1800
M2,C07,2024-11-12T08:36:54+00:00,2024-11-12T09:06:54+00:00,1800
M2,C07,2024-11-12T15:54:55+00:00,2024-11-12T16:23:55+00:00,1740
M2,C07,2024-11-13T20:37:55+00:00,2024-11-13T21:06:55+00:00,1740
M2,C07,2024-11-14T04:24:55+00:00,2024-11-14T04:54:55+00:00,1800
M2,C07,2024-11-14T07:24:55+00:00,2024-11-14T07:54:55+00:00,1800
M2,C07,2024-11-15T07:51:55+00:00,2024-11-15T08:21:55+00:00,1800
M2,C07,2024-11-15T11:51:55+00:00,2024-11-15T12:21:55+00:00,1800
M2,C07,2024-11-15T20:36:55+00:00,2024-11-15T21:06:55+00:00,1800
M2,C07,2024-11-17T23:36:55+00:00,2024-11-18T00:06:55+00:00,1800
M2,C07,2024-11-24T07:36:56+00:00,2024-11-24T08:06:56+00:00,1800
M2,C07,2024-11-24T08:21:56+00:00,2024-11-24T08:51:56+00:00,1800
M2,C07,2024-11-26T15:37:55+00:00,2024-11-26T17:06:55+00:00,5340
M2,C07,2024-11-30T22:06:55+00:00,2024-11-30T22:36:55+00:00,1800
M2,C07,2024-12-02T01:36:55+00:00,2024-12-02T02:06:55+00:00,1800
M2,C07,2024-12-02T02:36:55+00:00,2024-12-02T03:06:55+00:00,1800
M2,C07,2024-12-02T18:06:56+00:00,2024-12-02T18:37:56+00:00,1860
M2,C07,2024-12-03T01:36:56+00:00,2024-12-03T02:06:56+00:00,1800
M2,C07,2024-12-06T09:52:56+00:00,2024-12-06T11:51:56+00:00,7140
M2,C07,2024-12-07T18:36:56+00:00,2024-12-07T19:06:56+00:00,1800
M2,C07,2024-12-07T20:51:56+00:00,2024-12-07T21:21:56+00:00,1800
M2,C07,2024-12-08T15:24:57+00:00,2024-12-08T16:21:57+00:00,3420
M2,C07,2024-12-09T04:51:57+00:00,2024-12-09T05:21:57+00:00,1800
M2,C07,2024-12-09T10:06:57+00:00,2024-12-09T10:36:57+00:00,1800
M2,C07,2024-12-10T14:37:55+00:00,2024-12-10T15:36:55+00:00,3540
M2,C07,2024-12-10T21:51:55+00:00,2024-12-10T22:21:55+00:00,1800
M2,C07,2024-12-12T05:06:55+00:00,2024-12-12T09:36:55+00:00,16200
M2,C07,2024-12-12T10:36:55+00:00,2024-12-12T12:51:55+00:00,8100
M2,C07,2024-12-12T12:51:55+00:00,2024-12-12T22:21:55+00:00,34200
M2,C07,2024-12-12T22:36:55+00:00,2024-12-20T20:51:56+00:00,684901
M2,C07,2024-12-23T23:51:54+00:00,2024-12-24T00:21:54+00:00,1800
M2,C07,2025-01-03T08:11:56+00:00,2025-01-03T08:51:56+00:00,2400
M2,C07,2025-01-03T11:16:56+00:00,2025-01-03T12:36:56+00:00,4800
M2,C07,2025-01-09T21:06:55+00:00,2025-01-09T21:36:55+00:00,1800
M2,C07,2025-01-16T12:04:56+00:00,2025-01-16T15:06:56+00:00,10920
M2,C07,2025-02-03T21:06:54+00:00,2025-02-03T21:51:54+00:00,2700
M2,C07,2025-02-04T09:36:54+00:00,2025-02-04T10:06:55+00:00,1801
M2,C07,2025-02-04T14:06:55+00:00,2025-02-04T14:36:55+00:00,1800
M2,C07,2025-02-04T21:06:55+00:00,2025-02-04T21:51:55+00:00,2700
M2,C07,2025-02-05T14:21:55+00:00,2025-02-05T14:51:55+00:00,1800
M2,C07,2025-02-05T15:51:55+00:00,2025-02-05T16:21:55+00:00,1800
M2,C07,2025-02-06T07:21:55+00:00,2025-02-06T07:51:55+00:00,1800
M2,C07,2025-02-06T21:06:55+00:00,2025-02-06T21:51:55+00:00,2700
M2,C07,2025-02-07T03:21:55+00:00,2025-02-07T03:51:55+00:00,1800
M2,C07,2025-02-09T20:51:55+00:00,2025-02-23T19:06:55+00:00,1203300
M2,C07,2025-02-23T21:06:55+00:00,2025-02-23T21:51:55+00:00,2700
M2,C07,2025-02-24T17:06:56+00:00,2025-02-24T17:36:56+00:00,1800
M2,C07,2025-02-24T20:51:56+00:00,2025-02-24T22:06:56+00:00,4500
M2,C07,2025-02-25T16:36:56+00:00,2025-02-25T17:06:56+00:00,1800
M2,C07,2025-02-25T20:51:56+00:00,2025-02-25T21:51:56+00:00,3600
M2,C07,2025-02-26T19:36:56+00:00,2025-02-26T20:06:56+00:00,1800
M2,C07,2025-02-26T20:36:56+00:00,2025-02-26T21:06:56+00:00,1800
M2,C07,2025-02-26T21:06:56+00:00,2025-02-26T21:51:56+00:00,2700
M2,C07,2025-02-27T05:36:56+00:00,2025-02-27T06:06:56+00:00,1800
M2,C07,2025-02-27T18:36:56+00:00,2025-02-27T19:06:56+00:00,1800
M2,C07,2025-02-27T20:51:56+00:00,2025-02-27T22:06:56+00:00,4500
M2,C07,2025-02-28T18:06:56+00:00,2025-02-28T18:36:56+00:00,1800
M2,C07,2025-02-28T21:06:56+00:00,2025-02-28T21:51:56+00:00,2700
M2,C07,2025-03-01T06:06:56+00:00,2025-03-01T06:36:56+00:00,1800
M2,C07,2025-03-01T19:36:56+00:00,2025-03-01T20:06:56+00:00,1800
M2,C07,2025-03-01T21:06:56+00:00,2025-03-01T21:51:56+00:00,2700
M2,C07,2025-03-02T18:51:57+00:00,2025-03-02T19:21:57+00:00,1800
M2,C07,2025-03-02T21:06:57+00:00,2025-03-02T21:51:57+00:00,2700
M2,C07,2025-03-03T01:36:57+00:00,2025-03-03T02:06:57+00:00,1800
M2,C07,2025-03-03T16:06:54+00:00,2025-03-03T16:42:54+00:00,2160
M2,C07,2025-03-03T21:06:54+00:00,2025-03-03T21:51:54+00:00,2700
M2,C07,2025-03-04T21:06:55+00:00,2025-03-04T21:51:55+00:00,2700
M2,C07,2025-03-05T21:06:55+00:00,2025-03-05T21:51:55+00:00,2700
M2,C07,2025-03-06T21:06:55+00:00,2025-03-06T21:36:55+00:00,1800
M2,C07,2025-03-07T21:06:55+00:00,2025-03-07T21:36:55+00:00,1800
M2,C07,2025-03-09T21:06:55+00:00,2025-03-09T21:36:55+00:00,1800
M2,C07,2025-03-10T21:06:56+00:00,2025-03-10T21:51:56+00:00,2700
M2,C07,2025-03-11T21:06:56+00:00,2025-03-11T21:36:56+00:00,1800
M2,C07,2025-03-12T19:06:56+00:00,2025-03-17T23:51:54+00:00,449098
M2,C07,2025-03-18T20:51:55+00:00,2025-03-18T21:51:55+00:00,3600
M2,C07,2025-03-19T20:51:55+00:00,2025-03-19T21:51:55+00:00,3600
M2,C07,2025-03-20T20:54:55+00:00,2025-03-20T21:54:55+00:00,3600
M2,C07,2025-03-21T20:36:55+00:00,2025-03-21T21:51:55+00:00,4500
M2,C07,2025-03-22T06:06:55+00:00,2025-03-22T06:36:55+00:00,1800
M2,C07,2025-03-22T20:36:55+00:00,2025-03-22T21:51:55+00:00,4500
M2,C07,2025-03-23T21:06:55+00:00,2025-03-23T21:51:55+00:00,2700
M2,C07,2025-03-24T20:51:56+00:00,2025-03-24T21:21:56+00:00,1800
M2,C07,2025-03-24T21:21:56+00:00,2025-03-24T21:51:56+00:00,1800
M2,C07,2025-03-25T20:51:56+00:00,2025-03-25T21:21:56+00:00,1800
M2,C07,2025-03-26T21:06:56+00:00,2025-03-26T21:36:56+00:00,1800
M2,C07,2025-03-30T00:21:56+00:00,2025-03-30T00:51:56+00:00,1800
M2,C07,2025-03-31T16:21:54+00:00,2025-03-31T16:51:54+00:00,1800
M2,C07,2025-03-31T20:36:54+00:00,2025-03-31T21:51:54+00:00,4500
M2,C07,2025-03-31T23:21:54+00:00,2025-03-31T23:51:54+00:00,1800
M2,C07,2025-04-01T21:06:55+00:00,2025-04-01T21:36:55+00:00,1800
M2,C07,2025-04-03T19:06:55+00:00,2025-04-03T19:36:55+00:00,1800
M2,C07,2025-04-03T20:51:55+00:00,2025-04-03T21:21:55+00:00,1800
M2,C07,2025-04-08T18:19:56+00:00,2025-04-08T18:53:56+00:00,2040
M2,C07,2025-04-09T08:58:58+00:00,2025-04-09T09:21:56+00:00,1378
M2,C07,2025-04-10T08:58:58+00:00,2025-04-10T09:21:56+00:00,1378
M2,C07,2025-04-10T16:02:56+00:00,2025-04-10T16:35:56+00:00,1980
M2,C07,2025-04-10T16:37:56+00:00,2025-04-10T17:19:56+00:00,2520
M2,C07,2025-04-10T17:30:56+00:00,2025-04-10T19:15:56+00:00,6300
M2,C07,2025-04-10T19:29:56+00:00,2025-04-10T19:53:56+00:00,1440
M2,C07,2025-04-10T19:53:56+00:00,2025-04-10T20:27:56+00:00,2040
M2,C07,2025-04-10T20:27:56+00:00,2025-04-10T20:56:56+00:00,1740
M2,C07,2025-04-10T20:56:56+00:00,2025-04-10T21:51:56+00:00,3300
M2,C07,2025-04-11T08:58:58+00:00,2025-04-11T09:21:56+00:00,1378
M2,C07,2025-04-24T18:21:55+00:00,2025-04-24T18:51:55+00:00,1800
M2,C07,2025-04-24T19:06:55+00:00,2025-04-24T19:36:55+00:00,1800
M2,C07,2025-04-26T16:06:56+00:00,2025-04-26T16:36:56+00:00,1800
M2,C07,2025-04-26T20:36:56+00:00,2025-04-26T21:06:56+00:00,1800
M2,C07,2025-04-26T23:36:56+00:00,2025-04-27T00:06:56+00:00,1800
M2,C07,2025-04-27T03:36:56+00:00,2025-04-27T04:06:56+00:00,1800
M2,C07,2025-04-28T21:06:54+00:00,2025-04-28T21:36:54+00:00,1800
M2,C07,2025-05-02T00:51:55+00:00,2025-05-02T01:21:55+00:00,1800
M2,C07,2025-05-03T18:36:55+00:00,2025-05-03T19:06:55+00:00,1800
M2,C07,2025-05-03T22:51:55+00:00,2025-05-03T23:21:55+00:00,1800
M2,C07,2025-05-04T12:06:55+00:00,2025-05-04T12:36:55+00:00,1800
M2,C07,2025-05-04T16:06:55+00:00,2025-05-04T16:36:55+00:00,1800
M2,C07,2025-05-04T18:06:55+00:00,2025-05-04T19:36:55+00:00,5400
M2,C07,2025-05-04T20:36:55+00:00,2025-05-04T21:21:55+00:00,2700
M2,C07,2025-05-04T21:21:55+00:00,2025-05-04T22:21:55+00:00,3600
M2,C07,2025-05-04T22:36:55+00:00,2025-05-04T23:06:55+00:00,1800
M2,C07,2025-05-05T16:06:54+00:00,2025-05-05T16:36:54+00:00,1800
M2,C07,2025-05-05T17:21:54+00:00,2025-05-05T17:51:54+00:00,1800
M2,C07,2025-05-05T17:51:54+00:00,2025-05-05T18:21:54+00:00,1800
M2,C07,2025-05-10T01:06:55+00:00,2025-05-10T01:36:55+00:00,1800
M2,C07,2025-05-11T19:51:55+00:00,2025-05-11T20:21:55+00:00,1800
M2,C07,2025-05-11T20:21:55+00:00,2025-05-11T20:51:55+00:00,1800
M2,C07,2025-05-12T09:36:56+00:00,2025-05-12T10:06:56+00:00,1800
M2,C07,2025-05-12T12:51:56+00:00,2025-05-12T13:21:56+00:00,1800
M2,C07,2025-05-12T16:51:54+00:00,2025-05-12T17:21:54+00:00,1800
M2,C07,2025-05-12T17:51:54+00:00,2025-05-12T18:21:54+00:00,1800
M2,C07,2025-05-12T18:36:54+00:00,2025-05-12T19:06:54+00:00,1800
M2,C07,2025-05-12T21:06:54+00:00,2025-05-12T21:36:54+00:00,1800
M2,C07,2025-05-13T19:05:55+00:00,2025-05-13T19:36:55+00:00,1860
M2,C07,2025-05-13T20:06:55+00:00,2025-05-13T20:36:55+00:00,1800
M2,C07,2025-05-13T22:36:55+00:00,2025-05-13T23:06:55+00:00,1800
M2,C07,2025-05-14T00:06:55+00:00,2025-05-14T00:36:55+00:00,1800
M2,C07,2025-05-14T15:23:55+00:00,2025-10-07T01:06:56+00:00,12562981
M2,C07,2025-10-07T01:06:56+00:00,2025-10-07T05:06:56+00:00,14400
M2,C07,2025-10-07T05:06:56+00:00,2025-10-09T03:21:56+00:00,166500
M2,C07,2025-10-09T03:21:56+00:00,2025-10-09T10:51:56+00:00,27000
M2,C07,2025-10-09T10:51:56+00:00,2025-10-09T12:36:56+00:00,6300
M2,C07,2025-10-09T12:36:56+00:00,2025-10-09T13:36:56+00:00,3600
M2,C07,2025-10-09T13:36:56+00:00,2025-10-10T06:21:56+00:00,60300
M2,C07,2025-10-10T06:21:56+00:00,2025-10-13T13:06:57+00:00,283501
M2,C07,2025-10-13T13:06:57+00:00,2025-10-13T14:36:57+00:00,5400
M2,C07,2025-10-13T14:36:57+00:00,2025-10-14T02:36:54+00:00,43197
M2,C07,2025-10-14T02:36:54+00:00,2025-10-14T05:51:54+00:00,11700
M2,C07,2025-10-14T05:51:54+00:00,2025-10-14T08:51:54+00:00,10800
M2,C07,2025-10-14T09:06:55+00:00,2025-10-15T14:36:55+00:00,106200
M2,C07,2025-10-15T14:36:55+00:00,2025-10-16T01:51:55+00:00,40500
M2,C07,2025-10-16T01:51:55+00:00,2025-10-16T03:21:55+00:00,5400
M2,C07,2025-10-16T03:21:55+00:00,2025-10-16T18:06:55+00:00,53100
M2,C07,2025-10-16T18:06:55+00:00,2025-10-17T08:36:55+00:00,52200
M2,C07,2025-10-17T08:36:55+00:00,2025-10-17T10:51:55+00:00,8100
M2,C07,2025-10-17T10:51:55+00:00,2025-10-17T18:21:55+00:00,27000
M2,C07,2025-10-17T18:21:55+00:00,2025-10-17T21:36:55+00:00,11700
M2,C07,2025-10-17T21:36:55+00:00,2025-10-18T00:06:55+00:00,9000
M2,C07,2025-10-18T00:06:55+00:00,2025-10-18T16:06:55+00:00,57600
M2,C07,2025-10-18T16:06:55+00:00,2025-10-19T02:36:55+00:00,37800
M2,C07,2025-10-19T02:36:55+00:00,2025-10-19T06:51:55+00:00,15300
M2,C07,2025-10-19T06:51:55+00:00,2025-10-19T10:06:55+00:00,11700
M2,C07,2025-10-19T10:06:55+00:00,2025-10-19T14:06:55+00:00,14400
M2,C07,2025-10-19T14:06:55+00:00,2025-10-19T17:21:55+00:00,11700
M2,C07,2025-10-19T17:21:55+00:00,2025-10-19T18:06:55+00:00,2700
M2,C07,2025-10-19T18:06:55+00:00,2025-10-20T10:21:55+00:00,58500
M2,C07,2025-10-20T10:21:55+00:00,2025-10-20T16:53:56+00:00,23521
M2,C07,2025-10-20T16:53:56+00:00,2025-10-20T17:36:56+00:00,2580
M2,C07,2025-10-20T17:36:56+00:00,2025-10-20T19:05:56+00:00,5340
M2,C07,2025-10-20T19:05:56+00:00,2025-10-20T20:36:56+00:00,5460
M2,C07,2025-10-20T20:36:56+00:00,2025-10-21T15:51:56+00:00,69300
M2,C07,2025-10-21T15:51:56+00:00,2025-10-21T19:36:56+00:00,13500
M2,C07,2025-10-21T19:36:56+00:00,2025-10-21T20:21:56+00:00,2700
M2,C07,2025-10-21T20:21:56+00:00,2025-10-21T23:51:56+00:00,12600
M2,C07,2025-10-21T23:51:56+00:00,2025-10-22T01:06:56+00:00,4500
M2,C07,2025-10-22T01:06:56+00:00,2025-10-22T02:21:56+00:00,4500
M2,C07,2025-10-22T02:21:56+00:00,2025-10-22T05:36:56+00:00,11700
M2,C07,2025-10-22T05:36:56+00:00,2025-10-22T10:06:56+00:00,16200
M2,C07,2025-10-22T10:06:56+00:00,2025-10-23T00:51:56+00:00,53100
M2,C07,2025-10-23T01:06:56+00:00,2025-10-23T05:06:56+00:00,14400
M2,C07,2025-10-23T05:06:56+00:00,2025-10-23T07:06:56+00:00,7200
M2,C07,2025-10-23T07:06:56+00:00,2025-10-23T12:06:56+00:00,18000
M2,C07,2025-10-23T12:06:56+00:00,2025-10-23T22:36:56+00:00,37800
M2,C07,2025-10-23T22:36:56+00:00,2025-10-24T00:51:56+00:00,8100
M2,C07,2025-10-24T00:51:56+00:00,2025-10-24T02:51:56+00:00,7200
M2,C07,2025-10-24T02:51:56+00:00,2025-10-24T05:21:56+00:00,9000
M2,C07,2025-10-24T05:21:56+00:00,2025-10-24T08:21:56+00:00,10800
M2,C07,2025-10-24T08:21:56+00:00,2025-10-24T09:06:56+00:00,2700
M2,C07,2025-10-24T09:06:56+00:00,2025-10-24T10:36:56+00:00,5400
M2,C07,2025-10-24T10:36:56+00:00,2025-10-24T17:21:56+00:00,24300
M2,C07,2025-10-24T17:21:56+00:00,2025-10-24T20:06:56+00:00,9900
M2,C07,2025-10-24T20:06:56+00:00,2025-10-24T22:36:56+00:00,9000
M2,C07,2025-10-24T22:36:56+00:00,2025-10-25T00:06:56+00:00,5400
M2,C07,2025-10-25T00:06:56+00:00,2025-10-25T01:51:56+00:00,6300
M2,C07,2025-10-25T01:51:56+00:00,2025-10-25T05:51:56+00:00,14400
M2,C07,2025-10-25T05:51:56+00:00,2025-10-25T15:36:56+00:00,35100
M2,C07,2025-10-25T15:36:56+00:00,2025-10-25T23:51:56+00:00,29700
M2,C07,2025-10-25T23:51:56+00:00,2025-10-26T03:21:56+00:00,12600
M2,C07,2025-10-26T03:21:56+00:00,2025-10-26T07:51:56+00:00,16200
M2,C07,2025-10-26T07:51:56+00:00,2025-10-26T17:06:57+00:00,33301
M2,C07,2025-10-26T17:06:57+00:00,2025-10-27T01:21:57+00:00,29700
M2,C07,2025-10-27T01:21:57+00:00,2025-10-27T12:21:57+00:00,39600
M2,C07,2025-10-27T12:21:57+00:00,2025-10-27T19:51:54+00:00,26997
M2,C07,2025-10-27T19:51:54+00:00,2025-10-28T06:36:54+00:00,38700
M2,C07,2025-10-28T06:36:54+00:00,2025-10-28T11:21:55+00:00,17101
M2,C07,2025-10-28T11:21:55+00:00,2025-10-28T12:21:55+00:00,3600
M2,C07,2025-10-28T12:21:55+00:00,2025-10-29T02:51:55+00:00,52200
M2,C07,2025-10-29T02:51:55+00:00,2025-10-29T10:51:55+00:00,28800
M2,C07,2025-10-29T10:51:55+00:00,2025-10-29T14:05:55+00:00,11640
M2,C07,2025-10-29T14:05:55+00:00,2025-10-29T15:05:55+00:00,3600
M2,C07,2025-10-29T15:05:55+00:00,2025-10-30T06:36:55+00:00,55860
M2,C07,2025-10-30T06:36:55+00:00,2025-10-30T07:36:55+00:00,3600
M2,C07,2025-10-30T07:36:55+00:00,2025-10-31T06:06:55+00:00,81000
M2,C07,2025-10-31T06:06:55+00:00,2025-10-31T07:51:55+00:00,6300
M2,C07,2025-10-31T07:51:55+00:00,2025-10-31T10:36:55+00:00,9900
M2,C07,2025-10-31T10:36:55+00:00,2025-10-31T12:06:55+00:00,5400
M2,C07,2025-10-31T12:06:55+00:00,2025-11-02T10:36:55+00:00,167400
M2,C07,2025-11-02T10:36:55+00:00,2025-11-02T11:51:55+00:00,4500
M2,C07,2025-11-02T11:51:55+00:00,2025-11-02T14:06:55+00:00,8100
M2,C07,2025-11-02T14:06:55+00:00,2025-11-03T01:51:55+00:00,42300
M2,C07,2025-11-03T01:51:55+00:00,2025-11-04T13:51:56+00:00,129601
M2,C07,2025-11-04T13:51:56+00:00,2025-11-04T16:21:56+00:00,9000
M2,C07,2025-11-04T16:21:56+00:00,2025-11-05T04:06:56+00:00,42300
M2,C07,2025-11-05T04:06:56+00:00,2025-11-05T05:06:56+00:00,3600
M2,C07,2025-11-05T05:06:56+00:00,2025-11-05T10:21:56+00:00,18900
M2,C07,2025-11-05T10:21:56+00:00,2025-11-05T17:06:56+00:00,24300
M2,C07,2025-11-05T17:06:56+00:00,2025-11-06T04:36:56+00:00,41400
M2,C07,2025-11-06T04:36:56+00:00,2025-11-06T08:21:56+00:00,13500
M2,C07,2025-11-06T08:21:56+00:00,2025-11-06T12:06:56+00:00,13500
M2,C07,2025-11-06T12:06:56+00:00,2025-11-06T17:06:56+00:00,18000
M2,C07,2025-11-06T17:06:56+00:00,2025-11-07T05:51:56+00:00,45900
M2,C07,2025-11-07T05:51:56+00:00,2025-11-07T13:36:56+00:00,27900
M2,C07,2025-11-07T13:36:56+00:00,2025-11-08T02:21:56+00:00,45900
M2,C07,2025-11-08T02:21:56+00:00,2025-11-08T07:21:56+00:00,18000
M2,C07,2025-11-08T07:21:56+00:00,2025-11-08T13:36:56+00:00,22500
M2,C07,2025-11-08T13:36:56+00:00,2025-11-09T12:21:57+00:00,81901
M2,C07,2025-11-09T12:21:57+00:00,2025-11-09T14:36:57+00:00,8100
M2,C07,2025-11-09T14:36:57+00:00,2025-11-10T01:36:57+00:00,39600
M2,C07,2025-11-10T01:36:57+00:00,2025-11-10T08:06:57+00:00,23400
M2,C07,2025-11-10T08:06:57+00:00,2025-11-11T09:36:55+00:00,91798
M2,C07,2025-11-11T09:36:55+00:00,2025-11-12T01:21:55+00:00,56700
M2,C07,2025-11-12T01:21:55+00:00,2025-11-12T05:36:55+00:00,15300
M2,C07,2025-11-12T05:36:55+00:00,2025-11-12T11:51:55+00:00,22500
M2,C07,2025-11-12T12:06:55+00:00,2025-11-12T14:51:55+00:00,9900
M2,C07,2025-11-12T14:51:55+00:00,2025-11-13T06:21:55+00:00,55800
M2,C07,2025-11-13T06:21:55+00:00,2025-11-13T06:51:55+00:00,1800
M2,C07,2025-11-13T06:51:55+00:00,2025-11-13T11:06:55+00:00,15300
M2,C07,2025-11-13T11:06:55+00:00,2025-11-13T12:36:55+00:00,5400
M2,C07,2025-11-13T12:36:55+00:00,2025-11-14T22:51:55+00:00,123300
M2,C07,2025-11-14T22:51:55+00:00,2025-11-15T00:51:55+00:00,7200
M2,C07,2025-11-15T00:51:55+00:00,2025-11-15T09:21:55+00:00,30600
M2,C07,2025-11-15T09:21:55+00:00,2025-11-15T17:06:55+00:00,27900
M2,C07,2025-11-15T17:06:55+00:00,2025-11-16T01:51:55+00:00,31500
M2,C07,2025-11-16T01:51:55+00:00,2025-11-16T06:06:55+00:00,15300
M2,C07,2025-11-16T06:06:55+00:00,2025-11-16T07:51:55+00:00,6300
M2,C07,2025-11-16T07:51:55+00:00,2025-11-16T11:06:55+00:00,11700
M2,C07,2025-11-16T11:06:55+00:00,2025-11-16T12:51:55+00:00,6300
M2,C07,2025-11-16T12:51:55+00:00,2025-11-16T23:36:55+00:00,38700
M2,C07,2025-11-16T23:36:55+00:00,2025-11-17T00:06:55+00:00,1800
M2,C07,2025-11-17T00:06:55+00:00,2025-11-17T02:06:55+00:00,7200
M2,C07,2025-11-17T02:06:55+00:00,2025-11-17T22:21:56+00:00,72901
M2,C07,2025-11-17T22:21:56+00:00,2025-11-18T03:36:56+00:00,18900
M2,C07,2025-11-18T03:36:56+00:00,2025-11-18T09:36:56+00:00,21600
M2,C07,2025-11-18T09:36:56+00:00,2025-11-18T10:36:56+00:00,3600
M2,C07,2025-11-18T10:36:56+00:00,2025-11-18T18:36:56+00:00,28800
M2,C07,2025-11-18T18:36:56+00:00,2025-11-19T00:21:56+00:00,20700
M2,C07,2025-11-19T00:21:56+00:00,2025-11-19T06:51:56+00:00,23400
M2,C07,2025-11-19T06:51:56+00:00,2025-11-19T13:36:56+00:00,24300
M2,C07,2025-11-19T13:36:56+00:00,2025-11-20T01:21:56+00:00,42300
M2,C07,2025-11-20T01:21:56+00:00,2025-11-20T06:06:56+00:00,17100
M2,C07,2025-11-20T06:06:56+00:00,2025-11-20T07:06:56+00:00,3600
M2,C07,2025-11-20T07:06:56+00:00,2025-11-20T09:21:56+00:00,8100
M2,C07,2025-11-20T09:21:56+00:00,2025-11-20T09:51:56+00:00,1800
M2,C07,2025-11-20T09:51:56+00:00,2025-11-20T11:06:56+00:00,4500
M2,C07,2025-11-20T11:06:56+00:00,2025-11-20T13:06:56+00:00,7200
M2,C07,2025-11-20T13:06:56+00:00,2025-11-20T19:05:56+00:00,21540
M2,C07,2025-11-20T19:05:56+00:00,2025-11-20T22:05:56+00:00,10800
M2,C07,2025-11-20T22:05:56+00:00,2025-11-21T09:06:56+00:00,39660
M2,C07,2025-11-21T09:06:56+00:00,2025-11-21T13:21:56+00:00,15300
M2,C07,2025-11-21T13:21:56+00:00,2025-11-22T01:06:56+00:00,42300
M2,C07,2025-11-22T01:06:56+00:00,2025-11-22T01:36:56+00:00,1800
M2,C07,2025-11-22T01:36:56+00:00,2025-11-22T12:21:56+00:00,38700
M2,C07,2025-11-22T12:21:56+00:00,2025-11-23T02:51:56+00:00,52200
M2,C07,2025-11-23T02:51:56+00:00,2025-11-23T03:51:56+00:00,3600
M2,C07,2025-11-23T03:51:56+00:00,2025-11-24T01:36:57+00:00,78301
M2,C07,2025-11-24T01:36:57+00:00,2025-11-24T14:06:57+00:00,45000
M2,C07,2025-11-24T14:06:57+00:00,2025-11-25T00:21:54+00:00,36897
M2,C07,2025-11-25T00:21:54+00:00,2025-11-25T14:53:55+00:00,52321
M2,C07,2025-11-25T14:53:55+00:00,2025-11-26T02:21:55+00:00,41280
M2,C07,2025-11-26T02:21:55+00:00,2025-11-26T07:36:55+00:00,18900
M2,C07,2025-11-26T07:36:55+00:00,2025-11-26T10:21:55+00:00,9900
M2,C07,2025-11-26T10:21:55+00:00,2025-11-26T15:51:55+00:00,19800
M2,C07,2025-11-26T15:51:55+00:00,2025-11-26T16:21:55+00:00,1800
M2,C07,2025-11-26T16:21:55+00:00,2025-11-27T02:06:55+00:00,35100
M2,C07,2025-11-27T02:06:55+00:00,2025-11-27T23:21:55+00:00,76500
M2,C07,2025-11-27T23:21:55+00:00,2025-11-28T02:36:55+00:00,11700
M2,C07,2025-11-28T02:36:55+00:00,2025-11-28T06:21:55+00:00,13500
M2,C07,2025-11-28T06:21:55+00:00,2025-11-28T07:06:55+00:00,2700
M2,C07,2025-11-28T07:06:55+00:00,2025-11-28T09:06:55+00:00,7200
M2,C07,2025-11-28T09:06:55+00:00,2025-11-28T12:21:55+00:00,11700
M2,C07,2025-11-28T12:21:55+00:00,2025-11-28T22:06:55+00:00,35100
M2,C07,2025-11-28T22:06:55+00:00,2025-11-29T11:36:55+00:00,48600
M2,C07,2025-11-29T11:36:55+00:00,2025-11-30T04:21:55+00:00,60300
M2,C07,2025-11-30T04:21:55+00:00,2025-12-01T05:36:55+00:00,90900
M2,C07,2025-12-01T05:36:55+00:00,2025-12-01T10:36:56+00:00,18001
M2,C07,2025-12-01T10:36:56+00:00,2025-12-01T11:51:56+00:00,4500
M2,C07,2025-12-01T11:51:56+00:00,2025-12-01T17:36:56+00:00,20700
M2,C07,2025-12-01T17:36:56+00:00,2025-12-02T03:36:56+00:00,36000
M2,C07,2025-12-02T03:36:56+00:00,2025-12-02T15:05:56+00:00,41340
M2,C07,2025-12-02T15:05:56+00:00,2025-12-02T16:53:56+00:00,6480
M2,C07,2025-12-02T16:53:56+00:00,2025-12-03T10:21:56+00:00,62880
M2,C07,2025-12-03T10:21:56+00:00,2025-12-03T13:36:56+00:00,11700
M2,C07,2025-12-03T13:53:56+00:00,2025-12-03T15:05:56+00:00,4320
M2,C07,2025-12-03T15:23:56+00:00,2025-12-03T21:51:56+00:00,23280
M2,C07,2025-12-03T21:51:56+00:00,2025-12-04T01:51:56+00:00,14400
M2,C07,2025-12-04T01:51:56+00:00,2025-12-04T11:06:56+00:00,33300
M2,C07,2025-12-04T11:06:56+00:00,2025-12-04T12:06:56+00:00,3600
M2,C07,2025-12-04T12:06:56+00:00,2025-12-04T20:36:56+00:00,30600
M2,C07,2025-12-04T20:36:56+00:00,2025-12-05T02:51:56+00:00,22500
M2,C07,2025-12-05T02:51:56+00:00,2025-12-05T05:36:56+00:00,9900
M2,C07,2025-12-05T05:36:56+00:00,2025-12-05T08:21:56+00:00,9900
M2,C07,2025-12-05T08:21:56+00:00,2025-12-06T07:21:56+00:00,82800
M2,C07,2025-12-06T07:21:56+00:00,2025-12-06T08:06:56+00:00,2700
M2,C07,2025-12-06T08:06:56+00:00,2025-12-06T11:36:56+00:00,12600
M2,C07,2025-12-06T11:36:56+00:00,2025-12-07T05:36:56+00:00,64800
M2,C07,2025-12-07T05:36:56+00:00,2025-12-07T07:21:56+00:00,6300
M2,C07,2025-12-07T07:21:56+00:00,2025-12-07T10:36:57+00:00,11701
M2,C07,2025-12-07T10:36:57+00:00,2025-12-07T12:06:57+00:00,5400
M2,C07,2025-12-07T12:06:57+00:00,2025-12-08T09:21:57+00:00,76500
M2,C07,2025-12-08T09:21:57+00:00,2025-12-09T01:21:57+00:00,57600
M2,C07,2025-12-09T01:21:57+00:00,2025-12-09T04:36:57+00:00,11700
M2,C07,2025-12-09T04:36:57+00:00,2025-12-09T05:51:57+00:00,4500
M2,C07,2025-12-09T05:51:57+00:00,2025-12-09T10:36:57+00:00,17100
M2,C07,2025-12-09T10:36:57+00:00,2025-12-09T11:06:57+00:00,1800
M2,C07,2025-12-09T11:06:57+00:00,2025-12-09T14:36:57+00:00,12600
M2,C07,2025-12-09T14:36:57+00:00,2025-12-10T02:06:54+00:00,41397
M2,C07,2025-12-10T02:06:54+00:00,2025-12-10T16:36:55+00:00,52201
M2,C07,2025-12-10T16:36:55+00:00,2025-12-11T07:51:55+00:00,54900
M2,C07,2025-12-11T07:51:55+00:00,2025-12-11T10:51:55+00:00,10800
M2,C07,2025-12-11T10:51:55+00:00,2025-12-11T14:06:55+00:00,11700
M2,C07,2025-12-11T14:06:55+00:00,2025-12-11T15:06:55+00:00,3600
M2,C07,2025-12-11T15:06:55+00:00,2025-12-12T02:51:55+00:00,42300
M2,C07,2025-12-12T02:51:55+00:00,2025-12-12T09:36:55+00:00,24300
M2,C07,2025-12-12T09:36:55+00:00,2025-12-12T13:21:55+00:00,13500
M2,C07,2025-12-12T13:21:55+00:00,2025-12-12T14:51:55+00:00,5400
M2,C07,2025-12-12T15:06:55+00:00,2025-12-13T00:21:55+00:00,33300
M2,C07,2025-12-13T00:21:55+00:00,2025-12-14T03:06:55+00:00,96300
M2,C07,2025-12-14T03:06:55+00:00,2025-12-15T07:36:55+00:00,102600
M2,C07,2025-12-15T07:36:55+00:00,2025-12-15T17:06:55+00:00,34200
M2,C07,2025-12-15T17:06:55+00:00,2025-12-15T18:05:55+00:00,3540
M2,C07,2025-12-15T18:05:55+00:00,2025-12-16T01:21:55+00:00,26160
M2,C07,2025-12-16T01:21:55+00:00,2025-12-16T05:21:55+00:00,14400
M2,C07,2025-12-16T05:21:55+00:00,2025-12-16T07:51:55+00:00,9000
M2,C07,2025-12-16T08:06:55+00:00,2025-12-17T14:06:56+00:00,108001
M2,C07,2025-12-17T14:06:56+00:00,2025-12-17T14:36:56+00:00,1800
M2,C07,2025-12-17T14:36:56+00:00,2025-12-18T01:36:56+00:00,39600
M2,C07,2025-12-18T01:36:56+00:00,2025-12-18T09:36:56+00:00,28800
M2,C07,2025-12-18T09:36:56+00:00,2025-12-19T06:21:56+00:00,74700
M2,C07,2025-12-19T06:21:56+00:00,2025-12-19T09:36:56+00:00,11700
M2,C07,2025-12-19T09:36:56+00:00,2025-12-19T13:06:56+00:00,12600
M2,C07,2025-12-19T13:06:56+00:00,2025-12-19T16:21:56+00:00,11700
M2,C07,2025-12-19T16:21:56+00:00,2025-12-20T04:51:56+00:00,45000
M2,C07,2025-12-20T04:51:56+00:00,2025-12-20T05:36:56+00:00,2700
M2,C07,2025-12-20T05:36:56+00:00,2025-12-20T09:51:56+00:00,15300
M2,C07,2025-12-20T09:51:56+00:00,2025-12-20T16:21:56+00:00,23400
M2,C07,2025-12-20T16:21:56+00:00,2025-12-21T04:06:56+00:00,42300
M2,C07,2025-12-21T04:06:56+00:00,2025-12-22T06:21:56+00:00,94500
M2,C07,2025-12-22T06:21:56+00:00,2025-12-22T09:06:56+00:00,9900
M2,C07,2025-12-22T09:06:56+00:00,2025-12-22T10:36:56+00:00,5400
M2,C07,2025-12-22T10:36:56+00:00,2025-12-22T16:06:54+00:00,19798
M2,C07,2025-12-22T16:06:54+00:00,2025-12-23T02:36:54+00:00,37800
M2,C07,2025-12-23T02:36:54+00:00,2025-12-23T07:51:54+00:00,18900
M2,C07,2025-12-23T07:51:54+00:00,2025-12-23T09:21:54+00:00,5400
M2,C07,2025-12-23T09:21:54+00:00,2025-12-23T17:06:55+00:00,27901
M2,C07,2025-12-23T17:06:55+00:00,2025-12-23T21:21:55+00:00,15300
M2,C07,2025-12-23T21:21:55+00:00,2025-12-24T12:51:55+00:00,55800
M2,C07,2025-12-24T12:51:55+00:00,2025-12-25T06:36:55+00:00,63900
M2,C07,2025-12-25T06:36:55+00:00,2025-12-26T00:51:55+00:00,65700
M2,C07,2025-12-26T00:51:55+00:00,2025-12-26T04:51:55+00:00,14400
M2,C07,2025-12-26T04:51:55+00:00,2025-12-26T08:06:55+00:00,11700
M2,C07,2025-12-26T08:06:55+00:00,2025-12-26T11:51:55+00:00,13500
M2,C07,2025-12-26T11:51:55+00:00,2025-12-27T05:21:55+00:00,63000
M2,C07,2025-12-27T05:21:55+00:00,2025-12-27T09:51:55+00:00,16200
M2,C07,2025-12-27T09:51:55+00:00,2025-12-27T10:36:55+00:00,2700
M2,C07,2025-12-27T10:36:55+00:00,2025-12-27T12:06:55+00:00,5400
M2,C07,2025-12-27T12:06:55+00:00,2025-12-27T20:06:55+00:00,28800
M2,C07,2025-12-27T20:06:55+00:00,2025-12-27T23:06:55+00:00,10800
M2,C07,2025-12-27T23:06:55+00:00,2025-12-28T04:51:55+00:00,20700
M2,C07,2025-12-28T04:51:55+00:00,2025-12-28T10:21:55+00:00,19800
M2,C07,2025-12-28T10:21:55+00:00,2025-12-28T13:36:55+00:00,11700
M2,C07,2025-12-28T13:36:55+00:00,2025-12-28T14:36:55+00:00,3600
M2,C07,2025-12-28T14:36:55+00:00,2025-12-28T15:06:55+00:00,1800
M2,C07,2025-12-28T15:06:55+00:00,2025-12-29T12:36:56+00:00,77401
M2,C07,2025-12-29T12:36:56+00:00,2025-12-30T06:06:56+00:00,63000
M2,C07,2025-12-30T06:06:56+00:00,2025-12-31T13:36:56+00:00,113400
M2,C07,2025-12-31T13:36:56+00:00,2026-01-02T03:06:56+00:00,135000
M2,C07,2026-01-02T03:06:56+00:00,2026-01-02T09:21:56+00:00,22500
M2,C07,2026-01-02T09:21:56+00:00,2026-01-02T13:06:56+00:00,13500
M2,C07,2026-01-02T13:06:56+00:00,2026-01-02T13:36:56+00:00,1800
M2,C07,2026-01-02T13:36:56+00:00,2026-01-03T07:36:56+00:00,64800
M2,C07,2026-01-03T07:36:56+00:00,2026-01-03T08:51:56+00:00,4500
M2,C07,2026-01-03T08:51:56+00:00,2026-01-03T11:36:56+00:00,9900
M2,C07,2026-01-03T11:36:56+00:00,2026-01-03T12:36:56+00:00,3600
M2,C07,2026-01-03T12:36:56+00:00,2026-01-04T04:06:56+00:00,55800
M2,C07,2026-01-04T04:06:56+00:00,2026-01-04T06:36:56+00:00,9000
M2,C07,2026-01-04T06:36:56+00:00,2026-01-04T18:06:57+00:00,41401
M2,C07,2026-01-04T18:06:57+00:00,2026-01-05T02:36:57+00:00,30600
M2,C07,2026-01-05T02:36:57+00:00,2026-01-05T03:51:57+00:00,4500
M2,C07,2026-01-05T03:51:57+00:00,2026-01-05T04:36:57+00:00,2700
M2,C07,2026-01-05T04:36:57+00:00,2026-01-05T11:21:57+00:00,24300
M2,C07,2026-01-05T11:21:57+00:00,2026-01-05T13:51:57+00:00,9000
M2,C07,2026-01-05T13:51:57+00:00,2026-01-06T01:51:54+00:00,43197
M2,C07,2026-01-06T01:51:54+00:00,2026-01-06T07:36:54+00:00,20700
M2,C07,2026-01-06T07:36:54+00:00,2026-01-07T02:51:55+00:00,69301
M2,C07,2026-01-07T02:51:55+00:00,2026-01-07T04:51:55+00:00,7200
M2,C07,2026-01-07T04:51:55+00:00,2026-01-07T09:21:55+00:00,16200
M2,C07,2026-01-07T09:21:55+00:00,2026-01-08T03:51:55+00:00,66600
M2,C07,2026-01-08T03:51:55+00:00,2026-01-08T14:06:55+00:00,36900
M2,C07,2026-01-08T14:06:55+00:00,2026-01-08T23:06:55+00:00,32400
M2,C07,2026-01-08T23:06:55+00:00,2026-01-09T15:36:55+00:00,59400
M2,C07,2026-01-09T15:36:55+00:00,2026-01-10T05:36:55+00:00,50400
M2,C07,2026-01-10T05:36:55+00:00,2026-01-10T14:36:55+00:00,32400
M2,C07,2026-01-10T14:36:55+00:00,2026-01-10T17:06:55+00:00,9000
M2,C07,2026-01-10T17:06:55+00:00,2026-01-11T16:51:55+00:00,85500
M2,C07,2026-01-11T16:51:55+00:00,2026-01-12T07:51:55+00:00,54000
M2,C07,2026-01-12T07:51:55+00:00,2026-01-12T09:06:55+00:00,4500
M2,C07,2026-01-12T09:06:55+00:00,2026-01-12T11:06:56+00:00,7201
M2,C07,2026-01-12T11:06:56+00:00,2026-01-12T12:51:56+00:00,6300
M2,C07,2026-01-12T12:51:56+00:00,2026-01-12T14:06:56+00:00,4500
M2,C07,2026-01-12T14:06:56+00:00,2026-01-13T05:21:56+00:00,54900
M2,C07,2026-01-13T05:21:56+00:00,2026-01-13T09:06:56+00:00,13500
M2,C07,2026-01-13T09:06:56+00:00,2026-01-13T13:51:56+00:00,17100
M2,C07,2026-01-13T13:51:56+00:00,2026-01-13T15:05:56+00:00,4440
M2,C07,2026-01-13T15:05:56+00:00,2026-01-13T15:53:56+00:00,2880
M2,C07,2026-01-13T15:53:56+00:00,2026-01-14T04:51:56+00:00,46680
M2,C07,2026-01-14T04:51:56+00:00,2026-01-14T10:51:56+00:00,21600
M2,C07,2026-01-14T10:51:56+00:00,2026-01-14T16:06:56+00:00,18900
M2,C07,2026-01-14T16:06:56+00:00,2026-01-15T04:21:56+00:00,44100
M2,C07,2026-01-15T04:21:56+00:00,2026-01-16T02:51:56+00:00,81000
M2,C07,2026-01-16T02:51:56+00:00,2026-01-16T10:36:56+00:00,27900
M2,C07,2026-01-16T10:36:56+00:00,2026-01-16T11:51:56+00:00,4500
M2,C07,2026-01-16T11:51:56+00:00,2026-01-16T12:36:56+00:00,2700
M2,C07,2026-01-16T12:36:56+00:00,2026-01-17T14:06:56+00:00,91800
M2,C07,2026-01-17T14:06:56+00:00,2026-01-18T11:21:57+00:00,76501
M2,C07,2026-01-18T11:21:57+00:00,2026-01-18T14:21:57+00:00,10800
M2,C07,2026-01-18T14:36:57+00:00,2026-01-19T05:51:57+00:00,54900
M2,C07,2026-01-19T05:51:57+00:00,2026-01-21T06:06:55+00:00,173698
M2,C07,2026-01-21T06:06:55+00:00,2026-01-21T12:06:55+00:00,21600
M2,C07,2026-01-21T12:06:55+00:00,2026-01-22T13:53:55+00:00,92820
M2,C07,2026-01-22T13:53:55+00:00,2026-01-24T09:06:55+00:00,155580
M2,C07,2026-01-24T09:06:55+00:00,2026-01-25T04:36:55+00:00,70200
M2,C07,2026-01-25T04:36:55+00:00,2026-01-26T04:36:55+00:00,86400
M2,C07,2026-01-26T04:36:55+00:00,2026-01-27T07:51:56+00:00,98101
M2,C07,2026-01-27T07:51:56+00:00,2026-01-27T15:06:56+00:00,26100
M2,C07,2026-01-27T15:06:56+00:00,2026-01-30T14:36:56+00:00,257400
M2,C07,2026-01-30T14:36:56+00:00,2026-02-04T12:21:55+00:00,423899
M2,C07,2026-02-04T12:21:55+00:00,2026-02-04T13:21:55+00:00,3600
M2,C07,2026-02-04T13:21:55+00:00,2026-02-08T12:36:55+00:00,342900
M2,C07,2026-02-08T12:36:55+00:00,2026-02-14T12:51:56+00:00,519301
M2,C07,2026-02-14T12:51:56+00:00,2026-02-15T14:51:57+00:00,93601
M2,C07,2026-02-15T14:51:57+00:00,2026-02-16T08:51:57+00:00,64800
M2,C07,2026-02-16T08:51:57+00:00,2026-02-16T19:51:54+00:00,39597
M2,C07,2026-02-16T19:51:54+00:00,2026-02-17T01:36:54+00:00,20700
M2,C07,2026-02-17T01:36:54+00:00,2026-02-17T04:06:54+00:00,9000
M2,C07,2026-02-17T04:06:54+00:00,2026-02-18T08:21:55+00:00,101701
M2,C07,2026-02-18T08:21:55+00:00,2026-02-18T11:06:55+00:00,9900
M2,C07,2026-02-18T11:06:55+00:00,2026-02-19T07:36:55+00:00,73800
M2,C07,2026-02-19T07:36:55+00:00,2026-02-19T08:36:55+00:00,3600
M2,C07,2026-02-19T08:36:55+00:00,2026-02-20T04:36:55+00:00,72000
M2,C07,2026-02-20T04:36:55+00:00,2026-02-20T08:51:55+00:00,15300
M2,C07,2026-02-20T08:51:55+00:00,2026-02-20T11:36:55+00:00,9900
M2,C07,2026-02-20T11:36:55+00:00,2026-02-21T11:06:55+00:00,84600
M2,C07,2026-02-21T11:06:55+00:00,2026-02-21T14:21:55+00:00,11700
M2,C07,2026-02-21T14:21:55+00:00,2026-02-22T07:51:55+00:00,63000
M2,C07,2026-02-22T07:51:55+00:00,2026-02-22T09:21:55+00:00,5400
M2,C07,2026-02-22T09:21:55+00:00,2026-02-23T04:51:55+00:00,70200
M2,C07,2026-02-23T04:51:55+00:00,2026-02-23T06:51:55+00:00,7200
M2,C07,2026-02-23T06:51:55+00:00,2026-02-23T09:06:56+00:00,8101
M2,C07,2026-02-23T09:21:56+00:00,2026-05-26T02:06:54+00:00,7922698
M2,C13,2022-08-10T18:51:55+00:00,2022-08-10T19:21:55+00:00,1800
M2,C13,2022-08-13T22:23:54+00:00,2022-08-13T22:51:54+00:00,1680
M2,C13,2022-08-13T23:14:54+00:00,2022-08-13T23:51:54+00:00,2220
M2,C13,2022-08-14T22:56:55+00:00,2022-08-14T23:21:55+00:00,1500
M2,C13,2022-08-15T00:25:55+00:00,2022-08-15T00:51:55+00:00,1560
M2,C13,2022-08-15T21:20:55+00:00,2022-08-15T21:44:55+00:00,1440
M2,C13,2022-08-17T00:45:55+00:00,2022-08-17T01:21:55+00:00,2160
M2,C13,2022-08-24T13:24:55+00:00,2022-08-24T13:51:55+00:00,1620
M2,C13,2022-08-25T11:51:55+00:00,2022-08-25T12:24:55+00:00,1980
M2,C13,2022-08-25T18:54:54+00:00,2022-08-25T19:24:54+00:00,1800
M2,C13,2022-08-26T18:51:55+00:00,2022-08-26T19:21:55+00:00,1800
M2,C13,2022-08-29T16:39:54+00:00,2022-08-29T17:51:54+00:00,4320
M2,C13,2022-08-29T18:54:54+00:00,2022-08-29T19:24:54+00:00,1800
M2,C13,2022-08-29T19:24:54+00:00,2022-08-29T19:51:54+00:00,1620
M2,C13,2022-09-02T08:56:57+00:00,2022-09-02T09:21:55+00:00,1498
M2,C13,2022-09-03T08:56:57+00:00,2022-09-03T09:21:54+00:00,1497
M2,C13,2022-09-06T20:51:54+00:00,2022-09-06T21:21:54+00:00,1800
M2,C13,2022-09-07T16:24:55+00:00,2022-09-07T16:51:55+00:00,1620
M2,C13,2022-09-08T15:54:55+00:00,2022-10-13T16:24:55+00:00,3025800
M2,C13,2022-10-13T20:24:55+00:00,2022-10-13T20:51:55+00:00,1620
M2,C13,2022-10-17T02:14:55+00:00,2022-10-17T02:51:55+00:00,2220
M2,C13,2022-10-18T15:24:55+00:00,2022-10-18T15:51:55+00:00,1620
M2,C13,2022-10-31T21:24:55+00:00,2022-10-31T21:51:55+00:00,1620
M2,C13,2022-11-07T19:49:54+00:00,2022-11-08T01:35:54+00:00,20760
M2,C13,2022-11-15T20:24:55+00:00,2022-11-15T20:51:55+00:00,1620
M2,C13,2022-11-16T16:51:55+00:00,2023-01-04T18:36:55+00:00,4239900
M2,C13,2023-01-11T20:51:55+00:00,2023-01-11T21:24:55+00:00,1980
M2,C13,2023-01-11T21:54:55+00:00,2023-01-11T22:24:55+00:00,1800
M2,C13,2023-01-11T22:54:55+00:00,2023-01-11T23:24:55+00:00,1800
M2,C13,2023-01-11T23:54:55+00:00,2023-01-12T00:23:55+00:00,1740
M2,C13,2023-01-24T04:36:55+00:00,2023-01-24T05:06:55+00:00,1800
M2,C13,2023-01-24T07:06:55+00:00,2023-01-24T07:36:55+00:00,1800
M2,C13,2023-01-24T09:36:55+00:00,2023-01-24T10:06:55+00:00,1800
M2,C13,2023-01-24T18:21:55+00:00,2023-01-24T18:54:55+00:00,1980
M2,C13,2023-01-24T19:24:55+00:00,2023-01-24T19:51:55+00:00,1620
M2,C13,2023-01-25T00:36:55+00:00,2023-01-25T01:06:55+00:00,1800
M2,C13,2023-01-25T03:06:55+00:00,2023-01-25T03:36:55+00:00,1800
M2,C13,2023-01-25T06:36:55+00:00,2023-01-25T07:06:55+00:00,1800
M2,C13,2023-01-26T05:06:55+00:00,2023-01-26T05:36:55+00:00,1800
M2,C13,2023-01-26T06:06:55+00:00,2023-01-26T06:36:55+00:00,1800
M2,C13,2023-01-26T08:36:55+00:00,2023-01-26T09:06:55+00:00,1800
M2,C13,2023-01-26T09:36:55+00:00,2023-01-26T10:06:55+00:00,1800
M2,C13,2023-01-27T06:06:55+00:00,2023-01-27T06:36:55+00:00,1800
M2,C13,2023-01-27T06:36:55+00:00,2023-01-27T07:06:55+00:00,1800
M2,C13,2023-01-28T02:36:56+00:00,2023-01-28T03:06:56+00:00,1800
M2,C13,2023-01-28T08:06:56+00:00,2023-01-28T08:36:56+00:00,1800
M2,C13,2023-01-28T13:36:56+00:00,2023-01-28T14:06:56+00:00,1800
M2,C13,2023-01-30T06:36:54+00:00,2023-01-30T07:06:54+00:00,1800
M2,C13,2023-01-30T07:06:54+00:00,2023-01-30T07:36:54+00:00,1800
M2,C13,2023-01-30T10:36:55+00:00,2023-01-30T11:06:55+00:00,1800
M2,C13,2023-01-30T11:36:55+00:00,2023-01-30T12:06:55+00:00,1800
M2,C13,2023-01-30T13:36:55+00:00,2023-01-30T14:06:55+00:00,1800
M2,C13,2023-01-30T15:06:55+00:00,2023-01-30T15:36:55+00:00,1800
M2,C13,2023-01-31T13:06:55+00:00,2023-01-31T13:36:55+00:00,1800
M2,C13,2023-02-02T11:06:55+00:00,2023-02-02T11:36:55+00:00,1800
M2,C13,2023-02-02T13:06:55+00:00,2023-02-02T13:36:55+00:00,1800
M2,C13,2023-02-04T01:06:55+00:00,2023-02-04T01:36:55+00:00,1800
M2,C13,2023-02-05T06:36:55+00:00,2023-02-05T07:06:55+00:00,1800
M2,C13,2023-02-05T11:06:55+00:00,2023-02-05T11:36:55+00:00,1800
M2,C13,2023-02-05T12:21:55+00:00,2023-02-05T12:51:55+00:00,1800
M2,C13,2023-02-05T13:36:55+00:00,2023-02-05T14:06:55+00:00,1800
M2,C13,2023-02-05T15:36:55+00:00,2023-02-05T16:06:55+00:00,1800
M2,C13,2023-02-05T18:06:55+00:00,2023-02-05T18:36:55+00:00,1800
M2,C13,2023-02-06T06:36:56+00:00,2023-02-06T07:06:56+00:00,1800
M2,C13,2023-02-06T07:36:56+00:00,2023-02-06T08:06:56+00:00,1800
M2,C13,2023-02-06T10:06:56+00:00,2023-02-06T10:36:56+00:00,1800
M2,C13,2023-02-06T11:06:56+00:00,2023-02-06T11:36:56+00:00,1800
M2,C13,2023-02-06T18:06:56+00:00,2023-02-06T18:36:56+00:00,1800
M2,C13,2023-02-06T19:21:56+00:00,2023-02-06T19:51:56+00:00,1800
M2,C13,2023-02-07T10:06:56+00:00,2023-02-07T10:36:56+00:00,1800
M2,C13,2023-02-07T13:36:56+00:00,2023-02-07T14:24:56+00:00,2880
M2,C13,2023-02-07T15:54:56+00:00,2023-02-07T16:24:56+00:00,1800
M2,C13,2023-02-07T23:04:56+00:00,2023-02-07T23:36:56+00:00,1920
M2,C13,2023-02-08T07:36:56+00:00,2023-02-08T08:06:56+00:00,1800
M2,C13,2023-02-08T23:06:56+00:00,2023-02-08T23:36:56+00:00,1800
M2,C13,2023-02-09T11:36:56+00:00,2023-02-09T12:06:56+00:00,1800
M2,C13,2023-02-09T14:36:56+00:00,2023-02-09T15:06:56+00:00,1800
M2,C13,2023-02-10T09:36:55+00:00,2023-02-10T10:06:55+00:00,1800
M2,C13,2023-02-11T10:06:55+00:00,2023-02-11T10:36:55+00:00,1800
M2,C13,2023-02-13T11:21:55+00:00,2023-02-13T12:06:55+00:00,2700
M2,C13,2023-02-13T12:06:55+00:00,2023-02-13T12:36:55+00:00,1800
M2,C13,2023-02-13T17:36:55+00:00,2023-02-13T18:06:55+00:00,1800
M2,C13,2023-02-13T19:06:55+00:00,2023-02-13T19:36:55+00:00,1800
M2,C13,2023-02-13T19:51:55+00:00,2023-02-13T20:21:55+00:00,1800
M2,C13,2023-02-14T03:21:55+00:00,2023-02-14T03:51:55+00:00,1800
M2,C13,2023-02-14T05:06:55+00:00,2023-02-14T05:36:55+00:00,1800
M2,C13,2023-02-14T08:51:55+00:00,2023-02-14T09:21:55+00:00,1800
M2,C13,2023-02-14T10:21:55+00:00,2023-02-14T10:51:55+00:00,1800
M2,C13,2023-02-14T11:21:55+00:00,2023-02-14T11:51:55+00:00,1800
M2,C13,2023-02-14T12:36:55+00:00,2023-02-14T13:06:55+00:00,1800
M2,C13,2023-02-15T04:36:55+00:00,2023-02-15T05:06:55+00:00,1800
M2,C13,2023-02-15T08:06:55+00:00,2023-02-15T08:36:55+00:00,1800
M2,C13,2023-02-15T08:36:55+00:00,2023-02-15T09:21:55+00:00,2700
M2,C13,2023-02-15T12:51:55+00:00,2023-02-15T13:21:55+00:00,1800
M2,C13,2023-02-15T13:36:55+00:00,2023-02-15T14:06:55+00:00,1800
M2,C13,2023-02-16T08:36:55+00:00,2023-02-16T09:06:55+00:00,1800
M2,C13,2023-02-16T09:21:55+00:00,2023-02-16T09:51:55+00:00,1800
M2,C13,2023-02-16T12:36:55+00:00,2023-02-16T13:06:55+00:00,1800
M2,C13,2023-02-16T15:36:55+00:00,2023-02-16T16:06:55+00:00,1800
M2,C13,2023-02-17T09:06:56+00:00,2023-02-17T09:36:56+00:00,1800
M2,C13,2023-02-17T10:36:56+00:00,2023-02-17T11:06:56+00:00,1800
M2,C13,2023-02-17T16:06:56+00:00,2023-02-17T16:36:56+00:00,1800
M2,C13,2023-02-18T06:51:56+00:00,2023-02-18T07:21:56+00:00,1800
M2,C13,2023-02-18T08:06:56+00:00,2023-02-18T08:36:56+00:00,1800
M2,C13,2023-02-19T07:06:56+00:00,2023-02-19T07:36:56+00:00,1800
M2,C13,2023-02-19T08:06:56+00:00,2023-02-19T08:36:56+00:00,1800
M2,C13,2023-02-19T12:51:56+00:00,2023-02-19T13:21:56+00:00,1800
M2,C13,2023-02-19T21:21:56+00:00,2023-02-19T21:51:56+00:00,1800
M2,C13,2023-02-20T05:36:56+00:00,2023-02-20T06:06:56+00:00,1800
M2,C13,2023-02-20T07:06:56+00:00,2023-02-20T07:36:56+00:00,1800
M2,C13,2023-02-20T08:06:56+00:00,2023-02-20T08:36:56+00:00,1800
M2,C13,2023-02-20T08:36:56+00:00,2023-02-20T09:06:56+00:00,1800
M2,C13,2023-02-20T09:06:56+00:00,2023-02-20T09:36:56+00:00,1800
M2,C13,2023-02-20T13:06:56+00:00,2023-02-20T13:36:56+00:00,1800
M2,C13,2023-02-20T16:51:56+00:00,2023-02-20T17:21:56+00:00,1800
M2,C13,2023-02-20T19:06:56+00:00,2023-02-20T20:36:56+00:00,5400
M2,C13,2023-02-21T11:36:56+00:00,2023-02-21T12:06:56+00:00,1800
M2,C13,2023-02-21T21:21:54+00:00,2023-02-21T21:51:54+00:00,1800
M2,C13,2023-02-22T05:06:54+00:00,2023-02-22T05:36:54+00:00,1800
M2,C13,2023-02-23T00:36:55+00:00,2023-02-23T01:06:55+00:00,1800
M2,C13,2023-02-23T03:36:55+00:00,2023-02-23T04:06:55+00:00,1800
M2,C13,2023-02-27T06:36:55+00:00,2023-02-27T07:06:55+00:00,1800
M2,C13,2023-02-27T07:36:55+00:00,2023-02-27T08:06:55+00:00,1800
M2,C13,2023-02-27T12:36:55+00:00,2023-02-27T13:06:55+00:00,1800
M2,C13,2023-02-27T17:21:55+00:00,2023-02-27T17:54:55+00:00,1980
M2,C13,2023-02-27T19:06:55+00:00,2023-02-27T19:54:55+00:00,2880
M2,C13,2023-02-28T04:36:55+00:00,2023-02-28T05:06:55+00:00,1800
M2,C13,2023-02-28T10:06:55+00:00,2023-02-28T10:36:55+00:00,1800
M2,C13,2023-02-28T12:36:55+00:00,2023-02-28T13:06:55+00:00,1800
M2,C13,2023-02-28T21:06:55+00:00,2023-02-28T21:36:55+00:00,1800
M2,C13,2023-03-01T06:36:56+00:00,2023-03-01T07:06:56+00:00,1800
M2,C13,2023-03-01T12:36:56+00:00,2023-03-01T13:06:56+00:00,1800
M2,C13,2023-03-01T18:00:56+00:00,2023-03-01T18:36:56+00:00,2160
M2,C13,2023-03-01T21:06:56+00:00,2023-03-01T21:36:56+00:00,1800
M2,C13,2023-03-02T03:06:56+00:00,2023-03-02T03:36:56+00:00,1800
M2,C13,2023-03-02T08:06:56+00:00,2023-03-02T08:36:56+00:00,1800
M2,C13,2023-03-02T21:06:56+00:00,2023-03-02T21:51:56+00:00,2700
M2,C13,2023-03-03T21:06:56+00:00,2023-03-03T21:51:56+00:00,2700
M2,C13,2023-03-04T06:36:56+00:00,2023-03-04T07:06:56+00:00,1800
M2,C13,2023-03-04T08:06:56+00:00,2023-03-04T08:36:56+00:00,1800
M2,C13,2023-03-04T21:06:56+00:00,2023-03-04T21:51:56+00:00,2700
M2,C13,2023-03-05T07:36:56+00:00,2023-03-05T08:06:56+00:00,1800
M2,C13,2023-03-05T13:06:56+00:00,2023-03-05T13:36:56+00:00,1800
M2,C13,2023-03-05T21:06:56+00:00,2023-03-05T21:51:56+00:00,2700
M2,C13,2023-03-06T06:36:56+00:00,2023-03-06T07:06:56+00:00,1800
M2,C13,2023-03-06T11:06:56+00:00,2023-03-06T11:36:56+00:00,1800
M2,C13,2023-03-06T13:06:56+00:00,2023-03-06T13:36:56+00:00,1800
M2,C13,2023-03-06T15:36:56+00:00,2023-03-06T17:21:54+00:00,6298
M2,C13,2023-03-06T21:06:54+00:00,2023-03-06T21:51:54+00:00,2700
M2,C13,2023-03-07T12:36:55+00:00,2023-03-07T13:06:55+00:00,1800
M2,C13,2023-03-07T21:06:55+00:00,2023-03-07T21:54:55+00:00,2880
M2,C13,2023-03-08T07:06:55+00:00,2023-03-08T07:36:55+00:00,1800
M2,C13,2023-03-08T11:36:55+00:00,2023-03-08T12:06:55+00:00,1800
M2,C13,2023-03-08T16:26:55+00:00,2023-03-08T17:36:55+00:00,4200
M2,C13,2023-03-08T21:06:55+00:00,2023-03-08T21:52:25+00:00,2730
M2,C13,2023-03-09T06:37:25+00:00,2023-03-09T07:07:25+00:00,1800
M2,C13,2023-03-09T08:07:25+00:00,2023-03-09T08:37:25+00:00,1800
M2,C13,2023-03-09T21:07:25+00:00,2023-03-09T21:52:25+00:00,2700
M2,C13,2023-03-10T04:07:25+00:00,2023-03-10T04:37:25+00:00,1800
M2,C13,2023-03-10T21:07:25+00:00,2023-03-10T21:52:25+00:00,2700
M2,C13,2023-03-11T11:37:25+00:00,2023-03-11T12:07:25+00:00,1800
M2,C13,2023-03-11T12:07:25+00:00,2023-03-11T12:37:25+00:00,1800
M2,C13,2023-03-11T21:07:25+00:00,2023-03-11T21:52:25+00:00,2700
M2,C13,2023-03-12T21:07:25+00:00,2023-03-12T21:52:25+00:00,2700
M2,C13,2023-03-13T04:07:25+00:00,2023-03-13T04:37:25+00:00,1800
M2,C13,2023-03-13T10:37:25+00:00,2023-03-13T11:07:25+00:00,1800
M2,C13,2023-03-13T12:37:25+00:00,2023-03-13T13:07:25+00:00,1800
M2,C13,2023-03-13T19:54:25+00:00,2023-03-13T20:22:25+00:00,1680
M2,C13,2023-03-13T21:07:26+00:00,2023-03-13T21:37:26+00:00,1800
M2,C13,2023-03-14T21:07:26+00:00,2023-03-14T21:52:26+00:00,2700
M2,C13,2023-03-15T12:37:26+00:00,2023-03-15T13:07:26+00:00,1800
M2,C13,2023-03-15T19:54:26+00:00,2023-03-15T20:22:26+00:00,1680
M2,C13,2023-03-16T12:52:26+00:00,2023-03-16T13:24:26+00:00,1920
M2,C13,2023-03-17T06:07:26+00:00,2023-03-17T06:37:26+00:00,1800
M2,C13,2023-03-17T07:37:26+00:00,2023-03-17T08:07:26+00:00,1800
M2,C13,2023-03-18T08:37:26+00:00,2023-03-18T09:07:26+00:00,1800
M2,C13,2023-03-18T10:37:26+00:00,2023-03-18T11:07:26+00:00,1800
M2,C13,2023-03-18T13:07:26+00:00,2023-03-18T13:37:26+00:00,1800
M2,C13,2023-03-20T03:06:54+00:00,2023-03-20T03:36:54+00:00,1800
M2,C13,2023-03-20T10:36:55+00:00,2023-03-20T11:06:55+00:00,1800
M2,C13,2023-03-20T11:36:55+00:00,2023-03-20T12:06:55+00:00,1800
M2,C13,2023-03-20T14:54:55+00:00,2023-03-20T15:24:55+00:00,1800
M2,C13,2023-03-20T16:54:55+00:00,2023-03-20T17:24:55+00:00,1800
M2,C13,2023-03-21T00:36:55+00:00,2023-03-21T01:06:55+00:00,1800
M2,C13,2023-03-21T10:06:55+00:00,2023-03-21T10:36:55+00:00,1800
M2,C13,2023-03-23T10:36:55+00:00,2023-03-23T11:06:55+00:00,1800
M2,C13,2023-03-24T06:36:55+00:00,2023-03-24T07:06:55+00:00,1800
M2,C13,2023-03-25T03:06:55+00:00,2023-03-25T03:36:55+00:00,1800
M2,C13,2023-03-27T10:36:55+00:00,2023-03-27T11:06:56+00:00,1801
M2,C13,2023-03-28T05:36:56+00:00,2023-03-28T06:06:56+00:00,1800
M2,C13,2023-03-28T06:36:56+00:00,2023-03-28T07:06:56+00:00,1800
M2,C13,2023-03-28T11:36:56+00:00,2023-03-28T12:06:56+00:00,1800
M2,C13,2023-03-29T07:36:56+00:00,2023-03-29T08:06:56+00:00,1800
M2,C13,2023-03-31T05:36:56+00:00,2023-03-31T06:06:56+00:00,1800
M2,C13,2023-03-31T10:36:56+00:00,2023-03-31T11:06:56+00:00,1800
M2,C13,2023-03-31T15:21:56+00:00,2023-04-10T06:36:56+00:00,832500
M2,C13,2023-04-10T08:58:58+00:00,2023-04-10T09:21:56+00:00,1378
M2,C13,2023-04-11T00:54:56+00:00,2023-04-11T01:23:56+00:00,1740
M2,C13,2023-04-11T08:54:57+00:00,2023-04-11T09:24:56+00:00,1799
M2,C13,2023-04-11T09:54:56+00:00,2023-04-11T10:24:56+00:00,1800
M2,C13,2023-04-11T18:24:56+00:00,2023-04-11T19:06:54+00:00,2518
M2,C13,2023-04-11T20:06:54+00:00,2023-04-11T20:37:54+00:00,1860
M2,C13,2023-04-17T22:36:54+00:00,2023-04-18T19:51:55+00:00,76501
M2,C13,2023-04-23T20:06:55+00:00,2023-04-23T20:36:55+00:00,1800
M2,C13,2023-05-02T12:09:55+00:00,2023-05-02T14:51:55+00:00,9720
M2,C13,2023-05-08T20:54:56+00:00,2023-05-08T21:21:56+00:00,1620
M2,C13,2023-05-14T18:21:55+00:00,2023-05-14T18:51:55+00:00,1800
M2,C13,2023-05-23T01:51:56+00:00,2023-05-23T02:21:56+00:00,1800
M2,C13,2023-05-23T06:21:56+00:00,2023-05-23T06:51:56+00:00,1800
M2,C13,2023-05-23T16:06:56+00:00,2023-05-23T16:36:56+00:00,1800
M2,C13,2023-05-25T17:21:56+00:00,2023-05-25T17:51:56+00:00,1800
M2,C13,2023-06-05T11:51:56+00:00,2023-06-05T12:24:56+00:00,1980
M2,C13,2023-06-05T17:54:56+00:00,2023-06-05T18:24:56+00:00,1800
M2,C13,2023-06-05T18:24:56+00:00,2023-06-05T18:54:56+00:00,1800
M2,C13,2023-06-06T14:54:56+00:00,2023-06-06T15:23:56+00:00,1740
M2,C13,2023-06-12T10:51:55+00:00,2023-06-12T11:21:55+00:00,1800
M2,C13,2023-06-16T11:51:56+00:00,2023-06-16T12:24:56+00:00,1980
M2,C13,2023-06-16T16:24:56+00:00,2023-06-16T16:51:56+00:00,1620
M2,C13,2023-06-17T13:21:56+00:00,2023-06-21T21:21:57+00:00,374401
M2,C13,2023-06-25T13:06:55+00:00,2023-06-25T14:21:55+00:00,4500
M2,C13,2023-07-01T00:54:56+00:00,2023-07-01T01:24:56+00:00,1800
M2,C13,2023-07-01T02:54:56+00:00,2023-07-01T03:24:56+00:00,1800
M2,C13,2023-07-01T03:54:56+00:00,2023-07-01T04:23:56+00:00,1740
M2,C13,2023-07-01T06:54:56+00:00,2023-07-01T07:24:56+00:00,1800
M2,C13,2023-07-01T10:54:56+00:00,2023-07-01T11:24:56+00:00,1800
M2,C13,2023-07-02T02:54:56+00:00,2023-07-02T03:24:56+00:00,1800
M2,C13,2023-07-02T04:54:56+00:00,2023-07-02T05:23:56+00:00,1740
M2,C13,2023-07-02T09:54:56+00:00,2023-07-02T10:24:56+00:00,1800
M2,C13,2023-07-02T14:54:56+00:00,2023-07-02T15:24:56+00:00,1800
M2,C13,2023-07-02T17:54:56+00:00,2023-07-02T18:24:56+00:00,1800
M2,C13,2023-07-03T00:54:56+00:00,2023-07-03T01:24:56+00:00,1800
M2,C13,2023-07-03T08:54:56+00:00,2023-07-03T09:23:56+00:00,1740
M2,C13,2023-07-03T09:54:56+00:00,2023-07-03T10:24:56+00:00,1800
M2,C13,2023-07-03T20:37:57+00:00,2023-07-03T21:06:57+00:00,1740
M2,C13,2023-07-04T01:54:57+00:00,2023-07-04T02:23:57+00:00,1740
M2,C13,2023-07-04T02:54:57+00:00,2023-07-04T03:23:57+00:00,1740
M2,C13,2023-07-04T06:54:57+00:00,2023-07-04T07:24:57+00:00,1800
M2,C13,2023-07-04T08:54:57+00:00,2023-07-04T09:23:57+00:00,1740
M2,C13,2023-07-04T22:37:57+00:00,2023-07-04T23:06:57+00:00,1740
M2,C13,2023-07-04T23:54:57+00:00,2023-07-05T00:24:57+00:00,1800
M2,C13,2023-07-05T03:54:57+00:00,2023-07-05T04:23:57+00:00,1740
M2,C13,2023-07-05T05:54:57+00:00,2023-07-05T06:23:57+00:00,1740
M2,C13,2023-07-05T09:54:57+00:00,2023-07-05T10:24:57+00:00,1800
M2,C13,2023-07-05T14:54:57+00:00,2023-07-05T15:24:57+00:00,1800
M2,C13,2023-07-05T15:24:57+00:00,2023-07-05T15:53:57+00:00,1740
M2,C13,2023-07-06T00:23:57+00:00,2023-07-06T00:54:57+00:00,1860
M2,C13,2023-07-06T01:54:57+00:00,2023-07-06T02:23:57+00:00,1740
M2,C13,2023-07-06T22:37:57+00:00,2023-07-06T23:06:57+00:00,1740
M2,C13,2023-07-06T23:54:57+00:00,2023-07-07T00:23:57+00:00,1740
M2,C13,2023-07-07T08:54:57+00:00,2023-07-07T09:24:57+00:00,1800
M2,C13,2023-07-08T18:06:54+00:00,2023-07-08T18:36:54+00:00,1800
M2,C13,2023-07-08T19:21:54+00:00,2023-07-08T19:51:54+00:00,1800
M2,C13,2023-07-08T23:36:54+00:00,2023-07-09T00:06:54+00:00,1800
M2,C13,2023-07-11T12:21:55+00:00,2023-07-11T12:54:55+00:00,1980
M2,C13,2023-07-11T21:24:55+00:00,2023-07-11T21:51:55+00:00,1620
M2,C13,2023-07-12T17:21:55+00:00,2023-07-12T17:51:55+00:00,1800
M2,C13,2023-07-13T15:51:55+00:00,2023-07-13T16:21:55+00:00,1800
M2,C13,2023-07-14T01:21:55+00:00,2023-07-14T01:51:55+00:00,1800
M2,C13,2023-07-14T16:36:56+00:00,2023-07-14T17:06:56+00:00,1800
M2,C13,2023-07-14T17:06:56+00:00,2023-07-14T17:36:56+00:00,1800
M2,C13,2023-07-24T21:24:55+00:00,2023-07-24T21:51:55+00:00,1620
M2,C13,2023-07-25T18:24:55+00:00,2023-07-25T18:51:55+00:00,1620
M2,C13,2023-07-26T12:51:55+00:00,2023-07-26T13:24:55+00:00,1980
M2,C13,2023-07-27T16:21:55+00:00,2023-07-27T16:51:55+00:00,1800
M2,C13,2023-07-27T17:36:55+00:00,2023-07-27T18:51:55+00:00,4500
M2,C13,2023-07-27T19:06:55+00:00,2023-07-27T19:36:55+00:00,1800
M2,C13,2023-08-01T07:06:56+00:00,2023-08-01T07:36:56+00:00,1800
M2,C13,2023-08-01T12:21:56+00:00,2023-08-01T13:06:56+00:00,2700
M2,C13,2023-08-01T14:24:56+00:00,2023-08-01T14:54:56+00:00,1800
M2,C13,2023-08-01T15:06:56+00:00,2023-08-01T15:37:56+00:00,1860
M2,C13,2023-08-01T16:24:56+00:00,2023-08-01T16:54:56+00:00,1800
M2,C13,2023-08-02T02:21:56+00:00,2023-08-02T02:51:56+00:00,1800
M2,C13,2023-08-04T14:49:57+00:00,2023-08-04T16:06:57+00:00,4620
M2,C13,2023-08-05T09:06:57+00:00,2023-08-05T09:51:57+00:00,2700
M2,C13,2023-08-14T20:53:56+00:00,2023-08-14T21:23:56+00:00,1800
M2,C13,2023-08-16T01:24:56+00:00,2023-08-16T01:51:56+00:00,1620
M2,C13,2023-08-16T14:21:56+00:00,2023-08-16T14:54:56+00:00,1980
M2,C13,2023-08-20T10:36:54+00:00,2023-08-20T11:06:54+00:00,1800
M2,C13,2023-08-20T12:36:55+00:00,2023-08-20T13:06:55+00:00,1800
M2,C13,2023-08-20T14:21:55+00:00,2023-08-20T14:51:55+00:00,1800
M2,C13,2023-08-20T18:36:55+00:00,2023-08-23T00:21:55+00:00,193500
M2,C13,2023-08-31T08:59:01+00:00,2023-08-31T09:21:56+00:00,1375
M2,C13,2023-09-14T09:21:56+00:00,2023-09-14T23:51:56+00:00,52200
M2,C13,2023-09-15T08:21:56+00:00,2023-09-27T01:36:56+00:00,1012500
M2,C13,2023-09-27T20:36:56+00:00,2023-09-27T21:21:56+00:00,2700
M2,C13,2023-09-28T03:54:56+00:00,2023-09-28T04:24:56+00:00,1800
M2,C13,2023-09-28T20:36:56+00:00,2023-09-28T21:21:56+00:00,2700
M2,C13,2023-09-29T20:36:56+00:00,2023-09-29T21:21:56+00:00,2700
M2,C13,2023-09-30T20:36:54+00:00,2023-09-30T21:21:54+00:00,2700
M2,C13,2023-10-01T15:21:55+00:00,2023-10-01T15:51:55+00:00,1800
M2,C13,2023-10-01T15:51:55+00:00,2023-10-04T22:51:55+00:00,284400
M2,C13,2023-10-05T20:36:55+00:00,2023-10-05T21:21:55+00:00,2700
M2,C13,2023-10-06T20:36:55+00:00,2023-10-06T21:21:55+00:00,2700
M2,C13,2023-10-07T20:36:55+00:00,2023-10-07T21:21:55+00:00,2700
M2,C13,2023-10-08T20:36:55+00:00,2023-10-08T21:21:55+00:00,2700
M2,C13,2023-10-09T20:36:56+00:00,2023-10-09T21:21:56+00:00,2700
M2,C13,2023-10-10T20:36:56+00:00,2023-10-10T21:21:56+00:00,2700
M2,C13,2023-10-11T20:36:56+00:00,2023-10-11T21:21:56+00:00,2700
M2,C13,2023-10-12T16:24:56+00:00,2023-10-12T16:51:56+00:00,1620
M2,C13,2023-10-12T20:36:56+00:00,2023-10-12T21:21:56+00:00,2700
M2,C13,2023-10-13T20:36:56+00:00,2023-10-13T21:21:56+00:00,2700
M2,C13,2023-10-14T20:36:54+00:00,2023-10-14T21:21:54+00:00,2700
M2,C13,2023-10-15T20:36:55+00:00,2023-10-15T21:21:55+00:00,2700
M2,C13,2023-10-16T20:36:55+00:00,2023-10-16T21:21:55+00:00,2700
M2,C13,2023-10-17T15:12:55+00:00,2023-10-17T15:36:55+00:00,1440
M2,C13,2023-10-17T20:36:55+00:00,2023-10-17T21:21:55+00:00,2700
M2,C13,2023-10-18T20:36:55+00:00,2023-10-18T21:21:55+00:00,2700
M2,C13,2023-10-19T16:21:55+00:00,2023-10-19T16:54:55+00:00,1980
M2,C13,2023-10-19T17:24:55+00:00,2023-10-19T17:51:55+00:00,1620
M2,C13,2023-10-19T20:36:55+00:00,2023-10-19T21:21:55+00:00,2700
M2,C13,2023-10-20T20:36:55+00:00,2023-10-20T21:06:55+00:00,1800
M2,C13,2023-10-25T11:36:56+00:00,2023-10-25T12:06:56+00:00,1800
M2,C13,2023-10-25T13:21:56+00:00,2023-10-25T22:51:56+00:00,34200
M2,C13,2023-10-26T08:51:56+00:00,2023-10-26T14:51:56+00:00,21600
M2,C13,2023-10-29T20:51:55+00:00,2023-10-29T21:21:55+00:00,1800
M2,C13,2023-10-30T18:21:55+00:00,2023-10-30T18:54:55+00:00,1980
M2,C13,2023-10-31T20:36:55+00:00,2023-10-31T21:21:55+00:00,2700
M2,C13,2023-11-01T20:36:55+00:00,2023-11-01T21:21:55+00:00,2700
M2,C13,2023-11-02T20:36:55+00:00,2023-11-02T21:21:55+00:00,2700
M2,C13,2023-11-02T21:21:55+00:00,2023-11-02T21:51:55+00:00,1800
M2,C13,2023-11-03T20:21:55+00:00,2023-11-03T21:21:55+00:00,3600
M2,C13,2023-11-04T02:36:55+00:00,2023-11-04T03:05:55+00:00,1740
M2,C13,2023-11-04T17:36:56+00:00,2023-11-04T18:06:56+00:00,1800
M2,C13,2023-11-04T20:36:56+00:00,2023-11-04T21:06:56+00:00,1800
M2,C13,2023-11-05T19:06:56+00:00,2023-11-05T19:51:56+00:00,2700
M2,C13,2023-11-05T19:51:56+00:00,2023-11-05T20:21:56+00:00,1800
M2,C13,2023-11-05T20:21:56+00:00,2023-11-05T21:21:56+00:00,3600
M2,C13,2023-11-06T20:37:56+00:00,2023-11-06T21:06:56+00:00,1740
M2,C13,2023-11-08T13:21:56+00:00,2023-11-08T13:54:56+00:00,1980
M2,C13,2023-11-08T21:54:56+00:00,2023-11-08T22:21:56+00:00,1620
M2,C13,2023-11-12T20:06:55+00:00,2023-11-12T20:36:55+00:00,1800
M2,C13,2023-11-12T20:51:55+00:00,2023-11-12T21:21:55+00:00,1800
M2,C13,2023-11-13T03:06:55+00:00,2023-11-13T03:36:55+00:00,1800
M2,C13,2023-11-16T00:06:55+00:00,2023-11-16T00:51:55+00:00,2700
M2,C13,2023-11-16T01:06:55+00:00,2023-11-16T01:36:55+00:00,1800
M2,C13,2023-11-16T01:36:55+00:00,2023-11-16T02:06:55+00:00,1800
M2,C13,2023-11-16T22:06:55+00:00,2023-11-16T22:36:55+00:00,1800
M2,C13,2023-11-28T21:24:55+00:00,2023-11-28T21:51:55+00:00,1620
M2,C13,2023-11-30T13:51:55+00:00,2023-11-30T14:24:55+00:00,1980
M2,C13,2023-12-04T17:36:56+00:00,2023-12-04T18:51:56+00:00,4500
M2,C13,2023-12-07T15:39:56+00:00,2023-12-07T16:21:56+00:00,2520
M2,C13,2023-12-11T14:53:57+00:00,2023-12-11T15:23:56+00:00,1799
M2,C13,2023-12-14T17:21:55+00:00,2023-12-14T17:51:55+00:00,1800
M2,C13,2023-12-16T09:28:55+00:00,2023-12-19T03:21:56+00:00,237181
M2,C13,2023-12-21T02:51:56+00:00,2023-12-21T03:21:56+00:00,1800
M2,C13,2023-12-21T07:36:56+00:00,2023-12-21T08:06:56+00:00,1800
M2,C13,2023-12-22T06:36:56+00:00,2023-12-22T07:06:56+00:00,1800
M2,C13,2023-12-22T07:21:56+00:00,2023-12-22T07:51:56+00:00,1800
M2,C13,2023-12-22T07:51:56+00:00,2023-12-22T08:36:56+00:00,2700
M2,C13,2024-01-03T16:06:56+00:00,2024-01-03T16:36:56+00:00,1800
M2,C13,2024-01-12T23:51:55+00:00,2024-01-16T18:51:56+00:00,327601
M2,C13,2024-01-22T16:37:54+00:00,2024-01-22T19:36:54+00:00,10740
M2,C13,2024-01-26T02:06:55+00:00,2024-01-26T02:36:55+00:00,1800
M2,C13,2024-02-02T14:12:56+00:00,2024-02-02T14:36:56+00:00,1440
M2,C13,2024-02-11T21:06:55+00:00,2024-02-11T21:36:55+00:00,1800
M2,C13,2024-02-12T17:54:56+00:00,2024-02-12T18:21:56+00:00,1620
M2,C13,2024-02-14T13:54:56+00:00,2024-02-14T14:23:56+00:00,1740
M2,C13,2024-02-14T15:54:56+00:00,2024-02-14T16:23:56+00:00,1740
M2,C13,2024-02-14T18:54:56+00:00,2024-02-14T19:24:56+00:00,1800
M2,C13,2024-02-15T12:59:56+00:00,2024-02-15T15:54:56+00:00,10500
M2,C13,2024-02-15T15:54:56+00:00,2024-02-15T16:24:56+00:00,1800
M2,C13,2024-02-15T21:06:56+00:00,2024-02-15T21:36:56+00:00,1800
M2,C13,2024-02-16T21:06:56+00:00,2024-02-16T21:36:56+00:00,1800
M2,C13,2024-02-19T21:06:54+00:00,2024-02-19T21:51:54+00:00,2700
M2,C13,2024-02-21T03:51:55+00:00,2024-02-21T04:57:55+00:00,3960
M2,C13,2024-02-21T04:57:55+00:00,2024-02-21T05:21:55+00:00,1440
M2,C13,2024-02-22T21:21:55+00:00,2024-02-22T21:51:55+00:00,1800
M2,C13,2024-02-23T21:06:55+00:00,2024-02-23T21:51:55+00:00,2700
M2,C13,2024-02-24T21:06:55+00:00,2024-02-24T21:51:55+00:00,2700
M2,C13,2024-02-25T21:06:55+00:00,2024-02-25T21:51:55+00:00,2700
M2,C13,2024-02-25T23:07:55+00:00,2024-02-26T00:06:55+00:00,3540
M2,C13,2024-02-26T21:06:56+00:00,2024-02-26T21:51:56+00:00,2700
M2,C13,2024-02-27T21:06:56+00:00,2024-02-27T21:51:56+00:00,2700
M2,C13,2024-02-28T21:06:56+00:00,2024-02-28T21:51:56+00:00,2700
M2,C13,2024-02-29T01:54:56+00:00,2024-02-29T02:23:56+00:00,1740
M2,C13,2024-02-29T06:54:56+00:00,2024-02-29T07:23:56+00:00,1740
M2,C13,2024-02-29T13:54:56+00:00,2024-02-29T14:24:56+00:00,1800
M2,C13,2024-02-29T18:54:56+00:00,2024-02-29T19:24:56+00:00,1800
M2,C13,2024-02-29T21:06:56+00:00,2024-02-29T21:51:56+00:00,2700
M2,C13,2024-03-01T21:06:56+00:00,2024-03-01T21:51:56+00:00,2700
M2,C13,2024-03-02T21:06:56+00:00,2024-03-02T21:36:56+00:00,1800
M2,C13,2024-03-03T21:06:57+00:00,2024-03-03T21:51:57+00:00,2700
M2,C13,2024-03-04T21:06:54+00:00,2024-03-04T21:36:54+00:00,1800
M2,C13,2024-03-05T21:06:55+00:00,2024-03-05T21:54:55+00:00,2880
M2,C13,2024-03-05T21:54:55+00:00,2024-03-05T22:24:55+00:00,1800
M2,C13,2024-03-06T21:06:55+00:00,2024-03-06T21:54:55+00:00,2880
M2,C13,2024-03-07T21:21:55+00:00,2024-03-07T21:51:55+00:00,1800
M2,C13,2024-03-07T23:54:55+00:00,2024-03-08T00:24:55+00:00,1800
M2,C13,2024-03-08T03:54:55+00:00,2024-03-08T04:24:55+00:00,1800
M2,C13,2024-03-08T05:54:55+00:00,2024-03-08T06:23:55+00:00,1740
M2,C13,2024-03-08T09:54:55+00:00,2024-03-08T10:23:55+00:00,1740
M2,C13,2024-03-08T10:54:55+00:00,2024-03-08T11:23:55+00:00,1740
M2,C13,2024-03-08T16:37:55+00:00,2024-03-08T17:06:55+00:00,1740
M2,C13,2024-03-10T21:06:55+00:00,2024-03-10T21:36:55+00:00,1800
M2,C13,2024-03-12T21:06:56+00:00,2024-03-12T21:36:56+00:00,1800
M2,C13,2024-03-14T21:21:56+00:00,2024-03-14T21:51:56+00:00,1800
M2,C13,2024-03-16T21:06:56+00:00,2024-03-16T21:36:56+00:00,1800
M2,C13,2024-03-25T12:54:55+00:00,2024-03-25T13:24:55+00:00,1800
M2,C13,2024-03-25T16:54:55+00:00,2024-03-25T17:24:55+00:00,1800
M2,C13,2024-03-25T17:54:55+00:00,2024-03-25T18:23:55+00:00,1740
M2,C13,2024-03-26T20:51:56+00:00,2024-03-26T21:21:56+00:00,1800
M2,C13,2024-03-27T14:51:56+00:00,2024-03-27T15:23:56+00:00,1920
M2,C13,2024-03-28T15:29:56+00:00,2024-03-28T16:36:56+00:00,4020
M2,C13,2024-04-09T08:58:58+00:00,2024-04-09T09:21:55+00:00,1377
M2,C13,2024-04-10T08:58:58+00:00,2024-04-10T09:21:56+00:00,1378
M2,C13,2024-04-22T21:08:55+00:00,2024-04-22T21:36:55+00:00,1680
M2,C13,2024-04-23T22:09:55+00:00,2024-04-24T00:06:55+00:00,7020
M2,C13,2024-04-29T11:54:56+00:00,2024-04-29T12:23:56+00:00,1740
M2,C13,2024-04-29T14:53:56+00:00,2024-04-29T15:23:56+00:00,1800
M2,C13,2024-04-30T13:54:55+00:00,2024-04-30T14:23:55+00:00,1740
M2,C13,2024-04-30T15:54:55+00:00,2024-04-30T16:24:55+00:00,1800
M2,C13,2024-05-07T16:56:56+00:00,2024-05-07T17:21:56+00:00,1500
M2,C13,2024-05-19T18:21:55+00:00,2024-05-19T19:06:55+00:00,2700
M2,C13,2024-05-19T19:21:55+00:00,2024-05-19T19:51:55+00:00,1800
M2,C13,2024-05-25T15:36:57+00:00,2024-05-25T16:06:57+00:00,1800
M2,C13,2024-05-25T19:21:57+00:00,2024-05-25T19:51:57+00:00,1800
M2,C13,2024-05-25T21:06:57+00:00,2024-05-25T21:36:57+00:00,1800
M2,C13,2024-05-29T22:51:55+00:00,2024-05-29T23:21:55+00:00,1800
M2,C13,2024-05-30T18:21:55+00:00,2024-05-30T18:51:55+00:00,1800
M2,C13,2024-05-31T18:06:55+00:00,2024-05-31T18:36:55+00:00,1800
M2,C13,2024-06-03T15:54:56+00:00,2024-06-03T16:41:56+00:00,2820
M2,C13,2024-06-03T16:41:56+00:00,2024-06-03T17:23:56+00:00,2520
M2,C13,2024-06-03T19:51:56+00:00,2024-06-03T20:21:56+00:00,1800
M2,C13,2024-06-05T12:54:56+00:00,2024-06-05T13:23:56+00:00,1740
M2,C13,2024-06-05T18:54:56+00:00,2024-06-05T19:24:56+00:00,1800
M2,C13,2024-06-05T21:54:57+00:00,2024-06-05T22:24:57+00:00,1800
M2,C13,2024-06-06T00:05:57+00:00,2024-06-06T00:36:57+00:00,1860
M2,C13,2024-06-06T12:54:57+00:00,2024-06-06T13:23:57+00:00,1740
M2,C13,2024-06-06T20:54:57+00:00,2024-06-06T21:23:57+00:00,1740
M2,C13,2024-06-06T21:54:57+00:00,2024-06-06T22:23:57+00:00,1740
M2,C13,2024-06-07T12:54:57+00:00,2024-06-07T13:23:57+00:00,1740
M2,C13,2024-06-08T17:59:57+00:00,2024-06-09T14:37:27+00:00,74250
M2,C13,2024-06-09T18:37:27+00:00,2024-06-09T19:07:27+00:00,1800
M2,C13,2024-06-11T13:51:55+00:00,2024-06-11T14:24:55+00:00,1980
M2,C13,2024-06-11T17:54:55+00:00,2024-06-11T18:24:55+00:00,1800
M2,C13,2024-06-12T18:54:55+00:00,2024-06-12T19:24:55+00:00,1800
M2,C13,2024-06-12T19:54:55+00:00,2024-06-12T20:24:55+00:00,1800
M2,C13,2024-06-12T21:24:55+00:00,2024-06-12T21:54:55+00:00,1800
M2,C13,2024-06-12T21:54:55+00:00,2024-06-12T22:24:55+00:00,1800
M2,C13,2024-06-15T11:52:56+00:00,2024-06-15T12:17:56+00:00,1500
M2,C13,2024-06-16T16:36:56+00:00,2024-06-16T17:21:56+00:00,2700
M2,C13,2024-06-16T17:36:56+00:00,2024-06-16T18:06:56+00:00,1800
M2,C13,2024-06-16T19:21:56+00:00,2024-06-16T19:51:56+00:00,1800
M2,C13,2024-06-17T00:36:56+00:00,2024-06-17T01:06:56+00:00,1800
M2,C13,2024-06-17T01:36:56+00:00,2024-06-17T02:06:56+00:00,1800
M2,C13,2024-06-17T17:54:56+00:00,2024-06-17T18:23:56+00:00,1740
M2,C13,2024-06-18T20:36:57+00:00,2024-06-18T21:06:57+00:00,1800
M2,C13,2024-06-20T13:54:57+00:00,2024-06-20T14:24:57+00:00,1800
M2,C13,2024-06-20T14:54:57+00:00,2024-06-20T15:24:57+00:00,1800
M2,C13,2024-06-20T20:36:57+00:00,2024-06-20T21:05:57+00:00,1740
M2,C13,2024-06-23T18:06:58+00:00,2024-06-23T18:36:58+00:00,1800
M2,C13,2024-06-24T17:06:54+00:00,2024-06-24T17:36:54+00:00,1800
M2,C13,2024-06-25T20:56:55+00:00,2024-06-26T01:37:25+00:00,16830
M2,C13,2024-06-26T01:43:25+00:00,2024-06-26T02:07:25+00:00,1440
M2,C13,2024-06-26T21:52:25+00:00,2024-06-26T22:22:25+00:00,1800
M2,C13,2024-06-28T16:52:25+00:00,2024-06-28T17:22:25+00:00,1800
M2,C13,2024-06-30T00:53:26+00:00,2024-06-30T02:52:26+00:00,7140
M2,C13,2024-07-02T13:02:26+00:00,2024-07-02T13:37:26+00:00,2100
M2,C13,2024-07-02T19:22:26+00:00,2024-07-02T19:52:26+00:00,1800
M2,C13,2024-07-05T18:22:27+00:00,2024-07-05T18:52:27+00:00,1800
M2,C13,2024-07-06T20:52:28+00:00,2024-07-06T21:22:28+00:00,1800
M2,C13,2024-07-07T17:22:28+00:00,2024-07-07T17:52:28+00:00,1800
M2,C13,2024-07-18T23:36:57+00:00,2024-07-19T00:06:57+00:00,1800
M2,C13,2024-07-22T18:58:54+00:00,2024-07-22T19:24:54+00:00,1560
M2,C13,2024-07-24T14:06:55+00:00,2024-07-24T14:36:55+00:00,1800
M2,C13,2024-07-29T14:21:56+00:00,2024-07-29T14:54:56+00:00,1980
M2,C13,2024-07-29T16:54:56+00:00,2024-07-29T17:24:56+00:00,1800
M2,C13,2024-07-29T19:54:56+00:00,2024-07-29T20:23:56+00:00,1740
M2,C13,2024-07-29T23:54:56+00:00,2024-07-30T00:24:56+00:00,1800
M2,C13,2024-07-30T06:54:56+00:00,2024-07-30T07:24:56+00:00,1800
M2,C13,2024-07-30T07:54:56+00:00,2024-07-30T08:24:56+00:00,1800
M2,C13,2024-07-30T09:53:56+00:00,2024-07-30T10:36:56+00:00,2580
M2,C13,2024-07-30T10:54:56+00:00,2024-07-30T11:24:56+00:00,1800
M2,C13,2024-07-30T11:54:56+00:00,2024-07-30T12:24:56+00:00,1800
M2,C13,2024-07-30T12:54:56+00:00,2024-07-30T13:23:56+00:00,1740
M2,C13,2024-07-30T14:54:56+00:00,2024-07-30T15:24:56+00:00,1800
M2,C13,2024-07-30T17:36:56+00:00,2024-07-30T19:24:56+00:00,6480
M2,C13,2024-07-30T19:54:56+00:00,2024-07-30T20:24:56+00:00,1800
M2,C13,2024-07-30T20:54:56+00:00,2024-07-30T21:23:56+00:00,1740
M2,C13,2024-07-31T00:54:56+00:00,2024-07-31T01:23:56+00:00,1740
M2,C13,2024-07-31T03:54:56+00:00,2024-07-31T04:23:56+00:00,1740
M2,C13,2024-07-31T04:54:56+00:00,2024-07-31T05:23:56+00:00,1740
M2,C13,2024-07-31T07:54:56+00:00,2024-07-31T08:24:56+00:00,1800
M2,C13,2024-07-31T18:54:56+00:00,2024-07-31T19:24:56+00:00,1800
M2,C13,2024-08-08T06:51:55+00:00,2024-08-08T08:06:55+00:00,4500
M2,C13,2024-08-12T10:06:56+00:00,2024-08-12T10:36:56+00:00,1800
M2,C13,2024-08-12T11:06:56+00:00,2024-08-12T11:36:56+00:00,1800
M2,C13,2024-08-16T21:06:56+00:00,2024-08-16T21:36:56+00:00,1800
M2,C13,2024-09-01T08:58:02+00:00,2024-09-01T09:21:56+00:00,1434
M2,C13,2024-09-02T08:56:59+00:00,2024-09-02T09:21:56+00:00,1497
M2,C13,2024-09-03T04:36:54+00:00,2024-09-03T19:36:55+00:00,54001
M2,C13,2024-09-04T08:57:57+00:00,2024-09-04T09:21:55+00:00,1438
M2,C13,2024-09-04T17:52:55+00:00,2024-09-05T01:21:55+00:00,26940
M2,C13,2024-09-08T20:51:55+00:00,2024-09-08T21:51:55+00:00,3600
M2,C13,2024-09-08T21:51:55+00:00,2024-09-08T22:21:55+00:00,1800
M2,C13,2024-09-09T04:36:55+00:00,2024-09-09T05:06:55+00:00,1800
M2,C13,2024-09-09T15:42:55+00:00,2024-09-09T17:36:55+00:00,6840
M2,C13,2024-09-09T17:36:55+00:00,2024-09-09T18:05:55+00:00,1740
M2,C13,2024-09-09T20:24:55+00:00,2024-09-09T21:36:55+00:00,4320
M2,C13,2024-09-10T20:36:56+00:00,2024-09-10T21:21:56+00:00,2700
M2,C13,2024-09-10T21:21:56+00:00,2024-09-10T21:51:56+00:00,1800
M2,C13,2024-09-11T18:21:56+00:00,2024-09-11T18:51:56+00:00,1800
M2,C13,2024-09-11T18:51:56+00:00,2024-09-11T19:21:56+00:00,1800
M2,C13,2024-09-11T20:36:56+00:00,2024-09-11T21:21:56+00:00,2700
M2,C13,2024-09-12T19:21:56+00:00,2024-09-12T19:51:56+00:00,1800
M2,C13,2024-09-12T20:36:56+00:00,2024-09-12T21:36:56+00:00,3600
M2,C13,2024-09-13T04:21:56+00:00,2024-09-13T04:51:56+00:00,1800
M2,C13,2024-09-13T08:36:56+00:00,2024-09-13T09:06:56+00:00,1800
M2,C13,2024-09-13T20:36:56+00:00,2024-09-13T21:21:56+00:00,2700
M2,C13,2024-09-13T21:21:56+00:00,2024-09-13T21:51:56+00:00,1800
M2,C13,2024-09-14T20:36:56+00:00,2024-09-14T21:36:56+00:00,3600
M2,C13,2024-09-15T20:36:56+00:00,2024-09-15T21:21:56+00:00,2700
M2,C13,2024-09-16T09:51:56+00:00,2024-09-16T10:21:56+00:00,1800
M2,C13,2024-09-16T20:36:54+00:00,2024-09-16T21:21:54+00:00,2700
M2,C13,2024-09-17T01:06:54+00:00,2024-09-17T01:36:54+00:00,1800
M2,C13,2024-09-17T20:36:55+00:00,2024-09-17T21:36:55+00:00,3600
M2,C13,2024-09-17T22:06:55+00:00,2024-09-17T22:36:55+00:00,1800
M2,C13,2024-09-18T20:36:55+00:00,2024-09-18T21:21:55+00:00,2700
M2,C13,2024-09-19T20:36:55+00:00,2024-09-19T21:21:55+00:00,2700
M2,C13,2024-09-20T20:37:55+00:00,2024-09-20T21:37:55+00:00,3600
M2,C13,2024-09-21T01:06:55+00:00,2024-09-21T01:37:55+00:00,1860
M2,C13,2024-09-21T01:54:55+00:00,2024-09-21T02:23:55+00:00,1740
M2,C13,2024-09-21T03:53:55+00:00,2024-09-21T04:24:55+00:00,1860
M2,C13,2024-09-21T05:54:55+00:00,2024-09-21T06:23:55+00:00,1740
M2,C13,2024-09-21T06:23:55+00:00,2024-09-21T07:06:55+00:00,2580
M2,C13,2024-09-21T14:24:55+00:00,2024-09-21T14:54:55+00:00,1800
M2,C13,2024-09-21T20:37:55+00:00,2024-09-21T21:24:55+00:00,2820
M2,C13,2024-09-22T01:54:55+00:00,2024-09-22T02:24:55+00:00,1800
M2,C13,2024-09-22T03:54:55+00:00,2024-09-22T04:24:55+00:00,1800
M2,C13,2024-09-22T13:54:55+00:00,2024-09-22T14:24:55+00:00,1800
M2,C13,2024-09-22T20:37:55+00:00,2024-09-22T21:37:55+00:00,3600
M2,C13,2024-09-23T09:24:55+00:00,2024-09-23T09:54:55+00:00,1800
M2,C13,2024-09-23T11:06:55+00:00,2024-09-23T11:37:55+00:00,1860
M2,C13,2024-09-23T18:54:55+00:00,2024-09-23T19:24:55+00:00,1800
M2,C13,2024-09-23T20:36:55+00:00,2024-09-23T21:24:55+00:00,2880
M2,C13,2024-09-23T21:24:55+00:00,2024-09-23T21:54:55+00:00,1800
M2,C13,2024-09-24T06:54:56+00:00,2024-09-24T07:24:56+00:00,1800
M2,C13,2024-09-24T20:24:56+00:00,2024-09-24T21:36:56+00:00,4320
M2,C13,2024-09-25T20:36:56+00:00,2024-09-25T21:21:56+00:00,2700
M2,C13,2024-09-26T20:36:56+00:00,2024-09-26T21:21:56+00:00,2700
M2,C13,2024-09-27T19:51:56+00:00,2024-09-27T20:21:56+00:00,1800
M2,C13,2024-09-27T20:21:56+00:00,2024-09-27T21:21:56+00:00,3600
M2,C13,2024-09-28T20:36:56+00:00,2024-09-28T21:21:56+00:00,2700
M2,C13,2024-09-29T20:21:56+00:00,2024-09-29T21:36:56+00:00,4500
M2,C13,2024-09-30T20:36:54+00:00,2024-09-30T21:21:54+00:00,2700
M2,C13,2024-10-01T20:21:55+00:00,2024-10-01T21:36:55+00:00,4500
M2,C13,2024-10-02T12:00:55+00:00,2024-10-02T15:36:55+00:00,12960
M2,C13,2024-10-02T15:54:55+00:00,2024-10-02T16:24:55+00:00,1800
M2,C13,2024-10-02T17:37:55+00:00,2024-10-02T18:06:55+00:00,1740
M2,C13,2024-10-02T20:24:55+00:00,2024-10-02T21:36:55+00:00,4320
M2,C13,2024-10-03T20:06:55+00:00,2024-10-03T22:21:55+00:00,8100
M2,C13,2024-10-03T22:21:55+00:00,2024-10-03T22:51:55+00:00,1800
M2,C13,2024-10-04T20:06:55+00:00,2024-10-04T21:36:55+00:00,5400
M2,C13,2024-10-05T17:36:55+00:00,2024-10-05T18:06:55+00:00,1800
M2,C13,2024-10-05T18:36:55+00:00,2024-10-05T19:06:55+00:00,1800
M2,C13,2024-10-05T20:36:55+00:00,2024-10-05T21:36:55+00:00,3600
M2,C13,2024-10-06T20:21:55+00:00,2024-10-06T21:36:55+00:00,4500
M2,C13,2024-10-07T20:06:56+00:00,2024-10-07T21:51:56+00:00,6300
M2,C13,2024-10-07T21:51:56+00:00,2024-10-07T22:21:56+00:00,1800
M2,C13,2024-10-08T11:59:56+00:00,2024-10-08T22:07:26+00:00,36450
M2,C13,2024-10-09T20:36:53+00:00,2024-10-09T21:21:53+00:00,2700
M2,C13,2024-10-10T20:21:53+00:00,2024-10-10T21:21:53+00:00,3600
M2,C13,2024-10-11T20:36:53+00:00,2024-10-11T21:36:53+00:00,3600
M2,C13,2024-10-11T22:21:53+00:00,2024-10-11T22:51:53+00:00,1800
M2,C13,2024-10-12T08:21:53+00:00,2024-10-12T19:36:53+00:00,40500
M2,C13,2024-10-12T19:36:53+00:00,2024-10-22T09:36:56+00:00,828003
M2,C13,2024-10-22T10:51:56+00:00,2024-10-22T11:21:56+00:00,1800
M2,C13,2024-10-22T20:36:56+00:00,2024-10-22T21:36:56+00:00,3600
M2,C13,2024-10-22T22:36:56+00:00,2024-10-22T23:06:56+00:00,1800
M2,C13,2024-10-23T04:21:56+00:00,2024-10-23T05:21:56+00:00,3600
M2,C13,2024-10-23T06:06:56+00:00,2024-10-23T06:36:56+00:00,1800
M2,C13,2024-10-23T20:36:56+00:00,2024-10-23T21:21:56+00:00,2700
M2,C13,2024-10-24T03:36:56+00:00,2024-10-24T04:06:56+00:00,1800
M2,C13,2024-10-24T04:36:56+00:00,2024-10-24T05:06:56+00:00,1800
M2,C13,2024-10-24T20:21:56+00:00,2024-10-24T21:36:56+00:00,4500
M2,C13,2024-10-25T20:36:56+00:00,2024-10-25T21:21:56+00:00,2700
M2,C13,2024-10-26T20:36:56+00:00,2024-10-26T21:21:56+00:00,2700
M2,C13,2024-10-26T23:36:56+00:00,2024-10-27T00:06:56+00:00,1800
M2,C13,2024-10-27T20:06:57+00:00,2024-10-27T21:36:57+00:00,5400
M2,C13,2024-10-27T21:36:57+00:00,2024-10-27T22:06:57+00:00,1800
M2,C13,2024-10-28T06:36:57+00:00,2024-10-28T07:06:57+00:00,1800
M2,C13,2024-10-28T11:06:57+00:00,2024-10-28T11:36:57+00:00,1800
M2,C13,2024-10-28T20:36:54+00:00,2024-10-28T21:36:54+00:00,3600
M2,C13,2024-10-29T00:06:54+00:00,2024-10-29T00:36:54+00:00,1800
M2,C13,2024-10-29T20:36:55+00:00,2024-10-29T21:36:55+00:00,3600
M2,C13,2024-10-30T20:36:55+00:00,2024-10-30T21:21:55+00:00,2700
M2,C13,2024-10-31T20:36:55+00:00,2024-10-31T21:36:55+00:00,3600
M2,C13,2024-11-01T20:21:55+00:00,2024-11-01T21:21:55+00:00,3600
M2,C13,2024-11-02T21:06:55+00:00,2024-11-02T21:51:55+00:00,2700
M2,C13,2024-11-03T20:36:55+00:00,2024-11-03T21:06:55+00:00,1800
M2,C13,2024-11-05T20:36:56+00:00,2024-11-05T21:21:56+00:00,2700
M2,C13,2024-11-05T23:21:56+00:00,2024-11-05T23:51:56+00:00,1800
M2,C13,2024-11-06T18:06:56+00:00,2024-11-06T18:36:56+00:00,1800
M2,C13,2024-11-06T19:06:56+00:00,2024-11-06T19:36:56+00:00,1800
M2,C13,2024-11-06T19:36:56+00:00,2024-11-06T20:06:56+00:00,1800
M2,C13,2024-11-06T20:21:56+00:00,2024-11-06T21:36:56+00:00,4500
M2,C13,2024-11-06T21:36:56+00:00,2024-11-06T22:06:56+00:00,1800
M2,C13,2024-11-06T23:21:56+00:00,2024-11-06T23:51:56+00:00,1800
M2,C13,2024-11-06T23:51:56+00:00,2024-11-07T00:21:56+00:00,1800
M2,C13,2024-11-07T02:36:56+00:00,2024-11-07T03:06:56+00:00,1800
M2,C13,2024-11-07T04:06:56+00:00,2024-11-07T04:36:56+00:00,1800
M2,C13,2024-11-07T07:06:56+00:00,2024-11-07T07:36:56+00:00,1800
M2,C13,2024-11-07T17:21:56+00:00,2024-11-07T17:51:56+00:00,1800
M2,C13,2024-11-07T20:36:56+00:00,2024-11-07T21:06:56+00:00,1800
M2,C13,2024-11-08T01:06:56+00:00,2024-11-08T01:36:56+00:00,1800
M2,C13,2024-11-09T00:51:56+00:00,2024-11-09T01:21:56+00:00,1800
M2,C13,2024-11-09T06:06:56+00:00,2024-11-09T06:36:56+00:00,1800
M2,C13,2024-11-09T18:51:56+00:00,2024-11-09T19:21:56+00:00,1800
M2,C13,2024-11-09T19:21:56+00:00,2024-11-09T20:06:56+00:00,2700
M2,C13,2024-11-09T20:36:56+00:00,2024-11-09T21:21:56+00:00,2700
M2,C13,2024-11-10T06:06:56+00:00,2024-11-10T06:36:56+00:00,1800
M2,C13,2024-11-10T20:51:57+00:00,2024-11-10T21:21:57+00:00,1800
M2,C13,2024-11-12T11:51:55+00:00,2024-11-12T12:21:55+00:00,1800
M2,C13,2024-11-12T15:54:55+00:00,2024-11-12T16:23:55+00:00,1740
M2,C13,2024-11-13T20:37:55+00:00,2024-11-13T21:06:55+00:00,1740
M2,C13,2024-11-14T01:54:55+00:00,2024-11-14T02:37:55+00:00,2580
M2,C13,2024-11-14T17:24:55+00:00,2024-11-14T17:51:55+00:00,1620
M2,C13,2024-11-15T20:36:55+00:00,2024-11-15T21:06:55+00:00,1800
M2,C13,2024-11-22T23:06:56+00:00,2024-11-22T23:36:56+00:00,1800
M2,C13,2024-11-23T17:36:56+00:00,2024-11-23T18:06:56+00:00,1800
M2,C13,2024-11-24T09:51:56+00:00,2024-11-24T10:21:56+00:00,1800
M2,C13,2024-11-25T19:54:54+00:00,2024-11-25T20:21:54+00:00,1620
M2,C13,2024-11-26T15:37:55+00:00,2024-11-26T17:06:55+00:00,5340
M2,C13,2024-11-30T22:06:55+00:00,2024-11-30T22:36:55+00:00,1800
M2,C13,2024-12-01T16:36:55+00:00,2024-12-01T17:06:55+00:00,1800
M2,C13,2024-12-02T02:21:55+00:00,2024-12-02T03:06:55+00:00,2700
M2,C13,2024-12-03T01:21:56+00:00,2024-12-03T01:51:56+00:00,1800
M2,C13,2024-12-03T02:51:56+00:00,2024-12-03T03:21:56+00:00,1800
M2,C13,2024-12-04T01:21:56+00:00,2024-12-04T01:51:56+00:00,1800
M2,C13,2024-12-04T07:06:56+00:00,2024-12-04T07:36:56+00:00,1800
M2,C13,2024-12-06T09:52:56+00:00,2024-12-06T11:51:56+00:00,7140
M2,C13,2024-12-10T05:06:54+00:00,2024-12-10T05:36:54+00:00,1800
M2,C13,2024-12-10T08:06:54+00:00,2024-12-10T08:36:54+00:00,1800
M2,C13,2024-12-12T05:06:55+00:00,2024-12-12T09:36:55+00:00,16200
M2,C13,2024-12-12T10:36:55+00:00,2024-12-12T12:51:55+00:00,8100
M2,C13,2024-12-12T12:51:55+00:00,2024-12-12T22:21:55+00:00,34200
M2,C13,2024-12-12T22:36:55+00:00,2024-12-20T20:51:56+00:00,684901
M2,C13,2024-12-23T23:51:54+00:00,2024-12-24T00:21:54+00:00,1800
M2,C13,2025-01-03T08:12:56+00:00,2025-01-03T08:51:56+00:00,2340
M2,C13,2025-01-03T11:16:56+00:00,2025-01-03T12:36:56+00:00,4800
M2,C13,2025-01-16T12:02:56+00:00,2025-01-16T15:06:56+00:00,11040
M2,C13,2025-01-25T19:06:55+00:00,2025-01-25T19:36:55+00:00,1800
M2,C13,2025-01-28T19:51:56+00:00,2025-01-28T20:21:56+00:00,1800
M2,C13,2025-01-29T23:21:56+00:00,2025-01-29T23:51:56+00:00,1800
M2,C13,2025-02-01T21:06:56+00:00,2025-02-01T21:36:56+00:00,1800
M2,C13,2025-02-03T21:06:54+00:00,2025-02-03T21:36:54+00:00,1800
M2,C13,2025-02-04T21:21:55+00:00,2025-02-04T21:51:55+00:00,1800
M2,C13,2025-02-05T18:51:55+00:00,2025-02-05T19:21:55+00:00,1800
M2,C13,2025-02-06T21:06:55+00:00,2025-02-06T21:51:55+00:00,2700
M2,C13,2025-02-07T03:36:55+00:00,2025-02-07T04:06:55+00:00,1800
M2,C13,2025-02-07T07:36:55+00:00,2025-02-07T08:06:55+00:00,1800
M2,C13,2025-02-09T20:51:55+00:00,2025-02-23T19:06:55+00:00,1203300
M2,C13,2025-02-23T21:06:55+00:00,2025-02-23T21:51:55+00:00,2700
M2,C13,2025-02-24T17:06:56+00:00,2025-02-24T17:36:56+00:00,1800
M2,C13,2025-02-24T21:06:56+00:00,2025-02-24T21:51:56+00:00,2700
M2,C13,2025-02-25T09:36:56+00:00,2025-02-25T10:06:56+00:00,1800
M2,C13,2025-02-25T21:06:56+00:00,2025-02-25T21:51:56+00:00,2700
M2,C13,2025-02-26T20:51:56+00:00,2025-02-26T21:51:56+00:00,3600
M2,C13,2025-02-27T07:21:56+00:00,2025-02-27T07:51:56+00:00,1800
M2,C13,2025-02-27T17:36:56+00:00,2025-02-27T18:06:56+00:00,1800
M2,C13,2025-02-27T20:51:56+00:00,2025-02-27T22:06:56+00:00,4500
M2,C13,2025-02-28T18:06:56+00:00,2025-02-28T18:36:56+00:00,1800
M2,C13,2025-02-28T18:36:56+00:00,2025-02-28T19:06:56+00:00,1800
M2,C13,2025-02-28T21:06:56+00:00,2025-02-28T21:51:56+00:00,2700
M2,C13,2025-02-28T23:51:56+00:00,2025-03-01T00:21:56+00:00,1800
M2,C13,2025-03-01T21:06:56+00:00,2025-03-01T21:51:56+00:00,2700
M2,C13,2025-03-02T21:06:57+00:00,2025-03-02T21:51:57+00:00,2700
M2,C13,2025-03-03T01:36:57+00:00,2025-03-03T02:06:57+00:00,1800
M2,C13,2025-03-03T16:06:54+00:00,2025-03-03T16:42:54+00:00,2160
M2,C13,2025-03-03T21:06:54+00:00,2025-03-03T21:51:54+00:00,2700
M2,C13,2025-03-04T21:06:55+00:00,2025-03-04T21:51:55+00:00,2700
M2,C13,2025-03-05T17:06:55+00:00,2025-03-05T17:36:55+00:00,1800
M2,C13,2025-03-05T21:06:55+00:00,2025-03-05T21:51:55+00:00,2700
M2,C13,2025-03-06T21:06:55+00:00,2025-03-06T21:51:55+00:00,2700
M2,C13,2025-03-07T21:06:55+00:00,2025-03-07T21:51:55+00:00,2700
M2,C13,2025-03-08T21:06:55+00:00,2025-03-08T21:36:55+00:00,1800
M2,C13,2025-03-09T21:06:55+00:00,2025-03-09T21:36:55+00:00,1800
M2,C13,2025-03-10T21:06:56+00:00,2025-03-10T21:51:56+00:00,2700
M2,C13,2025-03-11T21:06:56+00:00,2025-03-11T21:36:56+00:00,1800
M2,C13,2025-03-12T19:06:56+00:00,2025-03-17T23:51:54+00:00,449098
M2,C13,2025-03-18T20:51:55+00:00,2025-03-18T21:51:55+00:00,3600
M2,C13,2025-03-19T20:51:55+00:00,2025-03-19T21:51:55+00:00,3600
M2,C13,2025-03-20T20:54:55+00:00,2025-03-20T21:37:55+00:00,2580
M2,C13,2025-03-21T20:51:55+00:00,2025-03-21T21:51:55+00:00,3600
M2,C13,2025-03-22T20:51:55+00:00,2025-03-22T21:36:55+00:00,2700
M2,C13,2025-03-23T21:06:55+00:00,2025-03-23T21:51:55+00:00,2700
M2,C13,2025-03-24T20:51:56+00:00,2025-03-24T21:51:56+00:00,3600
M2,C13,2025-03-26T20:51:56+00:00,2025-03-26T21:51:56+00:00,3600
M2,C13,2025-03-28T20:36:56+00:00,2025-03-28T21:06:56+00:00,1800
M2,C13,2025-03-29T22:06:56+00:00,2025-03-29T22:36:56+00:00,1800
M2,C13,2025-03-31T16:06:54+00:00,2025-03-31T16:36:54+00:00,1800
M2,C13,2025-03-31T16:36:54+00:00,2025-03-31T17:06:54+00:00,1800
M2,C13,2025-03-31T17:21:54+00:00,2025-03-31T17:51:54+00:00,1800
M2,C13,2025-03-31T20:36:54+00:00,2025-03-31T21:51:54+00:00,4500
M2,C13,2025-04-02T21:06:55+00:00,2025-04-02T21:36:55+00:00,1800
M2,C13,2025-04-02T22:06:55+00:00,2025-04-02T22:36:55+00:00,1800
M2,C13,2025-04-02T23:06:55+00:00,2025-04-02T23:36:55+00:00,1800
M2,C13,2025-04-08T18:19:56+00:00,2025-04-08T18:53:56+00:00,2040
M2,C13,2025-04-09T08:58:58+00:00,2025-04-09T09:21:56+00:00,1378
M2,C13,2025-04-10T08:58:58+00:00,2025-04-10T09:21:56+00:00,1378
M2,C13,2025-04-10T16:07:56+00:00,2025-04-10T16:36:56+00:00,1740
M2,C13,2025-04-10T16:57:56+00:00,2025-04-10T17:25:56+00:00,1680
M2,C13,2025-04-10T17:25:56+00:00,2025-04-10T17:54:56+00:00,1740
M2,C13,2025-04-10T18:10:56+00:00,2025-04-10T18:35:56+00:00,1500
M2,C13,2025-04-10T18:35:56+00:00,2025-04-10T19:19:56+00:00,2640
M2,C13,2025-04-10T19:29:56+00:00,2025-04-10T19:53:56+00:00,1440
M2,C13,2025-04-10T19:53:56+00:00,2025-04-10T20:30:56+00:00,2220
M2,C13,2025-04-10T20:41:56+00:00,2025-04-10T21:19:56+00:00,2280
M2,C13,2025-04-10T21:19:56+00:00,2025-04-10T21:51:56+00:00,1920
M2,C13,2025-04-11T08:58:58+00:00,2025-04-11T09:21:56+00:00,1378
M2,C13,2025-04-14T20:51:54+00:00,2025-04-14T21:21:54+00:00,1800
M2,C13,2025-04-24T18:06:55+00:00,2025-04-24T19:06:55+00:00,3600
M2,C13,2025-04-26T16:06:56+00:00,2025-04-26T16:51:56+00:00,2700
M2,C13,2025-04-26T18:51:56+00:00,2025-04-26T19:21:56+00:00,1800
M2,C13,2025-04-26T20:21:56+00:00,2025-04-26T20:51:56+00:00,1800
M2,C13,2025-04-26T21:51:56+00:00,2025-04-26T22:21:56+00:00,1800
M2,C13,2025-04-29T17:36:55+00:00,2025-04-29T18:06:55+00:00,1800
M2,C13,2025-05-03T22:51:55+00:00,2025-05-03T23:21:55+00:00,1800
M2,C13,2025-05-04T12:06:55+00:00,2025-05-04T12:36:55+00:00,1800
M2,C13,2025-05-04T13:51:55+00:00,2025-05-04T14:21:55+00:00,1800
M2,C13,2025-05-04T14:21:55+00:00,2025-05-04T14:51:55+00:00,1800
M2,C13,2025-05-04T18:21:55+00:00,2025-05-04T19:36:55+00:00,4500
M2,C13,2025-05-04T20:21:55+00:00,2025-05-04T21:21:55+00:00,3600
M2,C13,2025-05-04T21:21:55+00:00,2025-05-04T22:06:55+00:00,2700
M2,C13,2025-05-04T22:06:55+00:00,2025-05-04T22:51:55+00:00,2700
M2,C13,2025-05-04T23:21:55+00:00,2025-05-04T23:51:55+00:00,1800
M2,C13,2025-05-05T16:21:54+00:00,2025-05-05T17:21:54+00:00,3600
M2,C13,2025-05-05T17:21:54+00:00,2025-05-05T17:51:54+00:00,1800
M2,C13,2025-05-05T19:21:54+00:00,2025-05-05T19:51:54+00:00,1800
M2,C13,2025-05-05T21:21:54+00:00,2025-05-05T21:51:54+00:00,1800
M2,C13,2025-05-11T19:51:55+00:00,2025-05-11T20:21:55+00:00,1800
M2,C13,2025-05-12T09:36:56+00:00,2025-05-12T10:21:56+00:00,2700
M2,C13,2025-05-12T12:51:56+00:00,2025-05-12T13:21:56+00:00,1800
M2,C13,2025-05-12T19:36:54+00:00,2025-05-12T20:06:54+00:00,1800
M2,C13,2025-05-13T19:05:55+00:00,2025-05-13T19:36:55+00:00,1860
M2,C13,2025-05-13T20:06:55+00:00,2025-05-13T20:36:55+00:00,1800
M2,C13,2025-05-13T22:36:55+00:00,2025-05-13T23:06:55+00:00,1800
M2,C13,2025-05-14T00:06:55+00:00,2025-05-14T00:36:55+00:00,1800
M2,C13,2025-05-14T15:36:55+00:00,2025-10-07T08:36:56+00:00,12589201
M2,C13,2025-10-07T08:36:56+00:00,2025-10-08T04:51:56+00:00,72900
M2,C13,2025-10-08T04:51:56+00:00,2025-10-08T05:51:56+00:00,3600
M2,C13,2025-10-08T05:51:56+00:00,2025-10-08T09:51:56+00:00,14400
M2,C13,2025-10-08T09:51:56+00:00,2025-10-08T11:21:56+00:00,5400
M2,C13,2025-10-08T11:21:56+00:00,2025-10-09T05:06:56+00:00,63900
M2,C13,2025-10-09T05:06:56+00:00,2025-10-09T13:21:56+00:00,29700
M2,C13,2025-10-09T13:21:56+00:00,2025-10-12T13:36:57+00:00,260101
M2,C13,2025-10-12T13:36:57+00:00,2025-10-13T05:36:57+00:00,57600
M2,C13,2025-10-13T05:36:57+00:00,2025-10-13T10:51:57+00:00,18900
M2,C13,2025-10-13T10:51:57+00:00,2025-10-13T16:06:54+00:00,18897
M2,C13,2025-10-13T16:06:54+00:00,2025-10-13T17:21:54+00:00,4500
M2,C13,2025-10-13T17:21:54+00:00,2025-10-14T04:21:54+00:00,39600
M2,C13,2025-10-14T04:21:54+00:00,2025-10-14T21:36:55+00:00,62101
M2,C13,2025-10-14T21:36:55+00:00,2025-10-15T03:51:55+00:00,22500
M2,C13,2025-10-15T03:51:55+00:00,2025-10-15T04:21:55+00:00,1800
M2,C13,2025-10-15T04:21:55+00:00,2025-10-15T08:21:55+00:00,14400
M2,C13,2025-10-15T08:21:55+00:00,2025-10-15T14:36:55+00:00,22500
M2,C13,2025-10-15T14:36:55+00:00,2025-10-15T17:51:55+00:00,11700
M2,C13,2025-10-15T17:51:55+00:00,2025-10-15T19:21:55+00:00,5400
M2,C13,2025-10-15T19:21:55+00:00,2025-10-15T22:06:55+00:00,9900
M2,C13,2025-10-15T22:06:55+00:00,2025-10-16T02:06:55+00:00,14400
M2,C13,2025-10-16T02:06:55+00:00,2025-10-16T08:36:55+00:00,23400
M2,C13,2025-10-16T08:36:55+00:00,2025-10-16T10:06:55+00:00,5400
M2,C13,2025-10-16T10:06:55+00:00,2025-10-16T17:51:55+00:00,27900
M2,C13,2025-10-16T17:51:55+00:00,2025-10-16T19:06:55+00:00,4500
M2,C13,2025-10-16T19:06:55+00:00,2025-10-17T05:36:55+00:00,37800
M2,C13,2025-10-17T05:36:55+00:00,2025-10-17T09:51:55+00:00,15300
M2,C13,2025-10-17T09:51:55+00:00,2025-10-17T14:21:55+00:00,16200
M2,C13,2025-10-17T14:21:55+00:00,2025-10-17T19:06:55+00:00,17100
M2,C13,2025-10-17T19:06:55+00:00,2025-10-18T00:21:55+00:00,18900
M2,C13,2025-10-18T00:36:55+00:00,2025-10-18T19:51:55+00:00,69300
M2,C13,2025-10-18T19:51:55+00:00,2025-10-18T20:21:55+00:00,1800
M2,C13,2025-10-18T20:21:55+00:00,2025-10-18T21:21:55+00:00,3600
M2,C13,2025-10-18T21:21:55+00:00,2025-10-19T02:51:55+00:00,19800
M2,C13,2025-10-19T02:51:55+00:00,2025-10-19T03:21:55+00:00,1800
M2,C13,2025-10-19T03:21:55+00:00,2025-10-19T06:06:55+00:00,9900
M2,C13,2025-10-19T06:06:55+00:00,2025-10-19T09:06:55+00:00,10800
M2,C13,2025-10-19T09:06:55+00:00,2025-10-19T09:51:55+00:00,2700
M2,C13,2025-10-19T09:51:55+00:00,2025-10-19T12:51:55+00:00,10800
M2,C13,2025-10-19T12:51:55+00:00,2025-10-19T23:21:55+00:00,37800
M2,C13,2025-10-19T23:21:55+00:00,2025-10-20T04:51:55+00:00,19800
M2,C13,2025-10-20T04:51:55+00:00,2025-10-20T05:21:55+00:00,1800
M2,C13,2025-10-20T05:21:55+00:00,2025-10-20T15:05:56+00:00,35041
M2,C13,2025-10-20T15:05:56+00:00,2025-10-20T17:05:56+00:00,7200
M2,C13,2025-10-20T17:05:56+00:00,2025-10-20T17:53:56+00:00,2880
M2,C13,2025-10-20T17:53:56+00:00,2025-10-20T21:06:56+00:00,11580
M2,C13,2025-10-20T21:06:56+00:00,2025-10-20T21:51:56+00:00,2700
M2,C13,2025-10-20T21:51:56+00:00,2025-10-21T02:06:56+00:00,15300
M2,C13,2025-10-21T02:06:56+00:00,2025-10-22T11:51:56+00:00,121500
M2,C13,2025-10-22T11:51:56+00:00,2025-10-22T15:21:56+00:00,12600
M2,C13,2025-10-22T15:36:56+00:00,2025-10-22T16:21:56+00:00,2700
M2,C13,2025-10-22T16:21:56+00:00,2025-10-22T23:06:56+00:00,24300
M2,C13,2025-10-22T23:06:56+00:00,2025-10-22T23:51:56+00:00,2700
M2,C13,2025-10-23T00:06:56+00:00,2025-10-23T01:21:56+00:00,4500
M2,C13,2025-10-23T01:21:56+00:00,2025-10-23T05:06:56+00:00,13500
M2,C13,2025-10-23T05:06:56+00:00,2025-10-23T07:51:56+00:00,9900
M2,C13,2025-10-23T07:51:56+00:00,2025-10-23T13:36:56+00:00,20700
M2,C13,2025-10-23T13:36:56+00:00,2025-10-24T05:06:56+00:00,55800
M2,C13,2025-10-24T05:21:56+00:00,2025-10-24T11:36:56+00:00,22500
M2,C13,2025-10-24T11:36:56+00:00,2025-10-24T12:21:56+00:00,2700
M2,C13,2025-10-24T12:21:56+00:00,2025-10-24T15:36:56+00:00,11700
M2,C13,2025-10-24T15:36:56+00:00,2025-10-24T17:36:56+00:00,7200
M2,C13,2025-10-24T17:36:56+00:00,2025-10-25T00:06:56+00:00,23400
M2,C13,2025-10-25T00:06:56+00:00,2025-10-25T02:36:56+00:00,9000
M2,C13,2025-10-25T02:36:56+00:00,2025-10-25T03:06:56+00:00,1800
M2,C13,2025-10-25T03:06:56+00:00,2025-10-25T03:36:56+00:00,1800
M2,C13,2025-10-25T03:36:56+00:00,2025-10-25T09:36:56+00:00,21600
M2,C13,2025-10-25T09:36:56+00:00,2025-10-25T10:51:56+00:00,4500
M2,C13,2025-10-25T10:51:56+00:00,2025-10-25T15:51:56+00:00,18000
M2,C13,2025-10-25T15:51:56+00:00,2025-10-25T22:06:56+00:00,22500
M2,C13,2025-10-25T22:06:56+00:00,2025-10-26T13:36:57+00:00,55801
M2,C13,2025-10-26T13:36:57+00:00,2025-10-26T16:36:57+00:00,10800
M2,C13,2025-10-26T16:36:57+00:00,2025-10-27T02:21:57+00:00,35100
M2,C13,2025-10-27T02:21:57+00:00,2025-10-27T09:21:57+00:00,25200
M2,C13,2025-10-27T09:21:57+00:00,2025-10-27T18:06:54+00:00,31497
M2,C13,2025-10-27T18:06:54+00:00,2025-10-27T18:36:54+00:00,1800
M2,C13,2025-10-27T18:36:54+00:00,2025-10-27T22:21:54+00:00,13500
M2,C13,2025-10-27T22:21:54+00:00,2025-10-27T23:06:54+00:00,2700
M2,C13,2025-10-27T23:06:54+00:00,2025-10-28T03:51:54+00:00,17100
M2,C13,2025-10-28T03:51:54+00:00,2025-10-28T16:23:55+00:00,45121
M2,C13,2025-10-28T16:23:55+00:00,2025-10-29T04:21:55+00:00,43080
M2,C13,2025-10-29T04:21:55+00:00,2025-10-30T08:51:55+00:00,102600
M2,C13,2025-10-30T08:51:55+00:00,2025-10-30T10:06:55+00:00,4500
M2,C13,2025-10-30T10:06:55+00:00,2025-10-31T04:51:55+00:00,67500
M2,C13,2025-10-31T04:51:55+00:00,2025-10-31T13:06:55+00:00,29700
M2,C13,2025-10-31T13:06:55+00:00,2025-11-01T06:06:55+00:00,61200
M2,C13,2025-11-01T06:06:55+00:00,2025-11-01T13:06:55+00:00,25200
M2,C13,2025-11-01T13:06:55+00:00,2025-11-02T01:36:55+00:00,45000
M2,C13,2025-11-02T01:36:55+00:00,2025-11-02T07:51:55+00:00,22500
M2,C13,2025-11-02T07:51:55+00:00,2025-11-02T10:06:55+00:00,8100
M2,C13,2025-11-02T10:06:55+00:00,2025-11-03T09:36:55+00:00,84600
M2,C13,2025-11-03T09:36:55+00:00,2025-11-03T15:23:56+00:00,20821
M2,C13,2025-11-03T15:23:56+00:00,2025-11-03T16:05:56+00:00,2520
M2,C13,2025-11-03T16:05:56+00:00,2025-11-05T01:36:56+00:00,120660
M2,C13,2025-11-05T01:36:56+00:00,2025-11-05T10:51:56+00:00,33300
M2,C13,2025-11-05T10:51:56+00:00,2025-11-07T01:51:56+00:00,140400
M2,C13,2025-11-07T01:51:56+00:00,2025-11-07T09:21:56+00:00,27000
M2,C13,2025-11-07T09:21:56+00:00,2025-11-07T13:21:56+00:00,14400
M2,C13,2025-11-07T13:21:56+00:00,2025-11-08T03:06:56+00:00,49500
M2,C13,2025-11-08T03:06:56+00:00,2025-11-08T10:21:56+00:00,26100
M2,C13,2025-11-08T10:21:56+00:00,2025-11-08T15:06:56+00:00,17100
M2,C13,2025-11-08T15:06:56+00:00,2025-11-09T01:51:56+00:00,38700
M2,C13,2025-11-09T01:51:56+00:00,2025-11-09T06:51:56+00:00,18000
M2,C13,2025-11-09T06:51:56+00:00,2025-11-09T08:51:56+00:00,7200
M2,C13,2025-11-09T08:51:56+00:00,2025-11-09T11:36:57+00:00,9901
M2,C13,2025-11-09T11:36:57+00:00,2025-11-10T11:21:57+00:00,85500
M2,C13,2025-11-10T11:21:57+00:00,2025-11-11T05:06:54+00:00,63897
M2,C13,2025-11-11T05:06:54+00:00,2025-11-11T05:51:54+00:00,2700
M2,C13,2025-11-11T05:51:54+00:00,2025-11-11T08:21:54+00:00,9000
M2,C13,2025-11-11T08:21:54+00:00,2025-11-11T09:21:55+00:00,3601
M2,C13,2025-11-11T09:21:55+00:00,2025-11-11T10:51:55+00:00,5400
M2,C13,2025-11-11T10:51:55+00:00,2025-11-12T01:51:55+00:00,54000
M2,C13,2025-11-12T01:51:55+00:00,2025-11-12T05:06:55+00:00,11700
M2,C13,2025-11-12T05:06:55+00:00,2025-11-12T06:36:55+00:00,5400
M2,C13,2025-11-12T06:36:55+00:00,2025-11-12T08:36:55+00:00,7200
M2,C13,2025-11-12T08:36:55+00:00,2025-11-13T08:36:55+00:00,86400
M2,C13,2025-11-13T08:36:55+00:00,2025-11-14T06:06:55+00:00,77400
M2,C13,2025-11-14T06:06:55+00:00,2025-11-14T08:51:55+00:00,9900
M2,C13,2025-11-14T08:51:55+00:00,2025-11-14T09:36:55+00:00,2700
M2,C13,2025-11-14T09:36:55+00:00,2025-11-14T19:36:55+00:00,36000
M2,C13,2025-11-14T19:36:55+00:00,2025-11-14T22:21:55+00:00,9900
M2,C13,2025-11-14T22:21:55+00:00,2025-11-15T02:51:55+00:00,16200
M2,C13,2025-11-15T02:51:55+00:00,2025-11-15T15:36:55+00:00,45900
M2,C13,2025-11-15T15:36:55+00:00,2025-11-15T17:51:55+00:00,8100
M2,C13,2025-11-15T17:51:55+00:00,2025-11-15T21:36:55+00:00,13500
M2,C13,2025-11-15T21:51:55+00:00,2025-11-16T01:36:55+00:00,13500
M2,C13,2025-11-16T01:36:55+00:00,2025-11-16T05:51:55+00:00,15300
M2,C13,2025-11-16T05:51:55+00:00,2025-11-16T07:21:55+00:00,5400
M2,C13,2025-11-16T07:21:55+00:00,2025-11-17T02:21:55+00:00,68400
M2,C13,2025-11-17T02:21:55+00:00,2025-11-17T21:21:56+00:00,68401
M2,C13,2025-11-17T21:21:56+00:00,2025-11-18T00:06:56+00:00,9900
M2,C13,2025-11-18T00:21:56+00:00,2025-11-18T01:06:56+00:00,2700
M2,C13,2025-11-18T01:06:56+00:00,2025-11-18T05:21:56+00:00,15300
M2,C13,2025-11-18T05:21:56+00:00,2025-11-18T08:36:56+00:00,11700
M2,C13,2025-11-18T08:36:56+00:00,2025-11-18T19:51:56+00:00,40500
M2,C13,2025-11-18T19:51:56+00:00,2025-11-19T08:21:56+00:00,45000
M2,C13,2025-11-19T08:21:56+00:00,2025-11-19T08:51:56+00:00,1800
M2,C13,2025-11-19T08:51:56+00:00,2025-11-19T18:36:56+00:00,35100
M2,C13,2025-11-19T18:36:56+00:00,2025-11-19T21:06:56+00:00,9000
M2,C13,2025-11-19T21:06:56+00:00,2025-11-20T04:21:56+00:00,26100
M2,C13,2025-11-20T04:21:56+00:00,2025-11-20T08:36:56+00:00,15300
M2,C13,2025-11-20T08:36:56+00:00,2025-11-20T10:51:56+00:00,8100
M2,C13,2025-11-20T10:51:56+00:00,2025-11-20T15:05:56+00:00,15240
M2,C13,2025-11-20T15:05:56+00:00,2025-11-21T05:21:56+00:00,51360
M2,C13,2025-11-21T05:21:56+00:00,2025-11-21T08:36:56+00:00,11700
M2,C13,2025-11-21T08:36:56+00:00,2025-11-21T10:06:56+00:00,5400
M2,C13,2025-11-21T10:06:56+00:00,2025-11-21T10:51:56+00:00,2700
M2,C13,2025-11-21T10:51:56+00:00,2025-11-21T12:06:56+00:00,4500
M2,C13,2025-11-21T12:06:56+00:00,2025-11-21T13:51:56+00:00,6300
M2,C13,2025-11-21T13:51:56+00:00,2025-11-21T16:21:56+00:00,9000
M2,C13,2025-11-21T16:21:56+00:00,2025-11-21T23:51:56+00:00,27000
M2,C13,2025-11-21T23:51:56+00:00,2025-11-22T02:21:56+00:00,9000
M2,C13,2025-11-22T02:21:56+00:00,2025-11-22T04:21:56+00:00,7200
M2,C13,2025-11-22T04:21:56+00:00,2025-11-23T00:06:56+00:00,71100
M2,C13,2025-11-23T00:06:56+00:00,2025-11-23T03:36:56+00:00,12600
M2,C13,2025-11-23T03:36:56+00:00,2025-11-23T12:51:57+00:00,33301
M2,C13,2025-11-23T12:51:57+00:00,2025-11-23T16:21:57+00:00,12600
M2,C13,2025-11-23T16:21:57+00:00,2025-11-24T03:51:57+00:00,41400
M2,C13,2025-11-24T03:51:57+00:00,2025-11-24T06:51:57+00:00,10800
M2,C13,2025-11-24T06:51:57+00:00,2025-11-24T08:06:57+00:00,4500
M2,C13,2025-11-24T08:06:57+00:00,2025-11-24T19:23:54+00:00,40617
M2,C13,2025-11-24T19:23:54+00:00,2025-11-24T21:05:54+00:00,6120
M2,C13,2025-11-24T21:05:54+00:00,2025-11-25T01:06:54+00:00,14460
M2,C13,2025-11-25T01:06:54+00:00,2025-11-25T08:51:55+00:00,27901
M2,C13,2025-11-25T08:51:55+00:00,2025-11-25T11:21:55+00:00,9000
M2,C13,2025-11-25T11:21:55+00:00,2025-11-25T14:21:55+00:00,10800
M2,C13,2025-11-25T14:21:55+00:00,2025-11-25T19:23:55+00:00,18120
M2,C13,2025-11-25T19:23:55+00:00,2025-11-25T21:36:55+00:00,7980
M2,C13,2025-11-25T21:36:55+00:00,2025-11-26T03:06:55+00:00,19800
M2,C13,2025-11-26T03:06:55+00:00,2025-11-26T12:36:55+00:00,34200
M2,C13,2025-11-26T12:36:55+00:00,2025-11-26T15:36:55+00:00,10800
M2,C13,2025-11-26T15:36:55+00:00,2025-11-27T02:51:55+00:00,40500
M2,C13,2025-11-27T02:51:55+00:00,2025-11-27T05:21:55+00:00,9000
M2,C13,2025-11-27T05:21:55+00:00,2025-11-27T09:51:55+00:00,16200
M2,C13,2025-11-27T09:51:55+00:00,2025-11-27T16:06:55+00:00,22500
M2,C13,2025-11-27T16:06:55+00:00,2025-11-27T16:36:55+00:00,1800
M2,C13,2025-11-27T16:36:55+00:00,2025-11-27T17:21:55+00:00,2700
M2,C13,2025-11-27T17:21:55+00:00,2025-11-27T19:06:55+00:00,6300
M2,C13,2025-11-27T19:06:55+00:00,2025-11-28T06:06:55+00:00,39600
M2,C13,2025-11-28T06:06:55+00:00,2025-11-28T23:21:55+00:00,62100
M2,C13,2025-11-28T23:21:55+00:00,2025-11-29T00:36:55+00:00,4500
M2,C13,2025-11-29T00:36:55+00:00,2025-11-29T03:21:55+00:00,9900
M2,C13,2025-11-29T03:21:55+00:00,2025-11-29T05:36:55+00:00,8100
M2,C13,2025-11-29T05:36:55+00:00,2025-11-29T07:06:55+00:00,5400
M2,C13,2025-11-29T07:06:55+00:00,2025-11-29T23:36:55+00:00,59400
M2,C13,2025-11-29T23:36:55+00:00,2025-11-30T07:36:55+00:00,28800
M2,C13,2025-11-30T07:36:55+00:00,2025-11-30T13:21:55+00:00,20700
M2,C13,2025-11-30T13:21:55+00:00,2025-11-30T16:06:55+00:00,9900
M2,C13,2025-11-30T16:06:55+00:00,2025-11-30T20:21:55+00:00,15300
M2,C13,2025-11-30T20:21:55+00:00,2025-11-30T21:06:55+00:00,2700
M2,C13,2025-11-30T21:06:55+00:00,2025-12-01T00:21:55+00:00,11700
M2,C13,2025-12-01T00:21:55+00:00,2025-12-01T07:06:55+00:00,24300
M2,C13,2025-12-01T07:06:55+00:00,2025-12-01T10:06:56+00:00,10801
M2,C13,2025-12-01T10:06:56+00:00,2025-12-01T14:06:56+00:00,14400
M2,C13,2025-12-01T14:06:56+00:00,2025-12-01T18:21:56+00:00,15300
M2,C13,2025-12-01T18:21:56+00:00,2025-12-02T01:06:56+00:00,24300
M2,C13,2025-12-02T01:06:56+00:00,2025-12-02T07:51:56+00:00,24300
M2,C13,2025-12-02T07:51:56+00:00,2025-12-02T14:36:56+00:00,24300
M2,C13,2025-12-02T14:36:56+00:00,2025-12-02T21:36:56+00:00,25200
M2,C13,2025-12-02T21:36:56+00:00,2025-12-03T02:06:56+00:00,16200
M2,C13,2025-12-03T02:06:56+00:00,2025-12-03T04:36:56+00:00,9000
M2,C13,2025-12-03T04:36:56+00:00,2025-12-03T07:51:56+00:00,11700
M2,C13,2025-12-03T07:51:56+00:00,2025-12-03T20:21:56+00:00,45000
M2,C13,2025-12-03T20:21:56+00:00,2025-12-03T21:51:56+00:00,5400
M2,C13,2025-12-03T21:51:56+00:00,2025-12-04T07:21:56+00:00,34200
M2,C13,2025-12-04T07:21:56+00:00,2025-12-04T10:06:56+00:00,9900
M2,C13,2025-12-04T10:06:56+00:00,2025-12-04T11:51:56+00:00,6300
M2,C13,2025-12-04T11:51:56+00:00,2025-12-04T22:36:56+00:00,38700
M2,C13,2025-12-04T22:36:56+00:00,2025-12-05T08:06:56+00:00,34200
M2,C13,2025-12-05T08:06:56+00:00,2025-12-05T09:21:56+00:00,4500
M2,C13,2025-12-05T09:21:56+00:00,2025-12-05T15:06:56+00:00,20700
M2,C13,2025-12-05T15:06:56+00:00,2025-12-05T20:21:56+00:00,18900
M2,C13,2025-12-05T20:21:56+00:00,2025-12-06T04:36:56+00:00,29700
M2,C13,2025-12-06T04:36:56+00:00,2025-12-06T09:21:56+00:00,17100
M2,C13,2025-12-06T09:21:56+00:00,2025-12-06T11:21:56+00:00,7200
M2,C13,2025-12-06T11:21:56+00:00,2025-12-06T19:06:56+00:00,27900
M2,C13,2025-12-06T19:06:56+00:00,2025-12-07T05:06:56+00:00,36000
M2,C13,2025-12-07T05:06:56+00:00,2025-12-07T08:06:56+00:00,10800
M2,C13,2025-12-07T08:06:56+00:00,2025-12-08T00:36:57+00:00,59401
M2,C13,2025-12-08T00:36:57+00:00,2025-12-08T06:06:57+00:00,19800
M2,C13,2025-12-08T06:06:57+00:00,2025-12-09T04:51:57+00:00,81900
M2,C13,2025-12-09T04:51:57+00:00,2025-12-09T09:06:57+00:00,15300
M2,C13,2025-12-09T09:06:57+00:00,2025-12-10T06:51:54+00:00,78297
M2,C13,2025-12-10T06:51:54+00:00,2025-12-11T03:51:55+00:00,75601
M2,C13,2025-12-11T03:51:55+00:00,2025-12-11T07:06:55+00:00,11700
M2,C13,2025-12-11T07:06:55+00:00,2025-12-12T01:21:55+00:00,65700
M2,C13,2025-12-12T01:21:55+00:00,2025-12-12T02:06:55+00:00,2700
M2,C13,2025-12-12T02:06:55+00:00,2025-12-13T10:36:55+00:00,117000
M2,C13,2025-12-13T10:36:55+00:00,2025-12-14T03:36:55+00:00,61200
M2,C13,2025-12-14T03:36:55+00:00,2025-12-14T04:21:55+00:00,2700
M2,C13,2025-12-14T04:21:55+00:00,2025-12-14T05:06:55+00:00,2700
M2,C13,2025-12-14T05:06:55+00:00,2025-12-14T05:36:55+00:00,1800
M2,C13,2025-12-14T05:36:55+00:00,2025-12-14T18:21:55+00:00,45900
M2,C13,2025-12-14T18:21:55+00:00,2025-12-14T19:21:55+00:00,3600
M2,C13,2025-12-14T19:21:55+00:00,2025-12-15T00:51:55+00:00,19800
M2,C13,2025-12-15T00:51:55+00:00,2025-12-15T10:06:55+00:00,33300
M2,C13,2025-12-15T10:06:55+00:00,2025-12-15T17:53:55+00:00,28020
M2,C13,2025-12-15T17:53:55+00:00,2025-12-16T03:36:55+00:00,34980
M2,C13,2025-12-16T03:36:55+00:00,2025-12-17T04:21:56+00:00,89101
M2,C13,2025-12-17T04:21:56+00:00,2025-12-17T08:36:56+00:00,15300
M2,C13,2025-12-17T08:36:56+00:00,2025-12-17T10:21:56+00:00,6300
M2,C13,2025-12-17T10:21:56+00:00,2025-12-17T18:06:56+00:00,27900
M2,C13,2025-12-17T18:06:56+00:00,2025-12-18T00:36:56+00:00,23400
M2,C13,2025-12-18T00:36:56+00:00,2025-12-18T02:51:56+00:00,8100
M2,C13,2025-12-18T02:51:56+00:00,2025-12-18T15:36:56+00:00,45900
M2,C13,2025-12-18T15:36:56+00:00,2025-12-19T01:51:56+00:00,36900
M2,C13,2025-12-19T01:51:56+00:00,2025-12-19T02:36:56+00:00,2700
M2,C13,2025-12-19T02:36:56+00:00,2025-12-19T05:21:56+00:00,9900
M2,C13,2025-12-19T05:21:56+00:00,2025-12-19T06:36:56+00:00,4500
M2,C13,2025-12-19T06:36:56+00:00,2025-12-19T07:51:56+00:00,4500
M2,C13,2025-12-19T07:51:56+00:00,2025-12-20T09:36:56+00:00,92700
M2,C13,2025-12-20T09:36:56+00:00,2025-12-20T13:51:56+00:00,15300
M2,C13,2025-12-20T13:51:56+00:00,2025-12-21T00:51:56+00:00,39600
M2,C13,2025-12-21T00:51:56+00:00,2025-12-21T03:36:56+00:00,9900
M2,C13,2025-12-21T03:36:56+00:00,2025-12-21T04:36:56+00:00,3600
M2,C13,2025-12-21T04:36:56+00:00,2025-12-21T12:36:56+00:00,28800
M2,C13,2025-12-21T12:36:56+00:00,2025-12-21T23:21:56+00:00,38700
M2,C13,2025-12-21T23:21:56+00:00,2025-12-22T05:51:56+00:00,23400
M2,C13,2025-12-22T05:51:56+00:00,2025-12-22T08:51:56+00:00,10800
M2,C13,2025-12-22T08:51:56+00:00,2025-12-22T10:21:56+00:00,5400
M2,C13,2025-12-22T10:21:56+00:00,2025-12-22T13:06:57+00:00,9901
M2,C13,2025-12-22T13:06:57+00:00,2025-12-22T13:36:57+00:00,1800
M2,C13,2025-12-22T13:36:57+00:00,2025-12-22T14:51:57+00:00,4500
M2,C13,2025-12-22T14:51:57+00:00,2025-12-23T12:06:55+00:00,76498
M2,C13,2025-12-23T12:06:55+00:00,2025-12-23T13:21:55+00:00,4500
M2,C13,2025-12-23T13:21:55+00:00,2025-12-23T15:36:55+00:00,8100
M2,C13,2025-12-23T15:36:55+00:00,2025-12-23T17:21:55+00:00,6300
M2,C13,2025-12-23T17:21:55+00:00,2025-12-23T18:36:55+00:00,4500
M2,C13,2025-12-23T18:36:55+00:00,2025-12-24T20:06:55+00:00,91800
M2,C13,2025-12-24T20:06:55+00:00,2025-12-24T22:06:55+00:00,7200
M2,C13,2025-12-24T22:06:55+00:00,2025-12-25T12:06:55+00:00,50400
M2,C13,2025-12-25T12:06:55+00:00,2025-12-25T17:06:55+00:00,18000
M2,C13,2025-12-25T17:06:55+00:00,2025-12-26T12:36:55+00:00,70200
M2,C13,2025-12-26T12:36:55+00:00,2025-12-27T02:21:55+00:00,49500
M2,C13,2025-12-27T02:21:55+00:00,2025-12-27T11:36:55+00:00,33300
M2,C13,2025-12-27T11:36:55+00:00,2025-12-27T14:21:55+00:00,9900
M2,C13,2025-12-27T14:21:55+00:00,2025-12-28T01:51:55+00:00,41400
M2,C13,2025-12-28T01:51:55+00:00,2025-12-28T02:36:55+00:00,2700
M2,C13,2025-12-28T02:51:55+00:00,2025-12-28T06:51:55+00:00,14400
M2,C13,2025-12-28T06:51:55+00:00,2025-12-28T11:06:55+00:00,15300
M2,C13,2025-12-28T11:06:55+00:00,2025-12-28T12:06:55+00:00,3600
M2,C13,2025-12-28T12:06:55+00:00,2025-12-28T16:51:55+00:00,17100
M2,C13,2025-12-28T16:51:55+00:00,2025-12-29T01:36:55+00:00,31500
M2,C13,2025-12-29T01:36:55+00:00,2025-12-29T05:36:55+00:00,14400
M2,C13,2025-12-29T05:36:55+00:00,2025-12-29T09:21:55+00:00,13500
M2,C13,2025-12-29T09:21:55+00:00,2025-12-30T08:06:56+00:00,81901
M2,C13,2025-12-30T08:06:56+00:00,2025-12-30T16:21:56+00:00,29700
M2,C13,2025-12-30T16:21:56+00:00,2025-12-31T22:06:56+00:00,107100
M2,C13,2025-12-31T22:06:56+00:00,2026-01-01T03:51:56+00:00,20700
M2,C13,2026-01-01T03:51:56+00:00,2026-01-02T04:51:56+00:00,90000
M2,C13,2026-01-02T04:51:56+00:00,2026-01-02T10:51:56+00:00,21600
M2,C13,2026-01-02T10:51:56+00:00,2026-01-02T12:06:56+00:00,4500
M2,C13,2026-01-02T12:06:56+00:00,2026-01-02T13:51:56+00:00,6300
M2,C13,2026-01-02T13:51:56+00:00,2026-01-02T16:06:56+00:00,8100
M2,C13,2026-01-02T16:06:56+00:00,2026-01-03T01:36:56+00:00,34200
M2,C13,2026-01-03T01:36:56+00:00,2026-01-03T06:51:56+00:00,18900
M2,C13,2026-01-03T06:51:56+00:00,2026-01-03T09:21:56+00:00,9000
M2,C13,2026-01-03T09:21:56+00:00,2026-01-03T09:51:56+00:00,1800
M2,C13,2026-01-03T09:51:56+00:00,2026-01-03T11:51:56+00:00,7200
M2,C13,2026-01-03T11:51:56+00:00,2026-01-03T12:51:56+00:00,3600
M2,C13,2026-01-03T12:51:56+00:00,2026-01-04T01:36:56+00:00,45900
M2,C13,2026-01-04T01:36:56+00:00,2026-01-04T17:21:57+00:00,56701
M2,C13,2026-01-04T17:21:57+00:00,2026-01-05T02:06:57+00:00,31500
M2,C13,2026-01-05T02:06:57+00:00,2026-01-05T03:21:57+00:00,4500
M2,C13,2026-01-05T03:21:57+00:00,2026-01-05T10:51:57+00:00,27000
M2,C13,2026-01-05T10:51:57+00:00,2026-01-05T16:36:54+00:00,20697
M2,C13,2026-01-05T16:36:54+00:00,2026-01-06T03:51:54+00:00,40500
M2,C13,2026-01-06T03:51:54+00:00,2026-01-06T05:21:54+00:00,5400
M2,C13,2026-01-06T05:21:54+00:00,2026-01-06T12:36:55+00:00,26101
M2,C13,2026-01-06T12:36:55+00:00,2026-01-06T14:05:55+00:00,5340
M2,C13,2026-01-06T14:05:55+00:00,2026-01-07T07:06:55+00:00,61260
M2,C13,2026-01-07T07:06:55+00:00,2026-01-07T15:36:55+00:00,30600
M2,C13,2026-01-07T15:36:55+00:00,2026-01-08T04:06:55+00:00,45000
M2,C13,2026-01-08T04:06:55+00:00,2026-01-08T08:06:55+00:00,14400
M2,C13,2026-01-08T08:06:55+00:00,2026-01-08T12:51:55+00:00,17100
M2,C13,2026-01-08T12:51:55+00:00,2026-01-08T20:21:55+00:00,27000
M2,C13,2026-01-08T20:21:55+00:00,2026-01-09T01:36:55+00:00,18900
M2,C13,2026-01-09T01:36:55+00:00,2026-01-09T10:51:55+00:00,33300
M2,C13,2026-01-09T10:51:55+00:00,2026-01-09T14:51:55+00:00,14400
M2,C13,2026-01-09T14:51:55+00:00,2026-01-09T16:06:55+00:00,4500
M2,C13,2026-01-09T16:06:55+00:00,2026-01-10T09:36:55+00:00,63000
M2,C13,2026-01-10T09:36:55+00:00,2026-01-11T06:36:55+00:00,75600
M2,C13,2026-01-11T06:36:55+00:00,2026-01-11T07:06:55+00:00,1800
M2,C13,2026-01-11T07:06:55+00:00,2026-01-12T15:06:56+00:00,115201
M2,C13,2026-01-12T15:06:56+00:00,2026-01-13T05:36:56+00:00,52200
M2,C13,2026-01-13T05:51:56+00:00,2026-01-13T11:21:56+00:00,19800
M2,C13,2026-01-13T11:21:56+00:00,2026-01-13T12:06:56+00:00,2700
M2,C13,2026-01-13T12:06:56+00:00,2026-01-14T06:21:56+00:00,65700
M2,C13,2026-01-14T06:21:56+00:00,2026-01-14T09:36:56+00:00,11700
M2,C13,2026-01-14T09:51:56+00:00,2026-01-14T10:51:56+00:00,3600
M2,C13,2026-01-14T10:51:56+00:00,2026-01-14T14:51:56+00:00,14400
M2,C13,2026-01-14T15:06:56+00:00,2026-01-15T05:21:56+00:00,51300
M2,C13,2026-01-15T05:21:56+00:00,2026-01-16T09:21:56+00:00,100800
M2,C13,2026-01-16T09:21:56+00:00,2026-01-16T12:51:56+00:00,12600
M2,C13,2026-01-16T12:51:56+00:00,2026-01-16T13:21:56+00:00,1800
M2,C13,2026-01-16T13:21:56+00:00,2026-01-17T08:06:56+00:00,67500
M2,C13,2026-01-17T08:06:56+00:00,2026-01-17T14:21:56+00:00,22500
M2,C13,2026-01-17T14:21:56+00:00,2026-01-18T08:51:56+00:00,66600
M2,C13,2026-01-18T08:51:56+00:00,2026-01-18T10:36:56+00:00,6300
M2,C13,2026-01-18T10:36:56+00:00,2026-01-19T11:36:57+00:00,90001
M2,C13,2026-01-19T11:36:57+00:00,2026-01-19T14:51:57+00:00,11700
M2,C13,2026-01-19T14:51:57+00:00,2026-01-20T07:21:55+00:00,59398
M2,C13,2026-01-20T07:21:55+00:00,2026-01-20T07:51:55+00:00,1800
M2,C13,2026-01-20T07:51:55+00:00,2026-01-20T15:51:55+00:00,28800
M2,C13,2026-01-20T15:51:55+00:00,2026-01-21T04:06:55+00:00,44100
M2,C13,2026-01-21T04:06:55+00:00,2026-01-24T05:06:55+00:00,262800
M2,C13,2026-01-24T05:06:55+00:00,2026-01-24T14:21:55+00:00,33300
M2,C13,2026-01-24T14:21:55+00:00,2026-01-25T07:36:55+00:00,62100
M2,C13,2026-01-25T07:36:55+00:00,2026-01-25T08:21:55+00:00,2700
M2,C13,2026-01-25T08:21:55+00:00,2026-01-25T14:51:55+00:00,23400
M2,C13,2026-01-25T14:51:55+00:00,2026-01-25T15:21:55+00:00,1800
M2,C13,2026-01-25T15:21:55+00:00,2026-01-26T03:51:55+00:00,45000
M2,C13,2026-01-26T03:51:55+00:00,2026-01-26T06:06:55+00:00,8100
M2,C13,2026-01-26T06:06:55+00:00,2026-01-26T07:06:56+00:00,3601
M2,C13,2026-01-26T07:06:56+00:00,2026-01-27T03:51:56+00:00,74700
M2,C13,2026-01-27T03:51:56+00:00,2026-01-27T16:36:56+00:00,45900
M2,C13,2026-01-27T16:36:56+00:00,2026-01-28T12:51:56+00:00,72900
M2,C13,2026-01-28T12:51:56+00:00,2026-01-29T16:36:56+00:00,99900
M2,C13,2026-01-29T16:36:56+00:00,2026-01-30T13:21:56+00:00,74700
M2,C13,2026-01-30T13:21:56+00:00,2026-01-30T15:06:56+00:00,6300
M2,C13,2026-01-30T15:06:56+00:00,2026-02-04T10:51:55+00:00,416699
M2,C13,2026-02-04T10:51:55+00:00,2026-02-07T14:51:55+00:00,273600
M2,C13,2026-02-07T15:06:55+00:00,2026-02-08T12:21:55+00:00,76500
M2,C13,2026-02-08T12:21:55+00:00,2026-02-08T15:06:55+00:00,9900
M2,C13,2026-02-08T15:06:55+00:00,2026-02-09T07:51:56+00:00,60301
M2,C13,2026-02-09T07:51:56+00:00,2026-02-12T03:21:56+00:00,243000
M2,C13,2026-02-12T03:21:56+00:00,2026-02-14T10:06:56+00:00,197100
M2,C13,2026-02-14T10:06:56+00:00,2026-02-16T21:21:54+00:00,213298
M2,C13,2026-02-16T21:21:54+00:00,2026-02-16T21:51:54+00:00,1800
M2,C13,2026-02-16T21:51:54+00:00,2026-02-17T12:06:55+00:00,51301
M2,C13,2026-02-17T12:06:55+00:00,2026-02-17T15:06:55+00:00,10800
M2,C13,2026-02-17T15:06:55+00:00,2026-02-18T11:21:55+00:00,72900
M2,C13,2026-02-18T11:21:55+00:00,2026-02-19T04:06:55+00:00,60300
M2,C13,2026-02-19T04:06:55+00:00,2026-02-19T09:51:55+00:00,20700
M2,C13,2026-02-19T09:51:55+00:00,2026-02-19T13:53:55+00:00,14520
M2,C13,2026-02-19T13:53:55+00:00,2026-02-19T15:05:55+00:00,4320
M2,C13,2026-02-19T15:05:55+00:00,2026-02-20T06:21:55+00:00,54960
M2,C13,2026-02-20T06:21:55+00:00,2026-02-20T09:21:55+00:00,10800
M2,C13,2026-02-20T09:21:55+00:00,2026-02-20T09:51:55+00:00,1800
M2,C13,2026-02-20T09:51:55+00:00,2026-02-21T11:21:55+00:00,91800
M2,C13,2026-02-21T11:21:55+00:00,2026-02-22T07:36:55+00:00,72900
M2,C13,2026-02-22T07:36:55+00:00,2026-02-22T15:36:55+00:00,28800
M2,C13,2026-02-22T15:36:55+00:00,2026-02-24T08:06:56+00:00,145801
M2,C13,2026-02-24T08:06:56+00:00,2026-02-25T14:23:56+00:00,109020
